contract_address,chain,current_reason,detection_method,deployer_address,is_contract,is_verified,contract_name,implementation_name,public_tags,private_tags,token_name,token_symbol,token_type,holders_count,market_cap_usd,coingecko_url,deployer_public_tags,deployer_private_tags,preliminary_verdict,deployer_confirmed_count,has_bytecode_cache,bytecode_flags,drain_count,drain_tx_count,drain_ratio,reason_class,deployer_oli_tag_count,phase_b_verdict
0x3b8b8e550997541816882c778ae0ac031e86b5a8,arbitrum,"CONFIRMED TRAP. Received $3,980-$3,985 USDC bait deposits from CONFIRMED OPERATOR 0xe93d64... Deposit traced via alchemy",bytecode_pattern,0xe93d64f3fbc352131e79fc5578cbe44b66697f86,True,False,,,,,,,,,,,,,NEEDS_REVIEW,7,False,,0,0,,other,0,LIKELY_TP_RECIDIVIST
0x79a2f71187dc9fd9b173781e6dd4ff9960f6f61b,arbitrum,"CONFIRMED TRAP. Received $3,980-$3,985 USDC bait deposits from CONFIRMED OPERATOR 0xe93d64... Deposit traced via alchemy",bytecode_pattern,0xe93d64f3fbc352131e79fc5578cbe44b66697f86,True,False,,,,,,,,,,,,,NEEDS_REVIEW,7,False,,0,0,,other,0,LIKELY_TP_RECIDIVIST
0xc8e6a328d094609a97024978657c29920cabf7c3,arbitrum,"CONFIRMED TRAP. Received $3,980-$3,985 USDC bait deposits from CONFIRMED OPERATOR 0xe93d64... Deposit traced via alchemy",bytecode_pattern,0xe93d64f3fbc352131e79fc5578cbe44b66697f86,True,False,,,,,,,,,,,,,NEEDS_REVIEW,7,False,,0,0,,other,0,LIKELY_TP_RECIDIVIST
0x74b9a8351bd725ca3edd654c9728873b8c6f051e,arbitrum,"CONFIRMED TRAP. Received $3,980-$3,985 USDC bait deposits from CONFIRMED OPERATOR 0xe93d64... Deposit traced via alchemy",bytecode_pattern,0xe93d64f3fbc352131e79fc5578cbe44b66697f86,True,False,,,,,,,,,,,,,NEEDS_REVIEW,7,False,,0,0,,other,0,LIKELY_TP_RECIDIVIST
0xc8f28b043feb244c7e9df76af45a68271013a335,arbitrum,"CONFIRMED TRAP. Received $3,980-$3,985 USDC bait deposits from CONFIRMED OPERATOR 0xe93d64... Deposit traced via alchemy",deployer_history,0xe93d64f3fbc352131e79fc5578cbe44b66697f86,True,False,,,,,,,,,,,,,NEEDS_REVIEW,7,False,,0,0,,other,0,LIKELY_TP_RECIDIVIST
0x3e6800980a97038ce5e746cde46c49d45e4966de,arbitrum,"CONFIRMED TRAP. Received $3,980-$3,985 USDC bait deposits from CONFIRMED OPERATOR 0xe93d64... Deposit traced via alchemy",deployer_history,0xe93d64f3fbc352131e79fc5578cbe44b66697f86,True,False,,,,,,,,,,,,,NEEDS_REVIEW,7,False,,0,0,,other,0,LIKELY_TP_RECIDIVIST
0x2aee009112a520ed1cd421acb3b02eb16ffa1f08,arbitrum,Behavioral confirmation: 1 victims trapped (backfill),bytecode_pattern,0x64713a6d5b0d23a0eab27c357d6a32b5c2707941,True,True,MerkleDistributor,,,,,,,,,,,,NEEDS_REVIEW,0,False,,0,0,,behavioral,0,NEEDS_REVIEW
0x7aaf376fe3b1ebce975b19eaf1690fdaef2acb1c,arbitrum,Behavioral confirmation: 1 victims trapped (backfill),bytecode_pattern,0x537e54514200384d8fa9d07fd7213d74845716d0,True,False,,,,,,,,,,,,,NEEDS_REVIEW,2,False,,0,0,,behavioral,0,LIKELY_TP_RECIDIVIST
0xfef64b6b322e381ed3c22e53e3fd89165883479a,base,Behavioral confirmation: 1 victims trapped (backfill),bytecode_pattern,0xc0ffeefeed8b9d271445cf5d1d24d74d2ca4235e,True,False,,,,,,,,,,,,,NEEDS_REVIEW,203,False,,0,0,,behavioral,0,LIKELY_TP_RECIDIVIST
0x7bde2eac44b46d802c2268fef19b2b8489de1ec8,base,Behavioral confirmation: 17 victims trapped (backfill),bytecode_pattern,0xc0ffeefeed8b9d271445cf5d1d24d74d2ca4235e,True,False,,,,,,,,,,,,,LIKELY_TP,203,False,,0,0,,behavioral,0,LIKELY_TP_PHASE_A
0xea7f176179e2286a03327fb253ee39de7c7fedcb,base,Behavioral confirmation: bot 0xc0ffee055fee1b6617322406b897c0f8a8f1dffa trapped in tx 19cacb05aab03e6ff863c827a1a9d91fd1,bytecode_pattern,0xc0ffeefeed8b9d271445cf5d1d24d74d2ca4235e,True,False,,,,,,,,,,,,,NEEDS_REVIEW,203,False,,0,0,,behavioral,0,LIKELY_TP_RECIDIVIST
0xd4d5cd7ccbb0bc27aa02e4efafdb3728c84e6ea2,arbitrum,Behavioral confirmation: 1 victims trapped (backfill),bytecode_pattern,0xa2a01b4a68575280a2de45178e289da717bedb6f,True,False,,,,,,,,,,,,,NEEDS_REVIEW,0,False,,0,0,,behavioral,1,NEEDS_REVIEW
0x14c7c4d922b3780426c563df22a9831a17042f80,arbitrum,Behavioral confirmation: 3 victims trapped (backfill),bytecode_pattern,0x061343b341c94091d40ce9fd8d4cc6c52f4a0718,True,False,,,,,,,,,,,,,LIKELY_TP,0,False,,0,0,,behavioral,0,LIKELY_TP_PHASE_A
0x85bc7c5e3a450cd3d98f6b8dccbe68eb1c9359f9,base,Behavioral confirmation: bot 0x90c11feb8a2bc41eff0b724ebebc06bafa6b587a trapped in tx 65c81a554ea040286941336dc3c1c2f2f8,bytecode_pattern,0x9dbb453ce6d2f0c4dda2c4bc331b542123be60b9,True,True,SCORStaking,,,,SCOR Staking Position,SCORS,ERC-721,112,,,,,LIKELY_FP,,,,,,,,,ALREADY_MIGRATED
0xd4624228cce5baa0814c9e7f666a8a2c83b6f159,base,Behavioral confirmation: 31 victims trapped (backfill),bytecode_pattern,0xe8e0c4883d7196a7de87a6489f6da58212dbe813,True,False,,,,,,,,,,,,,NEEDS_REVIEW,0,False,,0,0,,behavioral,0,NEEDS_REVIEW
0x83d78a13d0609f4a4df164741633530ab815b683,base,Behavioral confirmation: 98 victims trapped (backfill),bytecode_pattern,0xb326d4f70bc0bdb73863971ada970d857f1afc7b,True,False,,,,,,,,,,,,,LIKELY_TP,0,False,,0,0,,behavioral,0,LIKELY_TP_PHASE_A
0x2b7bea9d5501e5c6685c6b4ce8f5f97122ea64aa,arbitrum,Self-loop: deployer 0xb2320e380b475c15b97410c2c294df21c8427bf4 called own contract in reverted tx at block 451876759 (BO,bytecode_pattern,0xb2320e380b475c15b97410c2c294df21c8427bf4,True,False,,,,,,,,,,,,,NEEDS_REVIEW,0,False,,0,0,,self_loop,0,LIKELY_FP_WEAK
0xc751cc77736a1aa87dd349e0fc0252770dbb54ff,base,Behavioral confirmation: 6 victims trapped (backfill),bytecode_pattern,0xca63208f411f61816127b40eaf0dfaa6e5fb9894,True,False,,,,,,,,,,,,,LIKELY_TP,3,False,,0,0,,behavioral,0,LIKELY_TP_PHASE_A
0x201b32f4a87c21f278bae691f35221b47105393f,base,Behavioral confirmation: 9 victims trapped (backfill),bytecode_pattern,0x9f5db1b0436815de051b86a732c3d8ad8877bbef,True,False,xAI V4,,,,xAI V4,xAI,ERC-20,43737,,,,,LIKELY_FP,,,,,,,,,ALREADY_MIGRATED
0x35a1d004473cc0a9f84529e36cf2a5327e4fb364,arbitrum,Behavioral confirmation: 1 victims trapped (backfill),deployer_history,0x01fe747e91062fe9af2328e43cee5faf3d9c5072,True,False,CarrytBTCVault,,,,CarrytBTCVault,cvTBTC,ERC-20,1,,,,,NEEDS_REVIEW,0,False,,0,0,,behavioral,0,NEEDS_REVIEW
0x759267e9c2111e5d44ab9f5e32fec2a36a5a9bec,base,Behavioral confirmation: bot 0xc0ffee7bb4d2ad7f3980d0554a89368c7e3cc2d1 trapped in tx 3de0164ea6d44a3814daecf885a777f1e6,bytecode_pattern,0x604be06b9f6b6663f78e755db0c5965eb2337e3d,True,False,,,,,,,,,,,,,NEEDS_REVIEW,194,False,,0,0,,behavioral,0,LIKELY_TP_RECIDIVIST
0xc3bc6e376159b2825d8cf1aa7c151eee0ba5aafd,base,Behavioral confirmation: 4 victims trapped (backfill),bytecode_pattern,0x888a491ed0a09c9325507aaccead28a099a2104f,True,False,Red Horse,,,,Red Horse,RH,ERC-20,182411,,,,,LIKELY_FP,,,,,,,,,ALREADY_MIGRATED
0x920d356b8910afbb6894f68144637d5e73abc4fc,base,Behavioral confirmation: 10 victims trapped (backfill),bytecode_pattern,0x06538bc2dcf98337244638a89f6cfc6155598f40,True,False,,,,,,,,,,,,,LIKELY_TP,0,False,,0,0,,behavioral,0,LIKELY_TP_PHASE_A
0x564414fb446ea13b95b8bfe642b170f74d746fd9,base,Behavioral confirmation: 20 victims trapped (backfill),bytecode_pattern,0xc0ffeefeed8b9d271445cf5d1d24d74d2ca4235e,True,False,,,,,,,,,,,,,LIKELY_TP,203,False,,0,0,,behavioral,0,LIKELY_TP_PHASE_A
0x12577cf0d8a07363224d6909c54c056a183e13b3,base,Behavioral confirmation: 75 victims trapped (backfill),bytecode_pattern,0x08155ec0cf641720d1e1f66fcaeda8b29f9bbb17,True,True,AgentCoin,,,,AgentCoin,AGENT,ERC-20,171,,,,,LIKELY_FP,,,,,,,,,ALREADY_MIGRATED
0x873c8414e68b21c8f9946fa12cdc728ec30cdc81,base,Behavioral confirmation: 12 victims trapped (backfill),bytecode_pattern,0x98d5cab880db79f6e263b8dcfc85397c7719632e,True,False,Wazabi AI,,,,Wazabi AI,ZAB,ERC-20,177231,,,,,LIKELY_FP,,,,,,,,,ALREADY_MIGRATED
0x59d43b1c09372c9b092e9aba72b882dfd820ffe8,arbitrum,Behavioral confirmation: 1 victims trapped (backfill),bytecode_pattern,0x72e28c7f34100afefc399fcc0ae041b8fe5841ae,True,False,,,,,,,,,,,,,NEEDS_REVIEW,0,False,,0,0,,behavioral,0,NEEDS_REVIEW
0x1794fe17eb780619fad46baf80f7628f7495378b,arbitrum,Behavioral confirmation: bot 0x6b6381f2cad74d84c5822aeb5e2a22912d8b5105 trapped in tx 37061764f05d7f5c6236e4dfdf44704498,bytecode_pattern,0x6a8faa37e4c7d8211032b4a76cd10dc3e2e26dd6,True,True,HTLC,,,,,,,,,,,,NEEDS_REVIEW,0,False,,0,0,,behavioral,0,NEEDS_REVIEW
0x41c19396cf31b68878fade8d75244ec9492f5f1e,base,Behavioral confirmation: bot 0x152cf7c3f12ff2581ea9c0221a78ac122bd2a482 trapped in tx 25fd3b8bbb9211d3496f6af9bf8cb873c4,bytecode_pattern,0x31c798ac8159568d44c7f0c8678bf6fdc4caf57c,True,False,,,,,,,,,,,,,NEEDS_REVIEW,0,False,,0,0,,behavioral,0,NEEDS_REVIEW
0x889e281c2bf319ec21518a89ef8ad5dd49045eae,arbitrum,Self-loop: deployer 0xc0dec76000f6c2d32f23d523748e50ebb5bb34a3 called own contract in reverted tx at block 456486675 (BO,deployer_history,0xc0dec76000f6c2d32f23d523748e50ebb5bb34a3,True,False,,,,,,,,,,,,,NEEDS_REVIEW,28,False,,0,0,,self_loop,0,LIKELY_TP_RECIDIVIST
0xf43ded2fd58bec963ba1e6670f6937a7d2c17387,arbitrum,Behavioral confirmation: 1 victims trapped (backfill),bytecode_pattern,0xb60e6ed28b4563926ad3ac42b35a3cd371db8964,True,False,,,,,,,,,,,,,NEEDS_REVIEW,1,False,,0,0,,behavioral,0,NEEDS_REVIEW
0x18d0bd913a67d69350265193d5849c74865e3d51,base,Behavioral confirmation: 3 victims trapped (backfill),bytecode_pattern,0x7bc72d691953ee2098f4dd227d59e8b08f7c6c18,True,False,,,,,,,,,,,,,LIKELY_TP,0,False,,0,0,,behavioral,0,LIKELY_TP_PHASE_A
0x6623af17c813252cdbe29d062817fd27bd865c35,base,Behavioral confirmation: 1 victims trapped (backfill),bytecode_pattern,0xe1288759446298f250c3bce5616706d25525ba7f,True,False,,,,,,,,,,,,,NEEDS_REVIEW,0,False,,0,0,,behavioral,0,NEEDS_REVIEW
0xef17f86e44d8e2718287da08eb26dcd3953156ce,base,Behavioral confirmation: 5 victims trapped (backfill),bytecode_pattern,0xba1b130f5f6fdd0281287c2461eb559fb827aa62,True,False,,,,,,,,,,,,,LIKELY_TP,0,False,,0,0,,behavioral,0,LIKELY_TP_PHASE_A
0x4d95669469d86800451a02dcb9778c34f3df72e9,base,Behavioral confirmation: 3 victims trapped (backfill),bytecode_pattern,0x09e04d0c15e631e88388a91b005a7b010fc5101f,True,False,,,,,,,,,,,,,LIKELY_TP,0,False,,0,0,,behavioral,0,LIKELY_TP_PHASE_A
0x0eeabcc9fa7d3dc6f78bbafcb5e3db4dbf882592,base,Behavioral confirmation: 10 victims trapped (backfill),deployer_history,0xff13438d3284812af306b065b379f8a303e88e31,True,False,,,,,,,,,,,,,LIKELY_TP,1,False,,0,0,,behavioral,0,LIKELY_TP_PHASE_A
0x620a9fa4f2f0af230273b9845a83e7283b762a57,base,Behavioral confirmation: 17 victims trapped (backfill),deployer_history,0xc0ffeefeed8b9d271445cf5d1d24d74d2ca4235e,True,False,,,,,,,,,,,,,LIKELY_TP,203,False,,0,0,,behavioral,0,LIKELY_TP_PHASE_A
0x31868c48d33586754a1ae04688603221e6af8557,base,Behavioral confirmation: 2 victims trapped (backfill),bytecode_pattern,0x89b97f7c0841144a027700e8744146c997e1e652,True,False,,,,,,,,,,,,,LIKELY_TP,0,False,,0,0,,behavioral,0,LIKELY_TP_PHASE_A
0xd643f93958f264b77fcb360f8a60431e006129b5,base,Self-loop: deployer 0x65acf006a691ae860429d1d13c53a56e5587a8b1 called own contract in reverted tx at block 44664372 (BOT,bytecode_pattern,0x65acf006a691ae860429d1d13c53a56e5587a8b1,True,False,,,,,,,,,,,,,NEEDS_REVIEW,2,False,,0,0,,self_loop,0,LIKELY_TP_RECIDIVIST
0xf2a82dbbde3ef1647fabbd9cdfe8f3165d453363,base,Behavioral confirmation: 16 victims trapped (backfill),deployer_history,0xc0ffeefeed8b9d271445cf5d1d24d74d2ca4235e,True,False,,,,,,,,,,,,,LIKELY_TP,203,False,,0,0,,behavioral,0,LIKELY_TP_PHASE_A
0x39d411e08b571b5fe18bc3effcc7a1d269158e4a,base,Behavioral confirmation: 3 victims trapped (backfill),bytecode_pattern,0xb5ae0b6cb72dcf5180ac2a4c3b77bebef5b42a81,True,True,SuperTrexcoin,,,,SuperTrexcoin,STC,ERC-20,1967,,,,,LIKELY_FP,,,,,,,,,ALREADY_MIGRATED
0x9da33ece6fdf36ecf99e10dbd6ecd0cb529e257e,base,Behavioral confirmation: 275 victims trapped (backfill),bytecode_pattern,0xb5ae0b6cb72dcf5180ac2a4c3b77bebef5b42a81,True,True,STCFinance,,,,,,,,,,,,LIKELY_TP,0,False,,0,0,,behavioral,0,LIKELY_TP_PHASE_A
0x9759ae31f91bad3d0326586d8dfca2ba5869021d,base,Behavioral confirmation: 5 victims trapped (backfill),bytecode_pattern,0x45a55be157a8e25f0836612f32b86b1639c9fc4b,True,False,,,,,,,,,,,,,LIKELY_TP,0,False,,0,0,,behavioral,0,LIKELY_TP_PHASE_A
0x74bb7ed9fe98b9b5f500ada97d2925865d7c41f3,base,Behavioral confirmation: 1 victims trapped (backfill),bytecode_pattern,0x6ac51a706539d4f5a326da2892520180858e25ff,True,False,,,,,,,,,,,,,NEEDS_REVIEW,4,False,,0,0,,behavioral,0,LIKELY_TP_RECIDIVIST
0x9110573feac8dc75a019695642ae232d4a192594,base,Behavioral confirmation: 10 victims trapped (backfill),deployer_history,0xff13438d3284812af306b065b379f8a303e88e31,True,False,,,,,,,,,,,,,LIKELY_TP,1,False,,0,0,,behavioral,0,LIKELY_TP_PHASE_A
0x896cc604408acd4f5c4a22d3bf6cd91a99a6efd2,base,Behavioral confirmation: 8 victims trapped (backfill),bytecode_pattern,0x0817d08d6517cf8ac2266046e793a569e695a5be,True,False,Conter Aluni,,,,Conter Aluni,CRA,ERC-721,525,,,,,LIKELY_FP,,,,,,,,,ALREADY_MIGRATED
0x037966676098bf60b9cfd83657b0dc9394ca04eb,arbitrum,Behavioral confirmation: 1 victims trapped (backfill),bytecode_pattern,0x694434da67976a40cc9e0ebdbfd4a4e6430bc4f5,True,False,,,,,,,,,,,,,NEEDS_REVIEW,0,False,,0,0,,behavioral,0,NEEDS_REVIEW
0xd5c31d203a0b76920c42f2e7b047f097a15217bf,arbitrum,Behavioral confirmation: 77 victims trapped (backfill),bytecode_pattern,0x3e0dfa2b3f6457d837b76d50854840305b3cf4e4,True,False,Cybercab$,,,,Cybercab$,Cybercab$,ERC-20,1381,,,,,LIKELY_FP,,,,,,,,,ALREADY_MIGRATED
0xb6a148cb512771079df8f8f684deb94376437054,base,Behavioral confirmation: bot 0xc0ffee4d39ff644238b26a3f9f193f940f9221cc trapped in tx e350f7d663a9b4f5a746a60f2405d340b7,bytecode_pattern,0x604be06b9f6b6663f78e755db0c5965eb2337e3d,True,False,,,,,,,,,,,,,NEEDS_REVIEW,194,False,,0,0,,behavioral,0,LIKELY_TP_RECIDIVIST
0x275ac7b03bbaefef297758dc26283b2c0c70b55c,base,Behavioral confirmation: 1 victims trapped (backfill),deployer_history,0x89d6dfb232ae56b847f057f601be499b48633d9d,True,False,,,,,,,,,,,,,NEEDS_REVIEW,0,False,,0,0,,behavioral,0,NEEDS_REVIEW
0xf2b2b76e43961872e3c55823b843c52dd5cb149c,base,Behavioral confirmation: 1 victims trapped (backfill),bytecode_pattern,0x8f007f3e4f83a57c34dc4bf19237423665d28dd8,True,False,Mezo,,,,Mezo,MEZO,ERC-20,142230,,,,,LIKELY_FP,,,,,,,,,ALREADY_MIGRATED
0x7709a1e3fe44a0e0c6da02e0801d5e09b92062a8,base,Behavioral confirmation: 6 victims trapped (backfill),bytecode_pattern,0xadb085d8279bf7afad7599d3b8685547b19b2798,True,False,OpenClaw,,,,OpenClaw,OPENCLAW,ERC-20,141225,,,,,LIKELY_FP,,,,,,,,,ALREADY_MIGRATED
0x95fe43c3e131a87695afc4b460af22e6598db887,arbitrum,Behavioral confirmation: 8 victims trapped (backfill),bytecode_pattern,0x4a0acac60321d89e8d4d01fa09318849cb6a586a,True,False,,,,,,,,,,,,,LIKELY_TP,0,False,,0,0,,behavioral,0,LIKELY_TP_PHASE_A
0x80cc07971fa90e2ffb44312005c015364ed7faca,base,Behavioral confirmation: 4 victims trapped (backfill),deployer_history,0xdde988a3f068ee41a19ee792c1616c7158dc9289,True,False,黑洞玩家,,,,黑洞玩家,黑洞玩家,ERC-20,9,,,,,LIKELY_TP,4,False,,0,0,,behavioral,0,LIKELY_TP_PHASE_A
0x0697a11c5378296b246285a4e7e3221c145d94b5,base,Behavioral confirmation: 13 victims trapped (backfill),bytecode_pattern,0x392c564a28d6d87d326e8a385c764355e130418d,True,False,Rax Protocol,,,,Rax Protocol,RAX,ERC-20,102183,,,,,LIKELY_FP,,,,,,,,,ALREADY_MIGRATED
0x1c00e1bb5b33f61b566dcfa0cd8c3dfe0a398642,base,Behavioral confirmation: 2 victims trapped (backfill),deployer_history,0xc0ffeefeed8b9d271445cf5d1d24d74d2ca4235e,True,False,,,,,,,,,,,,,LIKELY_TP,203,False,,0,0,,behavioral,0,LIKELY_TP_PHASE_A
0x35347094e5f53aeed2cc983d89c8db65a5ee8a07,arbitrum,Behavioral confirmation: 1 victims trapped (backfill),deployer_history,0x537e54514200384d8fa9d07fd7213d74845716d0,True,True,TradingBotModule,,,,,,,,,,,,NEEDS_REVIEW,2,False,,0,0,,behavioral,0,LIKELY_TP_RECIDIVIST
0xa8a423bc9c9cb7bc580e2a3c73cf1f870ff0c913,base,Behavioral confirmation: 6 victims trapped (backfill),bytecode_pattern,0xca63208f411f61816127b40eaf0dfaa6e5fb9894,True,False,,,,,,,,,,,,,LIKELY_TP,3,False,,0,0,,behavioral,0,LIKELY_TP_PHASE_A
0xe09f9ead03f315dc62aebd56e5174fc72b42524b,arbitrum,Behavioral confirmation: 1 victims trapped (backfill),bytecode_pattern,0x035fd73bd1583baf23264eee954aeb8d35d74bc1,True,False,,,,,,,,,,,,,NEEDS_REVIEW,1,False,,0,0,,behavioral,0,NEEDS_REVIEW
0xa2e2748f021082f153f6b275fc3ee601a5c7407f,arbitrum,Behavioral confirmation: 1 victims trapped (backfill),bytecode_pattern,0x035fd73bd1583baf23264eee954aeb8d35d74bc1,True,True,ILAlphaVault,,,,IL Alpha Vault,ilALPHA,ERC-20,1,,,,,NEEDS_REVIEW,1,False,,0,0,,behavioral,0,STILL_NEEDS_REVIEW
0xdca48568394a2c34a989018747651aaec96811da,base,Self-loop: deployer 0x241b805ce56835adca7a9ac529974a6b33d4a822 called own contract in reverted tx at block 45306522 (BOT,bytecode_pattern,0x241b805ce56835adca7a9ac529974a6b33d4a822,True,False,,,,,,,,,,,,,NEEDS_REVIEW,0,False,,0,0,,self_loop,0,LIKELY_FP_WEAK
0xeacae674c38314fcfc24acf310f1c35a2ec9f9d6,base,Behavioral confirmation: 1 victims trapped (backfill),bytecode_pattern,0x6ac51a706539d4f5a326da2892520180858e25ff,True,False,,,,,,,,,,,,,NEEDS_REVIEW,4,False,,0,0,,behavioral,0,LIKELY_TP_RECIDIVIST
0x2f4c631db0a17eccda6c69099f173b7a18e53600,base,Behavioral confirmation: 2 victims trapped (backfill),bytecode_pattern,0x4f4a338b169c18d396667e0e03e6eceafe01a8da,True,False,,,,,,,,,,,,,LIKELY_TP,0,False,,0,0,,behavioral,0,LIKELY_TP_PHASE_A
0xf835cc3afd0bc4a8ce3f36a28bbce2302960618d,base,Self-loop: deployer 0xb4a3c10c0b2f14e001c6d3b271a5c64c287472df called own contract in reverted tx at block 44643184 (BOT,bytecode_pattern,0xb4a3c10c0b2f14e001c6d3b271a5c64c287472df,True,False,,,,,,,,,,,,,NEEDS_REVIEW,1,False,,0,0,,self_loop,0,NEEDS_REVIEW
0x258529cceada39823bad6ef54f08574b9f20f53d,base,Behavioral confirmation: 14 victims trapped (backfill),deployer_history,0xc0ffeefeed8b9d271445cf5d1d24d74d2ca4235e,True,False,,,,,,,,,,,,,LIKELY_TP,203,False,,0,0,,behavioral,0,LIKELY_TP_PHASE_A
0x3d13051ed6bd2256926f67cbf3b89a9db3f49edb,arbitrum,Behavioral confirmation: 1 victims trapped (backfill),deployer_history,0xcfd2cbdd49db3cd3a9d2b748c7cd9c354ad18d73,True,False,,,,,,,,,,,,,NEEDS_REVIEW,0,False,,0,0,,behavioral,0,NEEDS_REVIEW
0x89c41264da2511ef9a5dedce91cd5d37de55dfc9,base,Behavioral confirmation: 2 victims trapped (backfill),bytecode_pattern,0x6ac51a706539d4f5a326da2892520180858e25ff,True,False,,,,,,,,,,,,,LIKELY_TP,4,False,,0,0,,behavioral,0,LIKELY_TP_PHASE_A
0xf4d1dc0750d47a365837bf1e43fca71deef7ba0c,base,Behavioral confirmation: 20 victims trapped (backfill),bytecode_pattern,0xca63208f411f61816127b40eaf0dfaa6e5fb9894,True,False,,,,,,,,,,,,,LIKELY_TP,3,False,,0,0,,behavioral,0,LIKELY_TP_PHASE_A
0xc22dd4114814cc176f183888bd646e5d69dfab70,base,Behavioral confirmation: 1 victims trapped (backfill),bytecode_pattern,0x6067643a4f75adf19cc2238eb92ed430d20c86eb,True,False,,,,,,,,,,,,,NEEDS_REVIEW,0,False,,0,0,,behavioral,0,NEEDS_REVIEW
0x6f2a39dd04a9fc3aca94425ad4900ab4b05ea957,base,Behavioral confirmation: 1 victims trapped (backfill),bytecode_pattern,0x08e0ff04c2c956e3c6a188ac27107d9b236aefc9,True,True,RemoteAI,,,,Remote AI,RA,ERC-20,1103,,,,,LIKELY_FP,,,,,,,,,ALREADY_MIGRATED
0x02d331dba8636576ced75e47bbaff27cd98bcf02,base,Behavioral confirmation: 1 victims trapped (backfill),bytecode_pattern,0x402cdb0ce0527787ac85ca93610af03ccba49f99,True,True,SessionKeyValidator,,,,,,,,,,,,NEEDS_REVIEW,0,False,,0,0,,behavioral,0,NEEDS_REVIEW
0xec8a5ffccf0f580f14fc6eefa4869535f043d655,base,Behavioral confirmation: 1 victims trapped (backfill),bytecode_pattern,0xaebd26e8265cce92e10e99072981f2d94c96046a,True,False,,,,,,,,,,,,,NEEDS_REVIEW,0,False,,0,0,,behavioral,0,NEEDS_REVIEW
0x135fb874f0a7a085eac195afd09c9c88c77e1c6e,base,Behavioral confirmation: 5 victims trapped (backfill),bytecode_pattern,0x4e849974ceef0763542d1cc40c7abba21e82cbe3,True,True,CandleCrush,,,,,,,,,,,,LIKELY_TP,0,False,,0,0,,behavioral,0,LIKELY_TP_PHASE_A
0x5c9194009c4657c6b4361aa7cbd7227136b925d2,base,Behavioral confirmation: 20 victims trapped (backfill),bytecode_pattern,0xca63208f411f61816127b40eaf0dfaa6e5fb9894,True,False,,,,,,,,,,,,,LIKELY_TP,3,False,,0,0,,behavioral,0,LIKELY_TP_PHASE_A
0x50e95376b405992578fe973b87ddc5f9f44abb52,base,Behavioral confirmation: 1 victims trapped (backfill),bytecode_pattern,0x58b9018ffc7b38805c8ecde52862ef6d48e03d86,True,True,SafeDebtManager,,,,,,,,,,,,NEEDS_REVIEW,1,False,,0,0,,behavioral,0,NEEDS_REVIEW
0xe1acbdc5b1210e9b57db382082d388a1c518887b,base,Behavioral confirmation: 1 victims trapped (backfill),bytecode_pattern,0x42f06a562e382c5c84d97ce14308c25171508d38,True,False,,,,,,,,,,,,,NEEDS_REVIEW,0,False,,0,0,,behavioral,0,NEEDS_REVIEW
0xb608a3bd7f3dac2569a1660053b95fdc88f187d3,base,Behavioral confirmation: 1 victims trapped (backfill),deployer_history,0x7e4d5e2f07bd00e2a0d149e4d172d72395599fe1,True,False,,,,,,,,,,,,,NEEDS_REVIEW,1,False,,0,0,,behavioral,0,NEEDS_REVIEW
0xe44bedefbe981729b6bbbc7c8ce96bb93d27a253,base,Behavioral confirmation: bot 0x22c807d8185f59a0f4e8048ce0ed527994ec868a trapped in tx f5525edbdccd12889b2de93ec7c9e815ab,deployer_history,0x7e4d5e2f07bd00e2a0d149e4d172d72395599fe1,True,False,,,,,,,,,,,,,NEEDS_REVIEW,1,False,,0,0,,behavioral,0,NEEDS_REVIEW
0xe11675bee1ece3bb09f631f89640288e835105ce,base,Behavioral confirmation: 1 victims trapped (backfill),bytecode_pattern,0x63168494bf909b46bcdbead433dfcb7c328c4594,True,True,DogeBook,,,,DogeBook,DBOOk,ERC-20,1,,,,,NEEDS_REVIEW,0,False,,0,0,,behavioral,0,STILL_NEEDS_REVIEW
0xb4ac2b98c91a2d8bc2afc2c64fc1bf7d846da7ee,base,Behavioral confirmation: 1 victims trapped (backfill),bytecode_pattern,0x982ff6be4aa1d8e79d516840cdb1be47a1b9a3e5,True,False,,,,,,,,,,,,,NEEDS_REVIEW,2,False,,0,0,,behavioral,0,LIKELY_TP_RECIDIVIST
0xfa9694dca692c94c7d70dbbdf1e69d87f5f1179f,base,Behavioral confirmation: 1 victims trapped (backfill),bytecode_pattern,0x75b2bf2818f389f4d8fdb808f3170a910606bdcd,True,False,Scrolls,,,,Scrolls,SCROLL,ERC-721,2,,,,,NEEDS_REVIEW,0,False,,0,0,,behavioral,0,NEEDS_REVIEW
0x3e22ea60a1206a4bfeefbcff04d5e9d0a2d9b3fc,base,Behavioral confirmation: 2 victims trapped (backfill),bytecode_pattern,0x86cc7dc9174b99c524d4930a5ce549033c7373bd,True,True,TicketAutoCompoundVault,,,,,,,,,,,,LIKELY_TP,0,False,,0,0,,behavioral,0,LIKELY_TP_PHASE_A
0xa61c4329368db90aab2c001ebf5e9d01fd6b4995,base,Behavioral confirmation: 2 victims trapped (backfill),deployer_history,0xdde988a3f068ee41a19ee792c1616c7158dc9289,True,False,黑洞玩家,,,,黑洞玩家,黑洞玩家,ERC-20,21,,,,,LIKELY_TP,4,False,,0,0,,behavioral,0,LIKELY_TP_PHASE_A
0x2fae39efa279f93e721cb282d03cb5d45d797e11,base,Behavioral confirmation: 1 victims trapped (backfill),bytecode_pattern,0x53127719c4a3e24aeaa751a6e76055140db80593,True,True,Payroll,,,,,,,,,,,,NEEDS_REVIEW,0,False,,0,0,,behavioral,0,NEEDS_REVIEW
0x1eece2999ea5bcfe28d87393376a8425b00da5bb,base,Behavioral confirmation: 1 victims trapped (backfill),bytecode_pattern,0xaee25670e53e86e1e6247c77fdaaf422a3c55b8d,True,False,,,,,,,,,,,,,NEEDS_REVIEW,1,False,,0,0,,behavioral,0,NEEDS_REVIEW
0x5b324863b28a27b7459485ff958d67c64b93b6b3,arbitrum,Behavioral confirmation: 1 victims trapped (backfill),bytecode_pattern,0xc14ff56e720f79d08413ce00533256433d2ed929,True,False,,,,,,,ERC-1155,6,,,,,NEEDS_REVIEW,0,False,,0,0,,behavioral,0,NEEDS_REVIEW
0x248d0105ec632505c797bba8f19f4787f0debd64,arbitrum,Behavioral confirmation: 4 victims trapped (backfill),deployer_history,0xda977393363d166e9e0441bc2e2d02bc1b53f38f,,,,,,,,,,,,,,,LIKELY_TP,1,False,,0,0,,behavioral,0,LIKELY_TP_PHASE_A
0xd833eba05b094dedcbf764c669d21b45942af6ce,base,Behavioral confirmation: 1 victims trapped (backfill),bytecode_pattern,0xb60e6ed28b4563926ad3ac42b35a3cd371db8964,True,False,,,,,,,,,,,,,NEEDS_REVIEW,1,False,,0,0,,behavioral,0,NEEDS_REVIEW
0x9c5ef32f2da0fb43623c5febfb94d6e0d54926d9,base,Behavioral confirmation: 22 victims trapped (backfill),deployer_history,0xc0ffeefeed8b9d271445cf5d1d24d74d2ca4235e,True,False,,,,,,,,,,,,,LIKELY_TP,203,False,,0,0,,behavioral,0,LIKELY_TP_PHASE_A
0x17ed729889beac74eaf0e5327ff31fec6e909b58,base,Behavioral confirmation: 11 victims trapped (backfill),deployer_history,0xc0ffeefeed8b9d271445cf5d1d24d74d2ca4235e,True,False,,,,,,,,,,,,,NEEDS_REVIEW,203,False,,0,0,,behavioral,0,LIKELY_TP_RECIDIVIST
0xc29a9398c885c2dc0298e9dfd08eafc6baf24bd5,base,Behavioral confirmation: bot 0xc0ffee90c2cfa398e0af37eeadb39d200e331eec trapped in tx e9c7e5193e1a1c34fe40d124bd5e4f3fcb,bytecode_pattern,0x604be06b9f6b6663f78e755db0c5965eb2337e3d,True,False,,,,,,,,,,,,,NEEDS_REVIEW,194,False,,0,0,,behavioral,0,LIKELY_TP_RECIDIVIST
0xacd4d6f4ea54045e4ca21e23ae423700d95aeaa2,base,Behavioral confirmation: bot 0xe83f75907fb4c575414fa6f5cfe8cef24dc5870c trapped in tx 6a127939546b30c4d00ac26b981d466319,bytecode_pattern,0x93cea69f92b7c29d4ada11edb9cc12c75e0bcb85,True,True,OpenGradientOFTAdapter,,,,,,,,,,,,NEEDS_REVIEW,0,False,,0,0,,behavioral,0,NEEDS_REVIEW
0x7ce3b8f59c645aede72fc4a2bb9da436f5fa3f36,base,Behavioral confirmation: bot 0x5dd6055dd587eceedc9023cb138226c88f27b3f2 trapped in tx eff476c350e3794e11a0ac083dcfbc562d,bytecode_pattern,0x0035fe64d752554e22e5554d50de532054e19619,True,False,,,,,,,,,,,,,NEEDS_REVIEW,0,False,,0,0,,behavioral,0,NEEDS_REVIEW
0x059bf2a87e4d206f85e0a25b505e916c6d10a23c,base,Behavioral confirmation: 1 victims trapped (backfill),bytecode_pattern,0x4a4bda7a0dfea01da654c060550726631dc0528c,True,False,FORGO CATS,,,,FORGO CATS,FC,ERC-721,483,,,,,LIKELY_FP,,,,,,,,,ALREADY_MIGRATED
0x93219858bb3c51d6a80cd226325f2957b3d9b35d,base,Behavioral confirmation: 1 victims trapped (backfill),bytecode_pattern,0x604be06b9f6b6663f78e755db0c5965eb2337e3d,True,False,,,,,,,,,,,,,NEEDS_REVIEW,194,False,,0,0,,behavioral,0,LIKELY_TP_RECIDIVIST
0x34b9503bc54ce6fc471d8bb01bedffcc3c0f8cac,base,Behavioral confirmation: 1 victims trapped (backfill),deployer_history,0xdde988a3f068ee41a19ee792c1616c7158dc9289,True,False,黑洞玩家,,,,黑洞玩家,黑洞玩家,ERC-20,3,,,,,NEEDS_REVIEW,4,False,,0,0,,behavioral,0,LIKELY_TP_RECIDIVIST
0x8296a211ae401b99003d56a268d1d6c733f2af4f,base,Behavioral confirmation: 2 victims trapped (backfill),deployer_history,0xc0ffeefeed8b9d271445cf5d1d24d74d2ca4235e,True,False,,,,,,,,,,,,,LIKELY_TP,203,False,,0,0,,behavioral,0,LIKELY_TP_PHASE_A
0x98b731e33755f2603832b0f15ef51b4f54a6c569,base,Behavioral confirmation: 1 victims trapped (backfill),bytecode_pattern,0x1b49c2d6fd7e4f7d9e59e0e209839325069c907b,True,False,edgeX,,,,edgeX,EDGE,ERC-20,194992,,,,,LIKELY_FP,,,,,,,,,ALREADY_MIGRATED
0x54a039565766285ff1b96ca11e4afc47f8610a75,base,Behavioral confirmation: 5 victims trapped (backfill),bytecode_pattern,0x9c8d16674c952d1eae4d8aa6082defc54f54a3d3,True,False,,,,,,,,,,,,,LIKELY_TP,0,False,,0,0,,behavioral,0,LIKELY_TP_PHASE_A
0x7e29e593e16ce1adc1f67d07afd1ea425af5ef15,base,Behavioral confirmation: bot 0xc0ffeeaf9aadcf05e268383dd2c96466b0ccca59 trapped in tx c5bfe2ab8658b1edc8eca6ae5273738bf6,bytecode_pattern,0x604be06b9f6b6663f78e755db0c5965eb2337e3d,True,False,,,,,,,,,,,,,NEEDS_REVIEW,194,False,,0,0,,behavioral,0,LIKELY_TP_RECIDIVIST
0x0e94ec9b041fce4d41489294968eef995f070b2c,base,Behavioral confirmation: 1 victims trapped (backfill),bytecode_pattern,0x21acc28a0c036f3c3e50ec946687c623c40448d5,True,False,,,,,,,,,,,,,NEEDS_REVIEW,0,False,,0,0,,behavioral,0,NEEDS_REVIEW
0xf4da0778ed7fdc241b68ed0f0677bf2aa5af1135,base,Behavioral confirmation: 1 victims trapped (backfill),bytecode_pattern,0x6aaca9512ef1da6c410379dd9eff8abb15d6288b,True,True,OffchainGacha,,,,,,,,,,,,NEEDS_REVIEW,0,False,,0,0,,behavioral,0,NEEDS_REVIEW
0xba68e9c9dc219c904d99904a01b2ca6d3922096f,base,Behavioral confirmation: 1 victims trapped (backfill),bytecode_pattern,0x8f60fa5a89b9aa01ba6b32ca1641e69ae8d0bafb,True,False,,,,,,,,,,,,,NEEDS_REVIEW,0,False,,0,0,,behavioral,0,NEEDS_REVIEW
0x5e8c44c8c86e709187616e16893ddef3d165e9e8,base,Behavioral confirmation: 100 victims trapped (backfill),bytecode_pattern,0xaee25670e53e86e1e6247c77fdaaf422a3c55b8d,True,False,,,,,,,,,,,,,LIKELY_TP,1,False,,0,0,,behavioral,0,LIKELY_TP_PHASE_A
0xdba221b66200887e1eb488ac1165efbdfd159076,arbitrum,Behavioral confirmation: bot 0x9d6dc40275a457d35e038ff24b8e2943419583b1 trapped in tx bef956e3709ae3e79d01b1715791459371,deployer_history,0xbd411a8402c7c28c7d21cabd0c274821b6cb70a8,True,False,,,,,,,,,,,,,NEEDS_REVIEW,3,False,,0,0,,behavioral,0,LIKELY_TP_RECIDIVIST
0xe0bacc1aea35c25632e5435b43824608da94c4c9,arbitrum,Behavioral confirmation: 8 victims trapped (backfill),deployer_history,0xbd411a8402c7c28c7d21cabd0c274821b6cb70a8,True,False,,,,,,,,,,,,,LIKELY_TP,3,False,,0,0,,behavioral,0,LIKELY_TP_PHASE_A
0x85381985b55da636ed8267ec369af109c39d380f,arbitrum,Behavioral confirmation: 8 victims trapped (backfill),deployer_history,0xbd411a8402c7c28c7d21cabd0c274821b6cb70a8,True,False,,,,,,,,,,,,,LIKELY_TP,3,False,,0,0,,behavioral,0,LIKELY_TP_PHASE_A
0x14ce02d22eeda02653538b3991794f2094a87056,arbitrum,Behavioral confirmation: 1 victims trapped (backfill),deployer_history,0xbd411a8402c7c28c7d21cabd0c274821b6cb70a8,True,False,,,,,,,,,,,,,NEEDS_REVIEW,3,False,,0,0,,behavioral,0,LIKELY_TP_RECIDIVIST
0xbb6bab355567679683f7bd4872d21892ff28d991,arbitrum,Behavioral confirmation: 1 victims trapped (backfill),bytecode_pattern,0xb3b68b764338998d342bfce36d8aa3307d70e3c4,True,True,StakingDinamicoGainovo,,,,,,,,,,,,NEEDS_REVIEW,0,False,,0,0,,behavioral,0,NEEDS_REVIEW
0x2fcb319e923eac9a047de8a96dfef590c0473584,base,Behavioral confirmation: 1 victims trapped (backfill),deployer_history,0xc0ffeefeed8b9d271445cf5d1d24d74d2ca4235e,True,False,,,,,,,,,,,,,NEEDS_REVIEW,203,False,,0,0,,behavioral,0,LIKELY_TP_RECIDIVIST
0x460e697e347deb1c31779263182c450828c07134,base,Behavioral confirmation: bot 0xe95f2e2f470286e01c26acf5fe773a1bba84a513 trapped in tx d7aa1cabf67bbbb85c5b3ea58196aeb974,bytecode_pattern,0xd9fc333accfa566bf1b21c1dc3b959f2bb6640c1,True,False,,,,,,,,,,,,,NEEDS_REVIEW,4,False,,0,0,,behavioral,0,LIKELY_TP_RECIDIVIST
0xc1a952cdeb86fde75b49014bc819367b00aa13a9,base,Behavioral confirmation: 1 victims trapped (backfill),bytecode_pattern,0xa35a1797ebd717c6ed4ec7c6745c85d668cd87ee,True,True,ApiipBilling,,,,,,,,,,,,NEEDS_REVIEW,0,False,,0,0,,behavioral,0,NEEDS_REVIEW
0x6cd1c5d0c2f24ce95eb37aff80c45ffd5e25297e,base,Behavioral confirmation: 1 victims trapped (backfill),bytecode_pattern,0x4bc075967dd9652b601192cf5a31963408cfe3a1,True,False,,,,,,,,,,,,,NEEDS_REVIEW,1,False,,0,0,,behavioral,0,NEEDS_REVIEW
0x9d87d0df9c0ed55f752659939cfac422e064549b,base,Behavioral confirmation: 2 victims trapped (backfill),bytecode_pattern,0x669476d352d74954363424508dae4fb9ea02a8a0,True,False,,,,,,,,,,,,,LIKELY_TP,3,False,,0,0,,behavioral,0,LIKELY_TP_PHASE_A
0x9871da1eb8e428647a28852aa81412f515856241,base,Behavioral confirmation: 1 victims trapped (backfill),bytecode_pattern,0x604be06b9f6b6663f78e755db0c5965eb2337e3d,True,False,,,,,,,,,,,,,NEEDS_REVIEW,194,False,,0,0,,behavioral,0,LIKELY_TP_RECIDIVIST
0x65e0c2f55cc17bd538bd8defdc1a29ab1abde8e0,base,Behavioral confirmation: 17 victims trapped (backfill),deployer_history,0xc0ffeefeed8b9d271445cf5d1d24d74d2ca4235e,True,False,,,,,,,,,,,,,LIKELY_TP,203,False,,0,0,,behavioral,0,LIKELY_TP_PHASE_A
0x87468922336d06fa8aefeacd6db752377d209e38,base,Behavioral confirmation: 1 victims trapped (backfill),bytecode_pattern,0x714727fa26f632afff8cff56258278fb72f896a0,True,False,,,,,,,,,,,,,NEEDS_REVIEW,0,False,,0,0,,behavioral,0,NEEDS_REVIEW
0x4c2153be39af4ce48261a79c05346f9cb562cd67,arbitrum,Behavioral confirmation: 9 victims trapped (backfill),bytecode_pattern,0x6c366b53978c5757a7501f8c765595bdc0f389db,True,False,Nevermined,,,,Nevermined,NEVED,ERC-20,2249,,,,,LIKELY_FP,,,,,,,,,ALREADY_MIGRATED
0x964040ab610add67eb308de2142fe9b2fb55d8be,base,Behavioral confirmation: bot 0xc0ffee00010d3d8b59319624a982f6703eaa33ad trapped in tx ce0a18b032a08b54a0513064649db5ce23,bytecode_pattern,0x604be06b9f6b6663f78e755db0c5965eb2337e3d,True,False,,,,,,,,,,,,,NEEDS_REVIEW,194,False,,0,0,,behavioral,0,LIKELY_TP_RECIDIVIST
0x0becff4493c39ecf65c6c7e0bc2433ad16859450,base,Behavioral confirmation: 19 victims trapped (backfill),bytecode_pattern,0xa6dfcd2f7a024d69bd6cbeb26571f1e22890905f,True,False,Smashers,,,,Smashers,SMSHR,ERC-721,1162,,,,,LIKELY_FP,,,,,,,,,ALREADY_MIGRATED
0xdff2e3b033862299fbea5df30c5c1654f68a3ade,base,Behavioral confirmation: 6 victims trapped (backfill),deployer_history,0xc0ffeefeed8b9d271445cf5d1d24d74d2ca4235e,True,False,,,,,,,,,,,,,LIKELY_TP,203,False,,0,0,,behavioral,0,LIKELY_TP_PHASE_A
0xedfc1a1fc08b48faca8db52d7714499475612f41,base,Behavioral confirmation: 36 victims trapped (backfill),deployer_history,0xc0ffeefeed8b9d271445cf5d1d24d74d2ca4235e,True,False,,,,,,,,,,,,,LIKELY_TP,203,False,,0,0,,behavioral,0,LIKELY_TP_PHASE_A
0x49409fa33311fbd38b2265bd54810f19bcd75597,base,Behavioral confirmation: bot 0xc0ffee818c9cd2b6e75754e94e0aad291c4db95e trapped in tx 00d393ce12747603ce7fb8aa7332e1cd44,bytecode_pattern,0x604be06b9f6b6663f78e755db0c5965eb2337e3d,True,False,,,,,,,,,,,,,NEEDS_REVIEW,194,False,,0,0,,behavioral,0,LIKELY_TP_RECIDIVIST
0xaf0447c0652c14a1b3fb93c08c1c69ea3f0b7f65,base,Behavioral confirmation: bot 0xc0ffee31b1c8c3427a9ed9373bef867fc895d966 trapped in tx 6d97ce28bf4159eb7a6be527ee2645db6f,bytecode_pattern,0x604be06b9f6b6663f78e755db0c5965eb2337e3d,True,False,,,,,,,,,,,,,NEEDS_REVIEW,194,False,,0,0,,behavioral,0,LIKELY_TP_RECIDIVIST
0x6ed65974cf1714ff610e663b3a00f98b6cb106ff,base,Behavioral confirmation: bot 0xc0ffeefc90fa1d10dc11b15697b39eb60af4a4a9 trapped in tx 64fc3faf2bef66c874cf9d76e987be9ab4,bytecode_pattern,0x604be06b9f6b6663f78e755db0c5965eb2337e3d,True,False,,,,,,,,,,,,,NEEDS_REVIEW,194,False,,0,0,,behavioral,0,LIKELY_TP_RECIDIVIST
0x5163cbbc1ebb53198e265f19bcc561feb97afaeb,base,Behavioral confirmation: bot 0xc0ffee49332f85fbc89fb1bfaa14d13bf42e8da9 trapped in tx 91c72f883a386251516f82e7edeae7d1e4,bytecode_pattern,0x604be06b9f6b6663f78e755db0c5965eb2337e3d,True,False,,,,,,,,,,,,,NEEDS_REVIEW,194,False,,0,0,,behavioral,0,LIKELY_TP_RECIDIVIST
0xc316baaa17e2fbdf0588451204e63d464b15cef1,base,Behavioral confirmation: bot 0xc0ffee2d423e04e42a02018b71455753878d9de2 trapped in tx 17f560ecb43bcc5fbf77d9b32ecc01b25e,deployer_history,0xc0ffeefeed8b9d271445cf5d1d24d74d2ca4235e,True,False,,,,,,,,,,,,,NEEDS_REVIEW,203,False,,0,0,,behavioral,0,LIKELY_TP_RECIDIVIST
0x546a310711b9be74e63a8373a96079ca566f88d8,base,Behavioral confirmation: bot 0xc0ffee31b1c8c3427a9ed9373bef867fc895d966 trapped in tx 226fb37de1a07aa6f35fdd8065cc5fffbb,bytecode_pattern,0x604be06b9f6b6663f78e755db0c5965eb2337e3d,True,False,,,,,,,,,,,,,NEEDS_REVIEW,194,False,,0,0,,behavioral,0,LIKELY_TP_RECIDIVIST
0x24113acbdc655b39bb4a3e908e5de2508ebb9c17,base,Behavioral confirmation: 3 victims trapped (backfill),deployer_history,0xc0ffeefeed8b9d271445cf5d1d24d74d2ca4235e,True,False,,,,,,,,,,,,,LIKELY_TP,203,False,,0,0,,behavioral,0,LIKELY_TP_PHASE_A
0xdb977508db17a2b4aa5546d5f97576e665e8e2b6,base,Behavioral confirmation: bot 0xc0ffee49332f85fbc89fb1bfaa14d13bf42e8da9 trapped in tx 5d02214ae501a6b9b0f7645b81298acc34,bytecode_pattern,0x604be06b9f6b6663f78e755db0c5965eb2337e3d,True,False,,,,,,,,,,,,,NEEDS_REVIEW,194,False,,0,0,,behavioral,0,LIKELY_TP_RECIDIVIST
0x6c40d1f8df394716ba5508526abf2acb0144c7a6,base,Behavioral confirmation: 4 victims trapped (backfill),deployer_history,0xc0ffeefeed8b9d271445cf5d1d24d74d2ca4235e,True,False,,,,,,,,,,,,,LIKELY_TP,203,False,,0,0,,behavioral,0,LIKELY_TP_PHASE_A
0x61b62dddf2911365ac3c891ca7728db93389170c,base,Behavioral confirmation: 1 victims trapped (backfill),bytecode_pattern,0x6ac51a706539d4f5a326da2892520180858e25ff,True,False,,,,,,,,,,,,,NEEDS_REVIEW,4,False,,0,0,,behavioral,0,LIKELY_TP_RECIDIVIST
0x1d8f51d546f20caa903bf0f4381060a3afe8017f,base,Behavioral confirmation: 15 victims trapped (backfill),deployer_history,0xc0ffeefeed8b9d271445cf5d1d24d74d2ca4235e,True,False,,,,,,,,,,,,,LIKELY_TP,203,False,,0,0,,behavioral,0,LIKELY_TP_PHASE_A
0xb3617fbd3cfb9a7d505cb79850013b0751682da0,base,Behavioral confirmation: 2 victims trapped (backfill),deployer_history,0xc0ffeefeed8b9d271445cf5d1d24d74d2ca4235e,True,False,,,,,,,,,,,,,LIKELY_TP,203,False,,0,0,,behavioral,0,LIKELY_TP_PHASE_A
0x253d7425a92b8859c7eb6601a7e7030da6e324a3,base,Behavioral confirmation: 1 victims trapped (backfill),bytecode_pattern,0x982ff6be4aa1d8e79d516840cdb1be47a1b9a3e5,True,False,,,,,,,,,,,,,NEEDS_REVIEW,2,False,,0,0,,behavioral,0,LIKELY_TP_RECIDIVIST
0x857eacf53d1fdd5c83e3295ad95db97e36ed847e,arbitrum,Behavioral confirmation: 1 victims trapped (backfill),bytecode_pattern,0xa607513f2b3a36e1e845086cbe713d8b7b91322d,,,,,,,,,,,,,,,NEEDS_REVIEW,0,False,,0,0,,behavioral,0,NEEDS_REVIEW
0x1c1f4a2b7a1376508cc4888b44dd9a571f065781,base,Behavioral confirmation: 2 victims trapped (backfill),bytecode_pattern,0xd77833089eda252dd457484bd39f4bf493f4ad5c,True,False,,,,,,,,,,,,,LIKELY_TP,6,False,,0,0,,behavioral,0,LIKELY_TP_PHASE_A
0x8f704bd1841947d736e0d0b2378dd442f4d28f2d,base,Behavioral confirmation: 2 victims trapped (backfill),bytecode_pattern,0xd77833089eda252dd457484bd39f4bf493f4ad5c,True,False,,,,,,,,,,,,,LIKELY_TP,6,False,,0,0,,behavioral,0,LIKELY_TP_PHASE_A
0xf2555a698dfc0a6ce3252aa1b318ad61cdcd4a12,base,Behavioral confirmation: 2 victims trapped (backfill),bytecode_pattern,0xd77833089eda252dd457484bd39f4bf493f4ad5c,True,False,,,,,,,,,,,,,LIKELY_TP,6,False,,0,0,,behavioral,0,LIKELY_TP_PHASE_A
0x3631b9a65e3fb6976fbd94ede2307fd0f58a0c47,base,Behavioral confirmation: bot 0xc0ffee64a11078fcba57b4ffb7805f9e7ad3a3b9 trapped in tx 2b2871df7baad6e7946f69583208b115d0,bytecode_pattern,0x604be06b9f6b6663f78e755db0c5965eb2337e3d,True,False,,,,,,,,,,,,,NEEDS_REVIEW,194,False,,0,0,,behavioral,0,LIKELY_TP_RECIDIVIST
0x20e800380c040dc38b2bafa8b8395f5094b6c819,base,Self-loop: deployer 0xd77833089eda252dd457484bd39f4bf493f4ad5c called own contract in reverted tx at block 45597202 (BOT,bytecode_pattern,0xd77833089eda252dd457484bd39f4bf493f4ad5c,True,False,,,,,,,,,,,,,NEEDS_REVIEW,6,False,,0,0,,self_loop,0,LIKELY_TP_RECIDIVIST
0x423e04ae26709bbc087e9329952d6ca7cc1ce7c5,base,Behavioral confirmation: bot 0xc0ffee2e2e109a7321aa17f364a5425e48e1b219 trapped in tx 721abd66795aa9ffd2c6dbceb36b91d90a,bytecode_pattern,0x604be06b9f6b6663f78e755db0c5965eb2337e3d,True,False,,,,,,,,,,,,,NEEDS_REVIEW,194,False,,0,0,,behavioral,0,LIKELY_TP_RECIDIVIST
0xe5006383e2f8f1ad723c7f8d5102bd062198e59c,base,Behavioral confirmation: bot 0xa46d212671c30d665c8f5c67f114c2996fec8bae trapped in tx fe12f8740eaed928c6c89e48a173037f13,bytecode_pattern,0x147b8869655bc09f226955cc676ff78efe240ca8,True,True,LuchamonBattleWrapper,,,,,,,,,,,,NEEDS_REVIEW,0,False,,0,0,,behavioral,1,NEEDS_REVIEW
0xdb5da8cdd0f6b0a3bee948e1776fa5ef16055ecc,base,Behavioral confirmation: 6 victims trapped (backfill),deployer_history,0xc0ffeefeed8b9d271445cf5d1d24d74d2ca4235e,True,False,,,,,,,,,,,,,LIKELY_TP,203,False,,0,0,,behavioral,0,LIKELY_TP_PHASE_A
0x43aed6fb3e83060edf6c0f178c4a99a85bde78af,base,Behavioral confirmation: 1 victims trapped (backfill),bytecode_pattern,0x6ac51a706539d4f5a326da2892520180858e25ff,True,True,StrikeArb,,,,,,,,,,,,NEEDS_REVIEW,4,False,,0,0,,behavioral,0,LIKELY_TP_RECIDIVIST
0x34abd470eb81f8fa9e08fb725a198bc94246868c,base,Behavioral confirmation: bot 0xc0ffeefa70c63f3d2adf52222ccdb03ab2e27fd2 trapped in tx a3d587d4ef720bcd95328b6bf68d063e28,deployer_history,0xc0ffeefeed8b9d271445cf5d1d24d74d2ca4235e,True,False,,,,,,,,,,,,,NEEDS_REVIEW,203,False,,0,0,,behavioral,0,LIKELY_TP_RECIDIVIST
0x03f22a34ddd39dd51ced6ad697e3e4053206d673,base,Behavioral confirmation: 6 victims trapped (backfill),deployer_history,0xc0ffeefeed8b9d271445cf5d1d24d74d2ca4235e,True,False,,,,,,,,,,,,,LIKELY_TP,203,False,,0,0,,behavioral,0,LIKELY_TP_PHASE_A
0xf2766fd5e706d659163432eaecd4093c64b85d72,base,Behavioral confirmation: 4 victims trapped (backfill),deployer_history,0xc0ffeefeed8b9d271445cf5d1d24d74d2ca4235e,True,False,,,,,,,,,,,,,LIKELY_TP,203,False,,0,0,,behavioral,0,LIKELY_TP_PHASE_A
0x143e85e7dc7b7dfd92d596c349d070821850fec6,base,Behavioral confirmation: bot 0xc0ffee2af556f31a749146d79bbd2135ceca0e56 trapped in tx 3d15b53645b0f43ff2f578eb42742ce5b0,deployer_history,0xc0ffeefeed8b9d271445cf5d1d24d74d2ca4235e,True,False,,,,,,,,,,,,,NEEDS_REVIEW,203,False,,0,0,,behavioral,0,LIKELY_TP_RECIDIVIST
0x99996abcdb3c79526c4e786b92063d2f5c10fd17,base,Behavioral confirmation: bot 0xc0ffee48945a9518b0b543a2c59dfb102221fbb7 trapped in tx fa4ef9ebe1bb9d4ef7a8e36c30bb81b72c,deployer_history,0xc0ffeefeed8b9d271445cf5d1d24d74d2ca4235e,True,False,,,,,,,,,,,,,NEEDS_REVIEW,203,False,,0,0,,behavioral,0,LIKELY_TP_RECIDIVIST
0xa0fab16d0d48c0fdc633625f59c231e6b4ab1efb,base,Behavioral confirmation: 7 victims trapped (backfill),deployer_history,0xc0ffeefeed8b9d271445cf5d1d24d74d2ca4235e,True,False,,,,,,,,,,,,,LIKELY_TP,203,False,,0,0,,behavioral,0,LIKELY_TP_PHASE_A
0xc0f1214b2138ccb0e6109e8257da1bb693c57dad,base,Behavioral confirmation: bot 0xc0ffee884426f7c2e6d61b8b6ae8927c4c40ff5e trapped in tx b52ad952c7c6aeeeef0a0735e005ed985c,bytecode_pattern,0x604be06b9f6b6663f78e755db0c5965eb2337e3d,True,False,,,,,,,,,,,,,NEEDS_REVIEW,194,False,,0,0,,behavioral,0,LIKELY_TP_RECIDIVIST
0x174f2def6d630315d1e503e30aedfa182010985f,base,Behavioral confirmation: bot 0xc0ffee29315bafc6117fe7887a0468bad71c8424 trapped in tx 4e50ec355260b7c881070b91db840e37fe,bytecode_pattern,0x604be06b9f6b6663f78e755db0c5965eb2337e3d,True,False,,,,,,,,,,,,,NEEDS_REVIEW,194,False,,0,0,,behavioral,0,LIKELY_TP_RECIDIVIST
0xe949de83f860732c9fdbe12809cc15f5bc0eba68,base,Behavioral confirmation: 1 victims trapped (backfill),bytecode_pattern,0x224dc27ebd9aea419e3d5979e65ef459b3defe48,True,False,Backpack,,,,Backpack,BP,ERC-20,113357,,,,,LIKELY_FP,,,,,,,,,ALREADY_MIGRATED
0x591527825acde94ffb4f1a318897427179e301dc,arbitrum,Behavioral confirmation: bot 0x854a1eebadf3263371261e362d45a98e355e8fd3 trapped in tx 20c42dead51701590b220bc1016793dcb6,bytecode_pattern,0xdacf4cac09c6934cc8141640962f6776dc94e310,True,False,,,,,,,,,,,,,NEEDS_REVIEW,0,False,,0,0,,behavioral,0,NEEDS_REVIEW
0x7b0919cc26c909714487d5db4639e048db24e58c,base,Behavioral confirmation: bot 0xc0ffeebd01000ea2bdd2851b2ff2534f2da1c9b3 trapped in tx 068d1f9b18e4944c77fb5c747c2ce248b6,deployer_history,0xc0ffeefeed8b9d271445cf5d1d24d74d2ca4235e,True,False,,,,,,,,,,,,,NEEDS_REVIEW,203,False,,0,0,,behavioral,0,LIKELY_TP_RECIDIVIST
0xa64b570762cc0e99109615ffbf8e4f4a3a305f43,base,Behavioral confirmation: bot 0xc0ffee62570f490c781b24e3c3e29b5f94c726a3 trapped in tx f160808b202eeabbf9c890bbd66ca1f824,bytecode_pattern,0x604be06b9f6b6663f78e755db0c5965eb2337e3d,True,False,,,,,,,,,,,,,NEEDS_REVIEW,194,False,,0,0,,behavioral,0,LIKELY_TP_RECIDIVIST
0x7910b37100b819a9e30af77d6603dedb909e0e25,base,Behavioral confirmation: bot 0xc0ffeeec990e2e50d1589bc9120769455a104d6d trapped in tx da37ab5eb25229fab670dc255efddb283e,bytecode_pattern,0x604be06b9f6b6663f78e755db0c5965eb2337e3d,True,False,,,,,,,,,,,,,NEEDS_REVIEW,194,False,,0,0,,behavioral,0,LIKELY_TP_RECIDIVIST
0x725f5fa6ebee2a56754a31daeb8bad3250be3344,base,Behavioral confirmation: 9 victims trapped (backfill),deployer_history,0xc0ffeefeed8b9d271445cf5d1d24d74d2ca4235e,True,False,,,,,,,,,,,,,LIKELY_TP,203,False,,0,0,,behavioral,0,LIKELY_TP_PHASE_A
0x01bba1aa15012530191902c80c946ffb7888746e,base,Behavioral confirmation: 1 victims trapped (backfill),bytecode_pattern,0x342701b39f46241b8ca47af0b2bebc89e524663f,True,False,ROBF,,,,ROBF,ROBF,ERC-20,697,,,,,LIKELY_FP,,,,,,,,,ALREADY_MIGRATED
0xdefeb35331086fb315086d0f7372e527ef9d9240,base,Behavioral confirmation: bot 0xc0ffeee584eb20398de87cd4c22333c4d2b7559a trapped in tx 2c17d1412c2c12d0886dceb1c1f9255cb9,bytecode_pattern,0x604be06b9f6b6663f78e755db0c5965eb2337e3d,True,False,,,,,,,,,,,,,NEEDS_REVIEW,194,False,,0,0,,behavioral,0,LIKELY_TP_RECIDIVIST
0x2dca5e2ece5502e535392c79eafd92938f19327e,base,Behavioral confirmation: bot 0xc0ffee7bb4d2ad7f3980d0554a89368c7e3cc2d1 trapped in tx bb761b062f9d90c97519a194d6c263260b,bytecode_pattern,0x604be06b9f6b6663f78e755db0c5965eb2337e3d,True,False,,,,,,,,,,,,,NEEDS_REVIEW,194,False,,0,0,,behavioral,0,LIKELY_TP_RECIDIVIST
0x030a96ce5ffed0997c9cb7ec22539a83a65db314,arbitrum,Behavioral confirmation: 1 victims trapped (backfill),bytecode_pattern,0x9ad48aaac7e651a4d641d0fc7cb69d188f4ba14c,True,False,,,,,,,,,,,,,NEEDS_REVIEW,0,False,,0,0,,behavioral,0,NEEDS_REVIEW
0x0339f8dc9514252a7a66332da4145f0d5612fe25,base,Behavioral confirmation: 8 victims trapped (backfill),deployer_history,0xc0ffeefeed8b9d271445cf5d1d24d74d2ca4235e,True,False,,,,,,,,,,,,,LIKELY_TP,203,False,,0,0,,behavioral,0,LIKELY_TP_PHASE_A
0x97528bc44568a8225fea2e9f27ca72c2155ad263,base,Behavioral confirmation: bot 0xc0ffee055fee1b6617322406b897c0f8a8f1dffa trapped in tx a7f375a3cd2ce6bc63e8e812ce085f1d25,bytecode_pattern,0x604be06b9f6b6663f78e755db0c5965eb2337e3d,True,False,,,,,,,,,,,,,NEEDS_REVIEW,194,False,,0,0,,behavioral,0,LIKELY_TP_RECIDIVIST
0x693f40b4563b40a17d0d4b94c870830c20084279,base,Behavioral confirmation: bot 0xc0ffeec544131a82bdde7273617259c1b5aeac71 trapped in tx 0b207d496fba6ad0f5231a75f3671fa568,bytecode_pattern,0x604be06b9f6b6663f78e755db0c5965eb2337e3d,True,False,,,,,,,,,,,,,NEEDS_REVIEW,194,False,,0,0,,behavioral,0,LIKELY_TP_RECIDIVIST
0xa037b6ee7e83d269b04b23338206b8dcbb5c56f2,base,Behavioral confirmation: 2 victims trapped (backfill),deployer_history,0xc0ffeefeed8b9d271445cf5d1d24d74d2ca4235e,True,False,,,,,,,,,,,,,LIKELY_TP,203,False,,0,0,,behavioral,0,LIKELY_TP_PHASE_A
0xce3b498fb5f96db4e66494bd962c4431afd28f80,arbitrum,Behavioral confirmation: 99 victims trapped (backfill),bytecode_pattern,0xc64523da8e6be83cdac1a8f82b5939d068d66f8c,,,,,,,,,,,,,,,LIKELY_TP,2,False,,0,0,,behavioral,0,LIKELY_TP_PHASE_A
0xd4da8e8bff2cf4443533053a6af87230e46f4b02,arbitrum,Behavioral confirmation: 114 victims trapped (backfill),bytecode_pattern,0xc64523da8e6be83cdac1a8f82b5939d068d66f8c,True,False,,,,,,,,,,,,,LIKELY_TP,2,False,,0,0,,behavioral,0,LIKELY_TP_PHASE_A
0xb69a06e1a9ddd42ae6be36823a2a45266449310d,base,Behavioral confirmation: 12 victims trapped (backfill),deployer_history,0xc0ffeefeed8b9d271445cf5d1d24d74d2ca4235e,True,False,,,,,,,,,,,,,LIKELY_TP,203,False,,0,0,,behavioral,0,LIKELY_TP_PHASE_A
0x7b9b868588a023388a931dfdef1a665393081971,base,Behavioral confirmation: 16 victims trapped (backfill),deployer_history,0xc0ffeefeed8b9d271445cf5d1d24d74d2ca4235e,True,False,,,,,,,,,,,,,LIKELY_TP,203,False,,0,0,,behavioral,0,LIKELY_TP_PHASE_A
0xe27821a7a8213282268391c85c99ea00353da6d0,base,Behavioral confirmation: 3 victims trapped (backfill),deployer_history,0xc0ffeefeed8b9d271445cf5d1d24d74d2ca4235e,True,False,,,,,,,,,,,,,LIKELY_TP,203,False,,0,0,,behavioral,0,LIKELY_TP_PHASE_A
0x705bbd7428edc608c33009537b4099289acaf5c7,base,Behavioral confirmation: bot 0xc0ffee666bdd7f9897c72f9195955a16d63c0ac4 trapped in tx d600193550c4a0a5fdd141b0c76f28db77,bytecode_pattern,0x604be06b9f6b6663f78e755db0c5965eb2337e3d,True,False,,,,,,,,,,,,,NEEDS_REVIEW,194,False,,0,0,,behavioral,0,LIKELY_TP_RECIDIVIST
0x5e4f784b99f3649119a71ff99aacb8ca88c572e5,base,Behavioral confirmation: bot 0xc0ffeeee46499a3f63426763fbc0e8344162fc97 trapped in tx 86be3229fc87ea0b1a34bc9ad9f2d9a6b9,bytecode_pattern,0x604be06b9f6b6663f78e755db0c5965eb2337e3d,True,False,,,,,,,,,,,,,NEEDS_REVIEW,194,False,,0,0,,behavioral,0,LIKELY_TP_RECIDIVIST
0x1e1e7b1423cf5cfd64651da7115f46f04c69c62e,base,Behavioral confirmation: 14 victims trapped (backfill),deployer_history,0xc0ffeefeed8b9d271445cf5d1d24d74d2ca4235e,True,False,,,,,,,,,,,,,LIKELY_TP,203,False,,0,0,,behavioral,0,LIKELY_TP_PHASE_A
0xf33fb4943f1688d97ea598f7f593e54c0cc74bf8,base,Behavioral confirmation: bot 0xc0ffeee3fe44ab522cb0f25a525738fb40c1b0b4 trapped in tx 030ffa124556dfccc7bcdbcda6360e288c,bytecode_pattern,0x604be06b9f6b6663f78e755db0c5965eb2337e3d,True,False,,,,,,,,,,,,,NEEDS_REVIEW,194,False,,0,0,,behavioral,0,LIKELY_TP_RECIDIVIST
0xa3f185ed79da05bebe6a49d864918aa15f151a88,base,Behavioral confirmation: bot 0xc0ffee90c2cfa398e0af37eeadb39d200e331eec trapped in tx 221623c6304df66aada2fc82d5e97e67f3,deployer_history,0xc0ffeefeed8b9d271445cf5d1d24d74d2ca4235e,True,False,,,,,,,,,,,,,NEEDS_REVIEW,203,False,,0,0,,behavioral,0,LIKELY_TP_RECIDIVIST
0xdc28dd88f729db1aa88f253d14ebaff99ae9640e,base,Behavioral confirmation: 3 victims trapped (backfill),deployer_history,0xc0ffeefeed8b9d271445cf5d1d24d74d2ca4235e,True,False,,,,,,,,,,,,,LIKELY_TP,203,False,,0,0,,behavioral,0,LIKELY_TP_PHASE_A
0x44b2c0efe46d3b177be07a7fdbc9a59e655b389f,base,Behavioral confirmation: 2 victims trapped (backfill),deployer_history,0xc0ffeefeed8b9d271445cf5d1d24d74d2ca4235e,True,False,,,,,,,,,,,,,LIKELY_TP,203,False,,0,0,,behavioral,0,LIKELY_TP_PHASE_A
0x6704c75428a8eb955324abef78d32241f4cef96c,arbitrum,Behavioral confirmation: bot 0xe134a3a2b894d69a2b82842d84baf37c2c9574d1 trapped in tx 9ca46f6d38456dbdd7d46707fac4561afc,bytecode_pattern,0x99f03615419bdb71e235ba7024a560fdc47e577a,True,True,U,,,,,,,,,,,,NEEDS_REVIEW,0,False,,0,0,,behavioral,0,NEEDS_REVIEW
0x76c322661e376a0db4be5885dbbce73f9d49015c,base,Behavioral confirmation: 27 victims trapped (backfill),deployer_history,0xc0ffeefeed8b9d271445cf5d1d24d74d2ca4235e,True,False,,,,,,,,,,,,,LIKELY_TP,203,False,,0,0,,behavioral,0,LIKELY_TP_PHASE_A
0x13af68ad99feed277be4e35dfeb5a5dadc8c85c7,base,Behavioral confirmation: 1 victims trapped (backfill),deployer_history,0xdde988a3f068ee41a19ee792c1616c7158dc9289,True,False,黑洞玩家,,,,黑洞玩家,黑洞玩家,ERC-20,10,,,,,NEEDS_REVIEW,4,False,,0,0,,behavioral,0,LIKELY_TP_RECIDIVIST
0x28a9d3faf0dcfbb53fa24bcd743923d158e66382,base,Behavioral confirmation: 1 victims trapped (backfill),bytecode_pattern,0x4f0f02dee0ac63a1be657ac0b5877654c5928fe0,True,False,Test Funk Blo,,,,Test Funk Blo,TFB,ERC-721,9,,,,,NEEDS_REVIEW,0,False,,0,0,,behavioral,0,NEEDS_REVIEW
0xa144f5f6c96167b410461f216f7deeb3f770a21b,base,Behavioral confirmation: bot 0xc0ffee10f6fc0a8fa2522a1d60d8612809e77690 trapped in tx ecd0aa2b9e3a79efa77a7ce92ed92185c9,bytecode_pattern,0x604be06b9f6b6663f78e755db0c5965eb2337e3d,True,False,,,,,,,,,,,,,NEEDS_REVIEW,194,False,,0,0,,behavioral,0,LIKELY_TP_RECIDIVIST
0x00d63248611a14ee94c67987971fe3ceaba9ffd1,base,Behavioral confirmation: 1 victims trapped (backfill),deployer_history,0xdde988a3f068ee41a19ee792c1616c7158dc9289,True,False,黑洞玩家,,,,黑洞玩家,黑洞玩家,ERC-20,10,,,,,NEEDS_REVIEW,4,False,,0,0,,behavioral,0,LIKELY_TP_RECIDIVIST
0x56c2a4fd3e6aeb2f149af68c09c9f7194fc35238,base,Behavioral confirmation: bot 0xc0ffee818c9cd2b6e75754e94e0aad291c4db95e trapped in tx db43eca72539d4fd7b101e5becdd1b963f,deployer_history,0xc0ffeefeed8b9d271445cf5d1d24d74d2ca4235e,True,False,,,,,,,,,,,,,NEEDS_REVIEW,203,False,,0,0,,behavioral,0,LIKELY_TP_RECIDIVIST
0xfdf00dc10dc632e24f8774646cf1ac2c117ccbe3,base,Behavioral confirmation: bot 0xc0ffeedf747b7794faa9441287ec4633b80b77ac trapped in tx 02907889da37ae8da306c9a9c6645d15dc,deployer_history,0xc0ffeefeed8b9d271445cf5d1d24d74d2ca4235e,True,False,,,,,,,,,,,,,NEEDS_REVIEW,203,False,,0,0,,behavioral,0,LIKELY_TP_RECIDIVIST
0xadd3708bd1f326b062ce18c010b3935fb96ca55f,base,Behavioral confirmation: 1 victims trapped (backfill),bytecode_pattern,0xc0ffeefeed8b9d271445cf5d1d24d74d2ca4235e,True,False,,,,,,,,,,,,,NEEDS_REVIEW,203,False,,0,0,,behavioral,0,LIKELY_TP_RECIDIVIST
0x752c5a95d202972e124390f30a50154409d3c858,base,Behavioral confirmation: bot 0x8c858126a972dd313e91d0d6b68e90e2e1eb9508 trapped in tx 5c6d3a661db3c47f40ef96c53d3c40c5da,bytecode_pattern,0x80b12bd0f1793bf6cea767fa83eb2068eaa17dc8,True,True,ERC20FixedSupply,,,,OneFootball Club,OFC,ERC-20,3914,7952063.978545041,,,,LIKELY_FP,,,,,,,,,ALREADY_MIGRATED
0x9a00fcf93f87b64746fe56a5d9139632e091c20b,base,Behavioral confirmation: 1 victims trapped (backfill),bytecode_pattern,0xc0ffeefeed8b9d271445cf5d1d24d74d2ca4235e,True,False,,,,,,,,,,,,,NEEDS_REVIEW,203,False,,0,0,,behavioral,0,LIKELY_TP_RECIDIVIST
0xc8a8ea4740729dbeea6725dd50c267159a046570,base,Behavioral confirmation: bot 0xc0ffee666bdd7f9897c72f9195955a16d63c0ac4 trapped in tx b9a7d28e7c7f44070fb1c9400b3f5bed4b,bytecode_pattern,0xc0ffeefeed8b9d271445cf5d1d24d74d2ca4235e,True,False,,,,,,,,,,,,,NEEDS_REVIEW,203,False,,0,0,,behavioral,0,LIKELY_TP_RECIDIVIST
0x24d55d1c7aee32e678a95b47477736e948d724e0,base,Behavioral confirmation: 10 victims trapped (backfill),bytecode_pattern,0xc0ffeefeed8b9d271445cf5d1d24d74d2ca4235e,True,False,,,,,,,,,,,,,LIKELY_TP,203,False,,0,0,,behavioral,0,LIKELY_TP_PHASE_A
0xb83d3acd7d99782e99dbcd67f21980198993c510,base,Behavioral confirmation: 4 victims trapped (backfill),bytecode_pattern,0x604be06b9f6b6663f78e755db0c5965eb2337e3d,True,False,,,,,,,,,,,,,LIKELY_TP,194,False,,0,0,,behavioral,0,LIKELY_TP_PHASE_A
0x2251e5d71702a1cf5c1c102d3b213e152f7a72d2,base,Behavioral confirmation: 16 victims trapped (backfill),bytecode_pattern,0x604be06b9f6b6663f78e755db0c5965eb2337e3d,True,False,,,,,,,,,,,,,LIKELY_TP,194,False,,0,0,,behavioral,0,LIKELY_TP_PHASE_A
0xa48d565716e681aab5e940fc9093300ce022bce9,base,Behavioral confirmation: 1 victims trapped (backfill),bytecode_pattern,0x604be06b9f6b6663f78e755db0c5965eb2337e3d,True,False,,,,,,,,,,,,,NEEDS_REVIEW,194,False,,0,0,,behavioral,0,LIKELY_TP_RECIDIVIST
0x5912f209a776d4e3aed3feef7217c7d5bbf2159d,base,Behavioral confirmation: bot 0xc0ffee2af556f31a749146d79bbd2135ceca0e56 trapped in tx f751ce2e11db8725b137acbf1cf7bcbbfc,bytecode_pattern,0xc0ffeefeed8b9d271445cf5d1d24d74d2ca4235e,True,False,,,,,,,,,,,,,NEEDS_REVIEW,203,False,,0,0,,behavioral,0,LIKELY_TP_RECIDIVIST
0x58d25e66c12588853d83749a1b3e0aaa5bb1b703,base,Behavioral confirmation: 1 victims trapped (backfill),bytecode_pattern,0xc0ffeefeed8b9d271445cf5d1d24d74d2ca4235e,True,False,,,,,,,,,,,,,NEEDS_REVIEW,203,False,,0,0,,behavioral,0,LIKELY_TP_RECIDIVIST
0xb726c3e0791cd92c8614ab259a6347ccc1f7ddb4,base,Behavioral confirmation: 1 victims trapped (backfill),bytecode_pattern,0x604be06b9f6b6663f78e755db0c5965eb2337e3d,True,False,,,,,,,,,,,,,NEEDS_REVIEW,194,False,,0,0,,behavioral,0,LIKELY_TP_RECIDIVIST
0x7f5b274385b2bfa03f6bffd124633ee8a4b4d468,base,Behavioral confirmation: 1 victims trapped (backfill),bytecode_pattern,0xc0ffeefeed8b9d271445cf5d1d24d74d2ca4235e,True,False,,,,,,,,,,,,,NEEDS_REVIEW,203,False,,0,0,,behavioral,0,LIKELY_TP_RECIDIVIST
0xd86eecfe71fe1432b5a4cc3ba330d3f1451bcc7b,base,Behavioral confirmation: bot 0xc0ffee445a22e6228cfb77ec0483c426fc856161 trapped in tx 9db7223299a0daa1a8ddd34d80ca0d828a,bytecode_pattern,0x604be06b9f6b6663f78e755db0c5965eb2337e3d,True,False,,,,,,,,,,,,,NEEDS_REVIEW,194,False,,0,0,,behavioral,0,LIKELY_TP_RECIDIVIST
0xc1bd3937c1cd8d8496c97d62b5bf42d1c9d09782,base,Behavioral confirmation: 7 victims trapped (backfill),bytecode_pattern,0x604be06b9f6b6663f78e755db0c5965eb2337e3d,True,False,,,,,,,,,,,,,LIKELY_TP,194,False,,0,0,,behavioral,0,LIKELY_TP_PHASE_A
0xc286dabd9519f15f548462ef5032e738ec8b701e,base,Behavioral confirmation: 1 victims trapped (backfill),bytecode_pattern,0xc0ffeefeed8b9d271445cf5d1d24d74d2ca4235e,True,False,,,,,,,,,,,,,NEEDS_REVIEW,203,False,,0,0,,behavioral,0,LIKELY_TP_RECIDIVIST
0x163c0c64a0e252884c4105029e79b6eb7a57cbcf,base,Behavioral confirmation: 8 victims trapped (backfill),bytecode_pattern,0x604be06b9f6b6663f78e755db0c5965eb2337e3d,True,False,,,,,,,,,,,,,LIKELY_TP,194,False,,0,0,,behavioral,0,LIKELY_TP_PHASE_A
0xa59ebbabbfb646ba3fde45e43fb33221826e50bb,base,Behavioral confirmation: 5 victims trapped (backfill),bytecode_pattern,0xc0ffeefeed8b9d271445cf5d1d24d74d2ca4235e,True,False,,,,,,,,,,,,,LIKELY_TP,203,False,,0,0,,behavioral,0,LIKELY_TP_PHASE_A
0xad6908fe202fbf2e71c883b8a83cf073fe34231b,base,Behavioral confirmation: bot 0xc0ffee25a41fce18913fa48e6a2040a922918087 trapped in tx de6279ee0e0cde485726935d250b13fd23,bytecode_pattern,0xc0ffeefeed8b9d271445cf5d1d24d74d2ca4235e,True,False,,,,,,,,,,,,,NEEDS_REVIEW,203,False,,0,0,,behavioral,0,LIKELY_TP_RECIDIVIST
0x9550f5884995d7249a8ced9250dc153ae725f5b4,base,Behavioral confirmation: 3 victims trapped (backfill),bytecode_pattern,0x604be06b9f6b6663f78e755db0c5965eb2337e3d,True,False,,,,,,,,,,,,,LIKELY_TP,194,False,,0,0,,behavioral,0,LIKELY_TP_PHASE_A
0xce1afcb26b3dd9796d0fefd1b52dc6c2d7e2d4cd,base,Behavioral confirmation: 4 victims trapped (backfill),bytecode_pattern,0x604be06b9f6b6663f78e755db0c5965eb2337e3d,True,False,,,,,,,,,,,,,LIKELY_TP,194,False,,0,0,,behavioral,0,LIKELY_TP_PHASE_A
0x5caa730cda3422ea2bb1522b66ff8d457256419b,base,Behavioral confirmation: 1 victims trapped (backfill),bytecode_pattern,0x604be06b9f6b6663f78e755db0c5965eb2337e3d,True,False,,,,,,,,,,,,,NEEDS_REVIEW,194,False,,0,0,,behavioral,0,LIKELY_TP_RECIDIVIST
0x4432fd64fda9548c5a689d7ffea380d1b608287e,base,Behavioral confirmation: 1 victims trapped (backfill),bytecode_pattern,0x26d26e23fba97e4b0375e80a65bb45357e345f9e,True,False,,,,,,,,,,,,,NEEDS_REVIEW,0,False,,0,0,,behavioral,0,NEEDS_REVIEW
0x69027d74eef100113358d08bd8655adc5224997b,base,Behavioral confirmation: 3 victims trapped (backfill),bytecode_pattern,0x604be06b9f6b6663f78e755db0c5965eb2337e3d,True,False,,,,,,,,,,,,,LIKELY_TP,194,False,,0,0,,behavioral,0,LIKELY_TP_PHASE_A
0x2617cef1feaecff4c73ef4e71accb7f142211be5,base,Behavioral confirmation: 1 victims trapped (backfill),bytecode_pattern,0xc0ffeefeed8b9d271445cf5d1d24d74d2ca4235e,True,False,,,,,,,,,,,,,NEEDS_REVIEW,203,False,,0,0,,behavioral,0,LIKELY_TP_RECIDIVIST
0xcabc25eab9acfc4d90f03c7277604de386447bfc,arbitrum,Behavioral confirmation: bot 0x724a2c2a8751871a48bd901f0443a1a9dd02744c trapped in tx 23fcc34c3703916beeabeb80478fba7682,bytecode_pattern,0x16f413edfe97d87a66a86f02ac8d166ba6a6660c,True,False,,,,,,,,,,,,,NEEDS_REVIEW,0,False,,0,0,,behavioral,0,NEEDS_REVIEW
0xf8b75b14f765bd9a2ff2fbe3d07f52b3d6e43c83,base,Behavioral confirmation: 1 victims trapped (backfill),bytecode_pattern,0xc0ffeefeed8b9d271445cf5d1d24d74d2ca4235e,True,False,,,,,,,,,,,,,NEEDS_REVIEW,203,False,,0,0,,behavioral,0,LIKELY_TP_RECIDIVIST
0x4fc49d622350fec355f14962fe6649607234ea40,base,Behavioral confirmation: bot 0xc0ffee64a11078fcba57b4ffb7805f9e7ad3a3b9 trapped in tx 0c170b3e99346f717e0fcbd8d2dac4f9bc,bytecode_pattern,0xc0ffeefeed8b9d271445cf5d1d24d74d2ca4235e,True,False,,,,,,,,,,,,,NEEDS_REVIEW,203,False,,0,0,,behavioral,0,LIKELY_TP_RECIDIVIST
0xeff90a3ec20d90de07140f974f7be984b1526dd9,base,Behavioral confirmation: 2 victims trapped (backfill),bytecode_pattern,0x604be06b9f6b6663f78e755db0c5965eb2337e3d,True,False,,,,,,,,,,,,,LIKELY_TP,194,False,,0,0,,behavioral,0,LIKELY_TP_PHASE_A
0x6b9257bb56e7d8d3ce0b702ae43e3fd75881f780,base,Behavioral confirmation: bot 0xc0ffeeee46499a3f63426763fbc0e8344162fc97 trapped in tx 7b8cd0578a9bc35a31d28d621c65698681,deployer_history,0xc0ffeefeed8b9d271445cf5d1d24d74d2ca4235e,True,False,,,,,,,,,,,,,NEEDS_REVIEW,203,False,,0,0,,behavioral,0,LIKELY_TP_RECIDIVIST
0xcf26fda56d5a82050bfbac4dc52e00bff869c218,base,Behavioral confirmation: bot 0xc0ffeefb65a5e4b71617cac89582f2be82a4e266 trapped in tx 581cfb6418b2624ffc33a69d74d952f10c,deployer_history,0xc0ffeefeed8b9d271445cf5d1d24d74d2ca4235e,True,False,,,,,,,,,,,,,NEEDS_REVIEW,203,False,,0,0,,behavioral,0,LIKELY_TP_RECIDIVIST
0x00f565db7a64a02598366b437fb23fe95f6cb981,base,Behavioral confirmation: bot 0xc0ffeeee46499a3f63426763fbc0e8344162fc97 trapped in tx 56b2fbae622809c7877e47f65b12bf9a9f,deployer_history,0x604be06b9f6b6663f78e755db0c5965eb2337e3d,True,False,,,,,,,,,,,,,NEEDS_REVIEW,194,False,,0,0,,behavioral,0,LIKELY_TP_RECIDIVIST
0x9a1a4806dcd453b7ab35b3b50f3c6214055fb101,base,Behavioral confirmation: bot 0xc0ffee1f3e1a2608c3d5c33fbec78b4c01602f1e trapped in tx 39c392fcb58e7af5530c19293c9be4c6ac,deployer_history,0xc0ffeefeed8b9d271445cf5d1d24d74d2ca4235e,True,False,,,,,,,,,,,,,NEEDS_REVIEW,203,False,,0,0,,behavioral,0,LIKELY_TP_RECIDIVIST
0x4068d427490e4e0c04003a11c57c1f5a9bea5315,base,Behavioral confirmation: bot 0xc0ffeefc06e7d4abc67b8fdba7ef9100b0c85f5b trapped in tx f1f1f255684b1ca5501374d4dfe9988c1f,deployer_history,0xc0ffeefeed8b9d271445cf5d1d24d74d2ca4235e,True,False,,,,,,,,,,,,,NEEDS_REVIEW,203,False,,0,0,,behavioral,0,LIKELY_TP_RECIDIVIST
0x609830483c1c39c84793d524f5e5a791768ec25c,base,Behavioral confirmation: 1 victims trapped (backfill),deployer_history,0xc0ffeefeed8b9d271445cf5d1d24d74d2ca4235e,True,False,,,,,,,,,,,,,NEEDS_REVIEW,203,False,,0,0,,behavioral,0,LIKELY_TP_RECIDIVIST
0x6a0459f0ff19d0cfe015f2f2f37e4ae87e774dae,base,Behavioral confirmation: 1 victims trapped (backfill),deployer_history,0xc0ffeefeed8b9d271445cf5d1d24d74d2ca4235e,True,False,,,,,,,,,,,,,NEEDS_REVIEW,203,False,,0,0,,behavioral,0,LIKELY_TP_RECIDIVIST
0xfdd84d4b55c977d4a7daf745361ff639c541bfe1,base,Behavioral confirmation: bot 0xc0ffee8f9f86a55c49fd80b66a7836c09b8de274 trapped in tx 473671154c0ec6cb8eecee8c09024d8aba,deployer_history,0xc0ffeefeed8b9d271445cf5d1d24d74d2ca4235e,True,False,,,,,,,,,,,,,NEEDS_REVIEW,203,False,,0,0,,behavioral,0,LIKELY_TP_RECIDIVIST
0x7cdc9512177c120ce29be2525329bde42e0d1463,base,Behavioral confirmation: bot 0xc0ffee2f93b3f53b081f9e775dc47cf54587237e trapped in tx 12ef1591a48fe513b4f6b77b817ac8b53d,deployer_history,0xc0ffeefeed8b9d271445cf5d1d24d74d2ca4235e,True,False,,,,,,,,,,,,,NEEDS_REVIEW,203,False,,0,0,,behavioral,0,LIKELY_TP_RECIDIVIST
0xfff88ecdb738a634aece5b4652be5b3a930ec206,base,Behavioral confirmation: bot 0xc0ffee300d8e9d44619a2719777ff8b7e9d6deba trapped in tx dceaa1b9c0c6a11ab6b0162c7299f6b9c6,deployer_history,0xc0ffeefeed8b9d271445cf5d1d24d74d2ca4235e,True,False,,,,,,,,,,,,,NEEDS_REVIEW,203,False,,0,0,,behavioral,0,LIKELY_TP_RECIDIVIST
0x2a40056daac72ced0fe9ff74e998b6ab7efb9014,base,Behavioral confirmation: 1 victims trapped (backfill),deployer_history,0xc0ffeefeed8b9d271445cf5d1d24d74d2ca4235e,True,False,,,,,,,,,,,,,NEEDS_REVIEW,203,False,,0,0,,behavioral,0,LIKELY_TP_RECIDIVIST
0x88e3f76c139e63f816c5542e2045c81d1e795f8b,base,Behavioral confirmation: bot 0xc0ffee11f232f7c0d1b55a24ba099bf9eec63fce trapped in tx 0bad4c6624fb717a2ade62ee2bd7f4dcdd,deployer_history,0xc0ffeefeed8b9d271445cf5d1d24d74d2ca4235e,True,False,,,,,,,,,,,,,NEEDS_REVIEW,203,False,,0,0,,behavioral,0,LIKELY_TP_RECIDIVIST
0x819c3f2d2dc5dd93004f1fe0ebfb2a8e247e6cfc,base,Behavioral confirmation: bot 0xc0ffee8f9f86a55c49fd80b66a7836c09b8de274 trapped in tx f77b768cb244d5c809971d13cafb6cdc5c,deployer_history,0x604be06b9f6b6663f78e755db0c5965eb2337e3d,True,False,,,,,,,,,,,,,NEEDS_REVIEW,194,False,,0,0,,behavioral,0,LIKELY_TP_RECIDIVIST
0x6670e14d869289cda2e5bbdbdc475b98ca18967f,base,Behavioral confirmation: 4 victims trapped (backfill),deployer_history,0x604be06b9f6b6663f78e755db0c5965eb2337e3d,True,False,,,,,,,,,,,,,LIKELY_TP,194,False,,0,0,,behavioral,0,LIKELY_TP_PHASE_A
0x88d0e282c518636819b2d79ec2d479036eeb11e0,base,Behavioral confirmation: bot 0xc0ffeecdffd6248645e3d8f011b08907740d7986 trapped in tx 2e63057191f27a54f6825394745cdcd8b9,deployer_history,0x604be06b9f6b6663f78e755db0c5965eb2337e3d,True,False,,,,,,,,,,,,,NEEDS_REVIEW,194,False,,0,0,,behavioral,0,LIKELY_TP_RECIDIVIST
0xb31ddf681195e90facd05f035bf951db34c30967,base,Behavioral confirmation: bot 0xc0ffee10f6fc0a8fa2522a1d60d8612809e77690 trapped in tx c3ba21d994c5a2b00c6c716af60b16c867,deployer_history,0x604be06b9f6b6663f78e755db0c5965eb2337e3d,True,False,,,,,,,,,,,,,NEEDS_REVIEW,194,False,,0,0,,behavioral,0,LIKELY_TP_RECIDIVIST
0x90163447aeeb63ccae597e88f8e555e7fe874ea7,base,Behavioral confirmation: bot 0xc0ffee48a9e45ad104a5b38c0844aacc5b82e6f8 trapped in tx 4c972dc2fc830f4f65c183c5d5832a9b24,deployer_history,0xc0ffeefeed8b9d271445cf5d1d24d74d2ca4235e,True,False,,,,,,,,,,,,,NEEDS_REVIEW,203,False,,0,0,,behavioral,0,LIKELY_TP_RECIDIVIST
0xf0d34905c18cc61a24133d36f0782faa796fb9a9,base,Behavioral confirmation: bot 0xc0ffee1d2edbe6dad64af3d05c0421cbecdcb83a trapped in tx a631e8376ec26b8fbb04e13ad8c17b4bb9,deployer_history,0xc0ffeefeed8b9d271445cf5d1d24d74d2ca4235e,True,False,,,,,,,,,,,,,NEEDS_REVIEW,203,False,,0,0,,behavioral,0,LIKELY_TP_RECIDIVIST
0xd33401a28c3c5ffe962f7b981a8d1c27241e811b,base,Behavioral confirmation: bot 0xc0ffee7bb4d2ad7f3980d0554a89368c7e3cc2d1 trapped in tx af4bf1c2c6cde4988a7eebe2ccf089965b,deployer_history,0xc0ffeefeed8b9d271445cf5d1d24d74d2ca4235e,True,False,,,,,,,,,,,,,NEEDS_REVIEW,203,False,,0,0,,behavioral,0,LIKELY_TP_RECIDIVIST
0x1dd84fd79aed688e04ff312e132f1fa1383bdd5c,base,Behavioral confirmation: bot 0xc0ffeec544131a82bdde7273617259c1b5aeac71 trapped in tx 0465a85cc6b86f3ae5d9935700c0c916a1,deployer_history,0x604be06b9f6b6663f78e755db0c5965eb2337e3d,True,False,,,,,,,,,,,,,NEEDS_REVIEW,194,False,,0,0,,behavioral,0,LIKELY_TP_RECIDIVIST
0x26facf7c31b55f6e87458519031012c7980dc473,base,Behavioral confirmation: bot 0xc0ffeedf747b7794faa9441287ec4633b80b77ac trapped in tx bdc8c803ceeeea0dbc9add764dfee1dc87,deployer_history,0xc0ffeefeed8b9d271445cf5d1d24d74d2ca4235e,True,False,,,,,,,,,,,,,NEEDS_REVIEW,203,False,,0,0,,behavioral,0,LIKELY_TP_RECIDIVIST
0x05a9fc65a0a8dac63d1e33cfe15c9c77634621fa,base,Behavioral confirmation: bot 0xc0ffeeaf9aadcf05e268383dd2c96466b0ccca59 trapped in tx a46557a98911bfb0d5c2eeee099619864c,deployer_history,0x604be06b9f6b6663f78e755db0c5965eb2337e3d,True,False,,,,,,,,,,,,,NEEDS_REVIEW,194,False,,0,0,,behavioral,0,LIKELY_TP_RECIDIVIST
0x220f75a9880ea8ab4f874cfb3b488de366f6a126,base,Behavioral confirmation: bot 0xc0ffeedf747b7794faa9441287ec4633b80b77ac trapped in tx a080b5075ad307bae7d3bea06516baad3e,deployer_history,0x604be06b9f6b6663f78e755db0c5965eb2337e3d,True,False,,,,,,,,,,,,,NEEDS_REVIEW,194,False,,0,0,,behavioral,0,LIKELY_TP_RECIDIVIST
0x175a8eb84b8c33179bc170fb7696e7b48189d833,base,Behavioral confirmation: bot 0xc0ffeedf747b7794faa9441287ec4633b80b77ac trapped in tx f16c20563c30f18831f926613bc07f00d7,deployer_history,0xc0ffeefeed8b9d271445cf5d1d24d74d2ca4235e,True,False,,,,,,,,,,,,,NEEDS_REVIEW,203,False,,0,0,,behavioral,0,LIKELY_TP_RECIDIVIST
0xe0bca23cd66c99f7d02af30590d6d11999d39fb5,base,Behavioral confirmation: bot 0xc0ffee6719ae392dc1cbfad30cdac3a46837fcf1 trapped in tx 9ba3180b8f3bf4d380e00bec24840c1c26,deployer_history,0xc0ffeefeed8b9d271445cf5d1d24d74d2ca4235e,True,False,,,,,,,,,,,,,NEEDS_REVIEW,203,False,,0,0,,behavioral,0,LIKELY_TP_RECIDIVIST
0x0119150d7434cacff7dcb37c476f7bd770a19b1f,arbitrum,Self-loop: deployer 0xd77833089eda252dd457484bd39f4bf493f4ad5c called own contract in reverted tx at block 451653877 (BO,bytecode_pattern,0xd77833089eda252dd457484bd39f4bf493f4ad5c,True,False,,,,,,,,,,,,,NEEDS_REVIEW,6,False,,0,0,,self_loop,0,LIKELY_TP_RECIDIVIST
0x9a0e20fabd19649de8612364729a51daf6487e46,base,Behavioral confirmation: 1 victims trapped (backfill),bytecode_pattern,0x9a2276735e137f591d1a22f0d57b8c9c5a973eb9,True,False,,,,,,,,,,,,,NEEDS_REVIEW,0,False,,0,0,,behavioral,0,NEEDS_REVIEW
0xe338386e24d1f7763e82622eb0cbd45f85d86f1a,base,Behavioral confirmation: bot 0xc0ffeea3f806b34888256b0a56dd603a8cfb462b trapped in tx 03a2d0d7dca167aeb5b0deb1a94942e218,bytecode_pattern,0x604be06b9f6b6663f78e755db0c5965eb2337e3d,True,False,,,,,,,,,,,,,NEEDS_REVIEW,194,False,,0,0,,behavioral,0,LIKELY_TP_RECIDIVIST
0xc79950c20141924898f9da107bc7db88fee5905c,base,Behavioral confirmation: bot 0xc0ffee1864731c3c33a1967fc8e0fbf454a6a006 trapped in tx 64a146dd22fd558ae2be8ea12b16250a12,deployer_history,0xc0ffeefeed8b9d271445cf5d1d24d74d2ca4235e,True,False,,,,,,,,,,,,,NEEDS_REVIEW,203,False,,0,0,,behavioral,0,LIKELY_TP_RECIDIVIST
0x4367fb50a4a13d9770acf965c75668b28c354ff0,arbitrum,Behavioral confirmation: bot 0xce367fdc133402b3024b0aa1a76c4563f5ecda02 trapped in tx 9bb2536d346b1ff5f30bf27b95c62a3d27,bytecode_pattern,0xfec1643b0bed30d2158e3109a2fd22d27188d58c,True,False,,,,,,,,,,,,,NEEDS_REVIEW,0,False,,0,0,,behavioral,0,NEEDS_REVIEW
0x95a4dd76d2387b1dc3690d10992a5def16be6897,base,Behavioral confirmation: bot 0xe733cf32b21700d0cdc18b15a076ab8734018cfc trapped in tx f73ffe77e6e449080b64df6c46e9ada9cc,bytecode_pattern,0xa4716c832c07dd63b7da642d27893250bcc369a1,True,False,,,,,,,,,,,,,NEEDS_REVIEW,0,False,,0,0,,behavioral,0,NEEDS_REVIEW
0x6150d42009483fe90a1f1a962639ebd0871c6444,base,Self-loop: deployer 0x70a3df699512f39c682f94fad498454c90b8c219 called own contract in reverted tx at block 45785804 (BOT,bytecode_pattern,0x70a3df699512f39c682f94fad498454c90b8c219,True,True,AuthorizationExecutor,,,,,,,,,,,,NEEDS_REVIEW,0,False,,0,0,,self_loop,0,LIKELY_FP_WEAK
0xb1b29c4321f952d54264c28700ece3fd9c258a57,base,Behavioral confirmation: bot 0xc0ffeefc90fa1d10dc11b15697b39eb60af4a4a9 trapped in tx 10e1ad727a52cb7ff192ed1de2a2fc3318,bytecode_pattern,0xc0ffeefeed8b9d271445cf5d1d24d74d2ca4235e,True,False,,,,,,,,,,,,,NEEDS_REVIEW,203,False,,0,0,,behavioral,0,LIKELY_TP_RECIDIVIST
0x69c57ae26825e62cf50dbcb5549158535b2a6022,base,Behavioral confirmation: bot 0x456a3e06c64d6f9967ef94bb59637c3641956fe9 trapped in tx 4d24935631d4a31f816aed871bc0a1f0ac,bytecode_pattern,0x982ff6be4aa1d8e79d516840cdb1be47a1b9a3e5,True,False,,,,,,,,,,,,,NEEDS_REVIEW,2,False,,0,0,,behavioral,0,LIKELY_TP_RECIDIVIST
0x1168708d4b1963c19ecd96f368c10305f30dc75e,base,Behavioral confirmation: bot 0x6af6ae0d90ab7abf6ec8dbd9f1da69e9d07d6c28 trapped in tx a53e4ebdf745513dfee370e3f751654a60,bytecode_pattern,0xae42d3594e6a57a93b2cd2c2c17bf73793732afa,True,False,,,,,,,,,,,,,NEEDS_REVIEW,0,False,,0,0,,behavioral,0,NEEDS_REVIEW
0xe7c75ab140bdae8bcda92fc1c8de6b1e29da336d,base,Behavioral confirmation: bot 0x52ec1d041e9e8f9b2bd3acba29b80ba75babe49e trapped in tx 3f0ea8677a46631b7af02381fac42e4230,bytecode_pattern,0x48ab8adf869ba9902ad483fb1ca2efdab6eabe92,True,True,PiggyBBQ,,,,,,,,,,,,NEEDS_REVIEW,0,False,,0,0,,behavioral,0,NEEDS_REVIEW
0x76138f377dd2ddb90369d2890a14298d4aa4af29,base,Behavioral confirmation: bot 0xd2606d34070c50410b7147b04663d5a7f61393d7 trapped in tx 939c8ab6a315649cf77317e960b66df770,bytecode_pattern,0x136d289c9c586d7c7fd3a39635a4877796845312,True,True,DaemonFactoryV3,,,,,,,,,,,,NEEDS_REVIEW,0,False,,0,0,,behavioral,0,NEEDS_REVIEW
0x9fca3d3cdda3b0da3fbd85a78b21ce36387f9422,base,Behavioral confirmation: bot 0x208169b1321a09e614a68b06b7f600dc0e007212 trapped in tx baa67856570e8c15e94487c94c1090ffe2,bytecode_pattern,0xc9ea49257ab99b4b8648df0641f15aec038c57e8,True,False,,,,,,,,,,,,,NEEDS_REVIEW,3,False,,0,0,,behavioral,0,LIKELY_TP_RECIDIVIST
0x49fc1a582781dda29ef244cfd94d53490cc2c36e,base,Behavioral confirmation: bot 0xa7b25431c59ab0c00af42a63b58d3ccdf90d42e6 trapped in tx 1f28762d2a24bcc79ef71f4edeae29bf19,bytecode_pattern,0x58b9018ffc7b38805c8ecde52862ef6d48e03d86,True,True,SafeDebtManager,,,,,,,,,,,,NEEDS_REVIEW,1,False,,0,0,,behavioral,0,NEEDS_REVIEW
0x0dc3fc5b7aaa5a63e7af8239ede1f6eb6ea19d1b,arbitrum,Behavioral confirmation: bot 0xfaad9c497775e328a1ea08f3d940a1b34823c4ef trapped in tx 4b77b91faeaae7db4cfd02fe813e6288d4,bytecode_pattern,0x631ed831571e89fc0a8010cc3d36e28f31ad7adc,True,False,PGY Vault V5 Share,,,,PGY Vault V5 Share,pvUSDTv5,ERC-20,7,,,,,NEEDS_REVIEW,0,False,,0,0,,behavioral,0,NEEDS_REVIEW
0xd6ecaa61c371c75e88cd6fd8ee6946fe81832b6d,optimism,Behavioral confirmation: bot 0x7c00a740643f3ffd4931666ad41392e3d969c6f5 trapped in tx 37385291e6b9a8eac2bc8b1912308f7b6b,bytecode_pattern,0x695ec089890fee3d2dbf35403c12aafc98ca06fe,True,False,,,,,,,,,,,,,NEEDS_REVIEW,1,False,,0,0,,behavioral,0,NEEDS_REVIEW
0xd09290f599ee74ab3914d496cd2c70eea3f51790,optimism,Behavioral confirmation: bot 0x21fe28d5a0b6d5dbd1d72ceb3f0326d420989db9 trapped in tx 4e0ee6a4ddea844b090fa978afdfed5ec4,deployer_history,0x695ec089890fee3d2dbf35403c12aafc98ca06fe,True,False,,,,,,,,,,,,,NEEDS_REVIEW,1,False,,0,0,,behavioral,0,NEEDS_REVIEW
0x1f1f7dfb5a50fcb12f6599036b36250e8db7b07e,arbitrum,Behavioral confirmation: bot 0x53e932b3852998a61b47ad8f48ddc95be3a04ee4 trapped in tx f6dbd79d40eac554447bf900965d72dd41,bytecode_pattern,0xfcc867d6a1c37b9088164635ff09ee1b031c5272,True,False,Crunch Lab,,,,Crunch Lab,CUHLA,ERC-20,1635,,,,,LIKELY_FP,,,,,,,,,ALREADY_MIGRATED
0x86cbb82f43ac6883882596fe6556c54a472e1f2d,base,BACKFILL: Self-loop detected. Deployer 0x2c264722c7ccaba6a102eb54e0a4804e79bf95a8 called own contract 1070 times (25 rev,bytecode_pattern,0x2c264722c7ccaba6a102eb54e0a4804e79bf95a8,True,False,,,,,,,,,,,,,NEEDS_REVIEW,0,False,,0,0,,backfill,0,LIKELY_FP_WEAK
0x3566a4b9cde69d35c167017ef1e3a77b0658ec77,base,Behavioral confirmation: bot 0xc0ffee40b5c762251a78ea0bd671a23458aa857b trapped in tx 688e322610440c06292febda987f5d6674,bytecode_pattern,0x604be06b9f6b6663f78e755db0c5965eb2337e3d,True,False,,,,,,,,,,,,,NEEDS_REVIEW,194,False,,0,0,,behavioral,0,LIKELY_TP_RECIDIVIST
0x99ff98daf968b068d871710a6742a60968510162,base,Behavioral confirmation: bot 0x83f1bdf25ac6fd3a01bbf363beec201391b37317 trapped in tx ec377a24063c0831c2a1ad55f9f42bf1ec,bytecode_pattern,0x152f2235331b7225798615114b3feb189aa57e59,True,False,Tiga,,,,Tiga,TIGA,ERC-20,63042,,,,,LIKELY_FP,,,,,,,,,ALREADY_MIGRATED
0x1575ee0dc2925714d41a8cd4757b137b40fc3f38,base,Behavioral confirmation: bot 0x454b6849377f812eb7d5f474125c35dca484e9c1 trapped in tx 29f0759c4ca611900460860eaee8da9b21,deployer_history,0xa18fe0cd8d8f4d00275f94ad67b871f212e232c2,True,False,,,,,,,,,,,,,NEEDS_REVIEW,0,False,,0,0,,behavioral,0,NEEDS_REVIEW
0xb13a83afd91d27325535fc8e311278c29e2d6779,base,Behavioral confirmation: bot 0x342ed8477cd10c2a96b953df28e490f2dd0d8199 trapped in tx 17711a8d69e258482ba87d8b20fe0b2971,bytecode_pattern,0x95a3e25f871ecd373f2fcb79a2346c58f3153dc9,True,False,,,,,,,,,,,,,NEEDS_REVIEW,3,False,,0,0,,behavioral,0,LIKELY_TP_RECIDIVIST
0x75f8c5b49e074195e0aab190310d9ec597cbc124,base,Behavioral confirmation: bot 0xc0ffeefa70c63f3d2adf52222ccdb03ab2e27fd2 trapped in tx d6fb07e828e1bf0b8cb062a48bcd2d437b,bytecode_pattern,0x604be06b9f6b6663f78e755db0c5965eb2337e3d,True,False,,,,,,,,,,,,,NEEDS_REVIEW,194,False,,0,0,,behavioral,0,LIKELY_TP_RECIDIVIST
0x8eef2d04efe4a5f96f9bfcfcd3c83cd2894692ea,base,Behavioral confirmation: bot 0xbeb8a69e383bf6779b4b11dc60db3036bf89bd62 trapped in tx 32c1e9d2e59e6ce6300c26b950c913524b,bytecode_pattern,0x95a3e25f871ecd373f2fcb79a2346c58f3153dc9,True,False,,,,,,,,,,,,,NEEDS_REVIEW,3,False,,0,0,,behavioral,0,LIKELY_TP_RECIDIVIST
0x33e3f6f68b8a606378af683ba2629b58a2ea6780,base,Behavioral confirmation: bot 0x342ed8477cd10c2a96b953df28e490f2dd0d8199 trapped in tx 887b664eb448a0a86919d459c1c8bc922c,bytecode_pattern,0x95a3e25f871ecd373f2fcb79a2346c58f3153dc9,True,False,,,,,,,,,,,,,NEEDS_REVIEW,3,False,,0,0,,behavioral,0,LIKELY_TP_RECIDIVIST
0x66a09c49d2ea99396ddf52903fdbae3a6a0f1130,base,Behavioral confirmation: bot 0xbeb8a69e383bf6779b4b11dc60db3036bf89bd62 trapped in tx f07d350c475d53a70e4ab4b42f6d105a41,bytecode_pattern,0x95a3e25f871ecd373f2fcb79a2346c58f3153dc9,True,False,,,,,,,,,,,,,NEEDS_REVIEW,3,False,,0,0,,behavioral,0,LIKELY_TP_RECIDIVIST
0x9a6baa14835ac69aa1da5c3a0c6a97d84a3f5f6a,base,Behavioral confirmation: bot 0x059d898ee46ccbe24ca6781f2455294f0603a475 trapped in tx fe37824ba533f7aceaf8bf51eceb55ea75,bytecode_pattern,0x5dbe0dd41065df8818cb764e70f46ab431ed50c3,True,False,,,,,,,,,,,,,NEEDS_REVIEW,4,False,,0,0,,behavioral,0,LIKELY_TP_RECIDIVIST
0xd3bf1f37cb76212bbbb2ba4ad7e567993169c241,base,Behavioral confirmation: bot 0x5261fee3f5c8ea38a59b599edc0220e5649d0e74 trapped in tx 799cd76ae6e28cda3d99354d353ac9588e,bytecode_pattern,0x5cf581fc0a8fe2e4256fa68ce435808a3c275661,True,True,WinNodes,,,,,,,,,,,,NEEDS_REVIEW,4,False,,0,0,,behavioral,0,LIKELY_TP_RECIDIVIST
0x00c8c888ad8341be335feecfa3c8e637fd2aa7ef,base,Behavioral confirmation: bot 0x059d898ee46ccbe24ca6781f2455294f0603a475 trapped in tx 6ca9ac7b75d98783d615a5d59fbeb2caa1,bytecode_pattern,0x5dbe0dd41065df8818cb764e70f46ab431ed50c3,True,False,,,,,,,,,,,,,NEEDS_REVIEW,4,False,,0,0,,behavioral,0,LIKELY_TP_RECIDIVIST
0x4af8d9941fcb81742ab4fb5dee799f6a323f5717,base,Behavioral confirmation: bot 0xc0ffee25a41fce18913fa48e6a2040a922918087 trapped in tx a9e99ef133e3bb861ede313fff00271b4c,bytecode_pattern,0x604be06b9f6b6663f78e755db0c5965eb2337e3d,True,False,,,,,,,,,,,,,NEEDS_REVIEW,194,False,,0,0,,behavioral,0,LIKELY_TP_RECIDIVIST
0x835983b4fecb4e70649c328ceba845aee6b07d31,base,BACKFILL: Self-loop detected. Deployer 0xa718a5182f79e3abb64c9db55f01f110aee03ad8 called own contract 106 times (3 rever,bytecode_pattern,0xa718a5182f79e3abb64c9db55f01f110aee03ad8,True,False,,,,,,,,,,,,,NEEDS_REVIEW,2,False,,0,0,,backfill,0,LIKELY_TP_RECIDIVIST
0xa21f2e80ef248daaf32f92df2dfe0ee8f8d70278,arbitrum,BACKFILL: Self-loop detected. Deployer 0xd69f9856a569b1655b43b0395b7c2923a217cfe0 called own contract 469 times (469 rev,bytecode_pattern,0xd69f9856a569b1655b43b0395b7c2923a217cfe0,True,False,,,,,,,,,,,,,NEEDS_REVIEW,2,False,,0,0,,backfill,0,LIKELY_TP_RECIDIVIST
0xc5c31b0fee0126ce004d8900b2fc99022e0be0a9,base,Behavioral confirmation: bot 0x212677d771871a31d40706d52446d664b51ca1a5 trapped in tx 8e32c516b71ade89ab557feaebd2d455bf,bytecode_pattern,0xc0619bb479af57e9e76c1fb24bde919364291dca,True,True,CROSSHASHES -- test prints,,,,CROSSHASHES -- test prints,t#e#s#t,ERC-721,1,,,,,NEEDS_REVIEW,0,False,,0,0,,behavioral,0,STILL_NEEDS_REVIEW
0x082c54f57e71bd810f8db572c6740c480366a7b3,base,Behavioral confirmation: bot 0xef18cb813b90c0b9926ad721e6acec744cd26a99 trapped in tx eaf034a26b59cfa6ff5e6ecc739a28b210,bytecode_pattern,0x2da812af33f6ed2ad7a0b8a233a6e9dde8caee72,True,True,GangstrToken,,,,Gangstr,GNGSTR,ERC-20,267,,,,,LIKELY_FP,,,,,,,,,ALREADY_MIGRATED
0x91a65ef694ab6341a2ef0e2ddbd312893c04168c,base,Behavioral confirmation: bot 0x0aa9b164bea1c9a223834cfc899b7130fcb92f6b trapped in tx 8137d94aaf4106a694f47daa7290c38b49,deployer_history,0x2da812af33f6ed2ad7a0b8a233a6e9dde8caee72,True,True,GangstrStaking,,,,,,,,,,,,NEEDS_REVIEW,1,False,,0,0,,behavioral,0,NEEDS_REVIEW
0x0b26a392b6fa08385a38f5942cd91056cdacdf09,base,BACKFILL: Self-loop detected. Deployer 0x0e4c51936a3f74b4ad06f16c9c0d4bc95b23b6de called own contract 2251 times (1975 r,bytecode_pattern,0x0e4c51936a3f74b4ad06f16c9c0d4bc95b23b6de,True,False,,,,,,,,,,,,,NEEDS_REVIEW,3,False,,0,0,,backfill,0,LIKELY_TP_RECIDIVIST
0x288ea8bcb51d53ad361d786efa904c401904af70,base,Behavioral confirmation: bot 0x9f4ca119e74dc92bc50e3a4c263251b7fc6a2087 trapped in tx 19ed67b28683b5e6aaa4ae215fa9dcd005,bytecode_pattern,0x235f2934e01c52ec6f0432934f0273c5308c6ceb,True,True,RNBWStaking,,,,,,,,,,,,NEEDS_REVIEW,0,False,,0,0,,behavioral,0,NEEDS_REVIEW
0xaf96fa723d8c9823669f1329eaa795ff0ff530eb,arbitrum,BACKFILL: Self-loop detected. Deployer 0xd69f9856a569b1655b43b0395b7c2923a217cfe0 called own contract 184 times (173 rev,bytecode_pattern,0xd69f9856a569b1655b43b0395b7c2923a217cfe0,True,False,,,,,,,,,,,,,NEEDS_REVIEW,2,False,,0,0,,backfill,0,LIKELY_TP_RECIDIVIST
0xa90a6da0c449838d394cd914ef202197b338aad2,base,Behavioral confirmation: bot 0x56da6c5b926b6ad35b707b086e13d62f7f6c4adb trapped in tx 9a87835260949ba04dc0d2d1a9aff0bfe1,bytecode_pattern,0x4bc075967dd9652b601192cf5a31963408cfe3a1,True,False,,,,,,,,,,,,,NEEDS_REVIEW,1,False,,0,0,,behavioral,0,NEEDS_REVIEW
0x1b47cce4e847264771f500c8e91adc3d0b8a8101,arbitrum,Behavioral confirmation: bot 0x606cf076f927b021a8094aaa9a3efd6e1b9a7622 trapped in tx 5925b80d5501582ae70864496e5ed103ff,deployer_history,0x5c89e16cfedb529a0a4632a8e2440a600f6af274,True,False,,,,,,,,,,,,,NEEDS_REVIEW,0,False,,0,0,,behavioral,0,NEEDS_REVIEW
0xdc1affb53cb999a53829227309da4f559856f63c,base,Behavioral confirmation: bot 0x9328b6c52173262cf94832b30725f6bbbbbb5e32 trapped in tx 2141a2da38d5da51054a6e22d39f49bc85,deployer_history,0x2da812af33f6ed2ad7a0b8a233a6e9dde8caee72,True,False,,,,,,,,,,,,,NEEDS_REVIEW,1,False,,0,0,,behavioral,0,NEEDS_REVIEW
0x3d8f11e521e19ae05e433777e36aa1d6afa1a9d5,base,Behavioral confirmation: bot 0xc0ffeea556179ce7a8d01211f4288a8b25f7cf49 trapped in tx ed1289b047b889ecc93dadafa816c9901c,bytecode_pattern,0x604be06b9f6b6663f78e755db0c5965eb2337e3d,True,False,,,,,,,,,,,,,NEEDS_REVIEW,194,False,,0,0,,behavioral,0,LIKELY_TP_RECIDIVIST
0x97bc14ebfa5f79da142cec92dec6b46b61ef507b,base,Behavioral confirmation: bot 0xc0ffeefc06e7d4abc67b8fdba7ef9100b0c85f5b trapped in tx 773ed2f5e423561a3fc3fe07acc4aec6ca,bytecode_pattern,0xc0ffeefeed8b9d271445cf5d1d24d74d2ca4235e,True,False,,,,,,,,,,,,,NEEDS_REVIEW,203,False,,0,0,,behavioral,0,LIKELY_TP_RECIDIVIST
0xc1ae11bd83f8eec3e36ad936b5d9fc78c4a74f8b,base,Behavioral confirmation: bot 0xc0ffee5d1ba6baa6e4ff9f184ff64f5aabc5d2b6 trapped in tx 8984f4455136c706125fd33f1b37eb81c7,bytecode_pattern,0x604be06b9f6b6663f78e755db0c5965eb2337e3d,True,False,,,,,,,,,,,,,NEEDS_REVIEW,194,False,,0,0,,behavioral,0,LIKELY_TP_RECIDIVIST
0x26be94fc9217d7416502c17fa96b86fd851ea86b,base,Behavioral confirmation: bot 0xc0ffee31b1c8c3427a9ed9373bef867fc895d966 trapped in tx 1b890d4fb14929bd5aa5d2e91005ae1fbe,bytecode_pattern,0xc0ffeefeed8b9d271445cf5d1d24d74d2ca4235e,True,False,,,,,,,,,,,,,NEEDS_REVIEW,203,False,,0,0,,behavioral,0,LIKELY_TP_RECIDIVIST
0x30fc84065690a0a2c47f18a749dd5de0b272f8ad,base,Behavioral confirmation: bot 0xc0ffee384d912eb9a883dbd6b846c1e363c97fc0 trapped in tx fe634617d28f0a7a6002764cd7101376f6,bytecode_pattern,0x604be06b9f6b6663f78e755db0c5965eb2337e3d,True,False,,,,,,,,,,,,,NEEDS_REVIEW,194,False,,0,0,,behavioral,0,LIKELY_TP_RECIDIVIST
0x6068b0b9b0aa8957808fbec96803b8a0ae791698,base,Behavioral confirmation: bot 0x141735dd90f491dcbae63c92dbb5f79fa123e22a trapped in tx 2401a1be37bbfb09dd76a9d4bb6a7edecc,bytecode_pattern,0x0d06fab982cc0cdfe0330306b2c5577d34522ca7,True,False,IPEPE,,,,IPEPE,IPEPE,ERC-20,91025,,,,,LIKELY_FP,,,,,,,,,ALREADY_MIGRATED
0x08ac08e198deae564159aa1df2ead37dff4c93c8,base,Behavioral confirmation: bot 0xc0ffeeaf9aadcf05e268383dd2c96466b0ccca59 trapped in tx c7a1c8e485ba04f020e4a28c9575a9a5aa,bytecode_pattern,0x604be06b9f6b6663f78e755db0c5965eb2337e3d,True,False,,,,,,,,,,,,,NEEDS_REVIEW,194,False,,0,0,,behavioral,0,LIKELY_TP_RECIDIVIST
0xef1fb579dfd8ae2e234da781953eb9eb5019b3cb,base,Behavioral confirmation: bot 0xc0ffee648f2b70238b827cdd9c3f2c91170ee3b1 trapped in tx 7167e1e74a87dc6f006393fa06a8ce2695,bytecode_pattern,0x604be06b9f6b6663f78e755db0c5965eb2337e3d,True,False,,,,,,,,,,,,,NEEDS_REVIEW,194,False,,0,0,,behavioral,0,LIKELY_TP_RECIDIVIST
0x063a82b39ff29e747e33c397d6b89563bbacc504,base,Behavioral confirmation: bot 0xb3a29e6bee26663772e4d9d38b453a5add44433e trapped in tx c292a92deb7fd27cdf475158302222a6ee,bytecode_pattern,0x0e150daa9184573e05f0691b55ddd3e993b0651b,True,False,,,,,,,,,,,,,NEEDS_REVIEW,0,False,,0,0,,behavioral,0,NEEDS_REVIEW
0x5082ef730b386ba8914e45b12c4992e97df1414b,base,BACKFILL: Self-loop detected. Deployer 0xe2a6ac0943b73c6ebf0b8710b19199f232bf9f1f called own contract 14279 times (14277,bytecode_pattern,0xe2a6ac0943b73c6ebf0b8710b19199f232bf9f1f,True,False,,,,,,,,,,,,,NEEDS_REVIEW,4,False,,0,0,,backfill,0,LIKELY_TP_RECIDIVIST
0xe2f78d6c8c095710df6631f09ebc2f9903fc022f,base,Behavioral confirmation: bot 0x22e0adc1b4e680bb4483ae32ba3f45d2f9bad67c trapped in tx 13388fbf50195fba52349aa2bfba7c53a0,bytecode_pattern,0x0d8449e0786761720ee158d3558d64253e2ccbf4,True,True,ExecutionEngine,,,,,,,,,,,,NEEDS_REVIEW,0,False,,0,0,,behavioral,0,NEEDS_REVIEW
0x796354afbf23639ea2005d525de6b68c7eae5b01,base,Behavioral confirmation: bot 0xc0ffeee584eb20398de87cd4c22333c4d2b7559a trapped in tx a6779cdce4eb040092ce69f5ac1cbb218a,bytecode_pattern,0x604be06b9f6b6663f78e755db0c5965eb2337e3d,True,False,,,,,,,,,,,,,NEEDS_REVIEW,194,False,,0,0,,behavioral,0,LIKELY_TP_RECIDIVIST
0xd5a1e7c7dbd53a3299677208ace4b4ea80fad1f0,base,Behavioral confirmation: bot 0xc0ffee1f3e1a2608c3d5c33fbec78b4c01602f1e trapped in tx 8a4694cd4a2fb0bb7bbbf7c0889ef5ec93,bytecode_pattern,0x604be06b9f6b6663f78e755db0c5965eb2337e3d,True,False,,,,,,,,,,,,,NEEDS_REVIEW,194,False,,0,0,,behavioral,0,LIKELY_TP_RECIDIVIST
0xfde8f37cbd35bca68af32d9fd9190bf29d03caaf,base,Behavioral confirmation: bot 0xc0ffee2af556f31a749146d79bbd2135ceca0e56 trapped in tx 32c8796c166cb42aced093962e079b656f,bytecode_pattern,0xc0ffeefeed8b9d271445cf5d1d24d74d2ca4235e,True,False,,,,,,,,,,,,,NEEDS_REVIEW,203,False,,0,0,,behavioral,0,LIKELY_TP_RECIDIVIST
0x9a1dcc11870ff45382e5fe422cf393fa81345dec,base,Behavioral confirmation: bot 0xedae94a822582324f19c89a057d694d833e6a6f0 trapped in tx 4ba104290fcf2c06c126098f7667324f01,bytecode_pattern,0x59d0461ec7c4688dd3daab7ea903d93d109db9e0,True,True,PMFI Arb,,,,PMFI Arb,pARB,ERC-20,3,,,,,NEEDS_REVIEW,0,False,,0,0,,behavioral,0,STILL_NEEDS_REVIEW
0x42b4b28fc9306b4a800c3235cb3deac94d3df922,base,Behavioral confirmation: bot 0xc0ffee48a9e45ad104a5b38c0844aacc5b82e6f8 trapped in tx 01761cd638ff32c562576bae0c973495fa,bytecode_pattern,0x604be06b9f6b6663f78e755db0c5965eb2337e3d,True,False,,,,,,,,,,,,,NEEDS_REVIEW,194,False,,0,0,,behavioral,0,LIKELY_TP_RECIDIVIST
0x8ec0fde7693c4e2ab80d25d8c9ffbb27e00fa164,base,Behavioral confirmation: bot 0xc0ffee818c9cd2b6e75754e94e0aad291c4db95e trapped in tx c83a9f0e4006c5708f99d3a9361e9f3d13,bytecode_pattern,0xc0ffeefeed8b9d271445cf5d1d24d74d2ca4235e,True,False,,,,,,,,,,,,,NEEDS_REVIEW,203,False,,0,0,,behavioral,0,LIKELY_TP_RECIDIVIST
0x799cb09d6a3918c8dbe25cd032319643cdc78f38,base,Behavioral confirmation: bot 0xc0ffee722c49a8c105b0d38d32d374eb6ea1321b trapped in tx 66a1a5be80b7116245de7069f77534d61f,bytecode_pattern,0xc0ffeefeed8b9d271445cf5d1d24d74d2ca4235e,True,False,,,,,,,,,,,,,NEEDS_REVIEW,203,False,,0,0,,behavioral,0,LIKELY_TP_RECIDIVIST
0x59e304b18785de49ba58305a715a282d900f65bd,base,Behavioral confirmation: bot 0xc0ffee8cae1d4279e42fba7a6cafeb8e1401140f trapped in tx aee58c73f84ee9ecc6268cfd94126e365f,bytecode_pattern,0xc0ffeefeed8b9d271445cf5d1d24d74d2ca4235e,True,False,,,,,,,,,,,,,NEEDS_REVIEW,203,False,,0,0,,behavioral,0,LIKELY_TP_RECIDIVIST
0x5bcc4963c177b64944f9bcbe49be638b7a148b8a,base,Behavioral confirmation: bot 0xc0ffeefa70c63f3d2adf52222ccdb03ab2e27fd2 trapped in tx 9e35bb46595e2bc5011bceb0c25021b92d,bytecode_pattern,0x604be06b9f6b6663f78e755db0c5965eb2337e3d,True,False,,,,,,,,,,,,,NEEDS_REVIEW,194,False,,0,0,,behavioral,0,LIKELY_TP_RECIDIVIST
0x8eea59df08b4d9ba071e2f514f0a15131641733e,base,BACKFILL: Self-loop detected. Deployer 0x0e4c51936a3f74b4ad06f16c9c0d4bc95b23b6de called own contract 209 times (195 rev,bytecode_pattern,0x0e4c51936a3f74b4ad06f16c9c0d4bc95b23b6de,True,False,,,,,,,,,,,,,NEEDS_REVIEW,3,False,,0,0,,backfill,0,LIKELY_TP_RECIDIVIST
0xb3c1481d10125eecd86824cd890d5cf5d9be4fb3,base,Behavioral confirmation: bot 0xc0ffee43451db6e0fdd135ed5b06492b35c34e5e trapped in tx 72b649657900684f30ef59b15ce26c16d4,bytecode_pattern,0xc0ffeefeed8b9d271445cf5d1d24d74d2ca4235e,True,False,,,,,,,,,,,,,NEEDS_REVIEW,203,False,,0,0,,behavioral,0,LIKELY_TP_RECIDIVIST
0x38c4e93bac87b2fb96931dab876bb683d388f1a8,base,Behavioral confirmation: bot 0x481a2a7b8b4c2166a98e2fc26810c0f4681e3913 trapped in tx 685176e45f72dd040662181165a1203251,bytecode_pattern,0x4a481b0486c00e013122e8bbf05f8c0220e26e85,True,True,PerpetualManagerProxy,,,,,,,,,,,,NEEDS_REVIEW,0,False,,0,0,,behavioral,0,NEEDS_REVIEW
0x02ce32d9b203b51e7bc3daac5c3c433ac2b8adb3,base,Behavioral confirmation: bot 0x8ccd68317e0b49bef7210eea6c8e94498767e040 trapped in tx 99323ed4fd7594e0d575e1f2a3b7270100,deployer_history,0xd731812cbd52dd726a6f46a804642c84c7846663,True,True,BitcoinVerifier,,,,,,,,,,,,NEEDS_REVIEW,0,False,,0,0,,behavioral,0,NEEDS_REVIEW
0x9b829f7e376077fe19aff29a6971551a487f871d,arbitrum,Behavioral confirmation: bot 0x6fd96f1a38989407577e2eb2633af6d2e64d72ca trapped in tx 3e971b62a0ea0f0966a9413e266c608254,deployer_history,0x65a66494df4673235d2621a79bd5b1bfd9da3ac1,True,False,Cryptodeer Vault,,,,Cryptodeer Vault,deerUSDC,ERC-20,1,,,,,NEEDS_REVIEW,0,False,,0,0,,behavioral,0,NEEDS_REVIEW
0xaa4c504513ad7218a9c38c02416776d0b1760fd5,arbitrum,Self-loop: deployer 0x71f9b813fec432f324a3778b0589c25d214e5bc3 called own contract in reverted tx at block 45582982 (BOT,bytecode_pattern,0x71f9b813fec432f324a3778b0589c25d214e5bc3,True,False,,,,,,,,,,,,,NEEDS_REVIEW,0,False,,0,0,,self_loop,0,LIKELY_FP_WEAK
0x4a9287deb0138a3ef7ef8719b10890a50fc3e1c0,base,Behavioral confirmation: bot 0xc0ffeeaf9aadcf05e268383dd2c96466b0ccca59 trapped in tx 03d8a3941c22e12c5e4d2e5b35a5076e99,bytecode_pattern,0x604be06b9f6b6663f78e755db0c5965eb2337e3d,True,False,,,,,,,,,,,,,NEEDS_REVIEW,194,False,,0,0,,behavioral,0,LIKELY_TP_RECIDIVIST
0xc16b1a753308bf909eddcec07bdeded155b0aba7,base,Behavioral confirmation: bot 0xa57accc582abbf98cbdb223f2f1fdb3d1451b404 trapped in tx 3d67c65756f66275402cb6e2d398efa50b,bytecode_pattern,0x444e654d4053c939951528f2a746eb0a1ef76a5a,True,False,,,,,,,,,,,,,NEEDS_REVIEW,0,False,,0,0,,behavioral,0,NEEDS_REVIEW
0x632d9de479fe7e63ce8eed7636ea2deb27f2a06f,base,Behavioral confirmation: bot 0xc0ffee11f232f7c0d1b55a24ba099bf9eec63fce trapped in tx 059583e6193b998c175289367a72cd59f9,bytecode_pattern,0x604be06b9f6b6663f78e755db0c5965eb2337e3d,True,False,,,,,,,,,,,,,NEEDS_REVIEW,194,False,,0,0,,behavioral,0,LIKELY_TP_RECIDIVIST
0x976e9f6bc5a21075486356bb3b6889e674fda07d,base,Behavioral confirmation: bot 0x0a33b632dfc72f7bfd0a688b6c649d285e22890a trapped in tx eb69eeb18361e80d2d01b9c9ead91f7b46,deployer_history,0x18189287bfbdf3bf5c6dc33052b764893c59c7cc,True,True,Ash20Staking,,,,,,,,,,,,NEEDS_REVIEW,0,False,,0,0,,behavioral,0,NEEDS_REVIEW
0x6a19eb5725a7d0cbcbd44e25850bafbba1552185,base,BACKFILL: Self-loop detected. Deployer 0x0e4c51936a3f74b4ad06f16c9c0d4bc95b23b6de called own contract 155 times (133 rev,bytecode_pattern,0x0e4c51936a3f74b4ad06f16c9c0d4bc95b23b6de,True,False,,,,,,,,,,,,,NEEDS_REVIEW,3,False,,0,0,,backfill,0,LIKELY_TP_RECIDIVIST
0x4d87c77a777979a38ed0f989ca721778f4ee1a7d,base,Behavioral confirmation: bot 0xc0ffeefc06e7d4abc67b8fdba7ef9100b0c85f5b trapped in tx 8ebbf0cba58af0d21eac7672893f3ecdab,bytecode_pattern,0x604be06b9f6b6663f78e755db0c5965eb2337e3d,True,False,,,,,,,,,,,,,NEEDS_REVIEW,194,False,,0,0,,behavioral,0,LIKELY_TP_RECIDIVIST
0xcdc6de562f9c9afb952b7eed123e0f7e6087029a,base,Behavioral confirmation: bot 0xfb438f6e125b98b7828a6af6525907e8d857de7e trapped in tx 548fa4b75965969f27f37b3c99af648f69,bytecode_pattern,0xa3099587930a877e75ff4084c7b22505b72c2eca,True,False,,,,,,,,,,,,,NEEDS_REVIEW,1,False,,0,0,,behavioral,0,NEEDS_REVIEW
0xb2636eaff26747178eb0de3e1ed66e764d88961d,base,Behavioral confirmation: bot 0xc0ffee48945a9518b0b543a2c59dfb102221fbb7 trapped in tx 5084c5319fe4ccaa4e16644febce2c8c10,bytecode_pattern,0x604be06b9f6b6663f78e755db0c5965eb2337e3d,True,False,,,,,,,,,,,,,NEEDS_REVIEW,194,False,,0,0,,behavioral,0,LIKELY_TP_RECIDIVIST
0x55ab3b8397aaacb7292715397a229994539af478,base,Self-loop: deployer 0x0e4c51936a3f74b4ad06f16c9c0d4bc95b23b6de called own contract in reverted tx at block 99999999 (BOT,bytecode_pattern,0x0e4c51936a3f74b4ad06f16c9c0d4bc95b23b6de,True,False,,,,,,,,,,,,,NEEDS_REVIEW,3,False,,0,0,,self_loop,0,LIKELY_TP_RECIDIVIST
0xfbf7c7ea21106d5821b38214307b11ad1f35e993,base,Behavioral confirmation: bot 0xc0ffeebd01000ea2bdd2851b2ff2534f2da1c9b3 trapped in tx a9c8afc852ab632375ce8956cdc1e40677,bytecode_pattern,0x604be06b9f6b6663f78e755db0c5965eb2337e3d,True,False,,,,,,,,,,,,,NEEDS_REVIEW,194,False,,0,0,,behavioral,0,LIKELY_TP_RECIDIVIST
0xfa757c220736345d52e46344ab443eb1b66f6d0d,base,Behavioral confirmation: bot 0xc0ffee445a22e6228cfb77ec0483c426fc856161 trapped in tx ea74109a338e5b514243d46785d0b5288b,bytecode_pattern,0xc0ffeefeed8b9d271445cf5d1d24d74d2ca4235e,True,False,,,,,,,,,,,,,NEEDS_REVIEW,203,False,,0,0,,behavioral,0,LIKELY_TP_RECIDIVIST
0xcdfcbb468ba18dc6a7f46b9bf0ac9f7cdd8c8af2,base,Behavioral confirmation: bot 0xa57accc582abbf98cbdb223f2f1fdb3d1451b404 trapped in tx 40dd260f15960ef1e989aafe6bd4201932,bytecode_pattern,0x6c688b9107c539a448037e42fa0e47dbe31fa46e,True,False,,,,,,,,,,,,,NEEDS_REVIEW,0,False,,0,0,,behavioral,0,NEEDS_REVIEW
0xf394abbc89f688e21b53bd3b68fc63eaeb4a9877,base,Behavioral confirmation: bot 0xc0ffee8fd2291ab011f1b6786e8b2bc9e13977c3 trapped in tx 4297619853700538b5c226d3c0e61657d8,bytecode_pattern,0x604be06b9f6b6663f78e755db0c5965eb2337e3d,True,False,,,,,,,,,,,,,NEEDS_REVIEW,194,False,,0,0,,behavioral,0,LIKELY_TP_RECIDIVIST
0x1fec8cc3c7e3c3b97a4e383606ecc797291bb3bc,arbitrum,Behavioral confirmation: bot 0xc6d36117cf4ec5b65e0b5f6702bd7f43acda03f5 trapped in tx a6c045b14337d38b2f8d3bd3a7d536351e,bytecode_pattern,0xa5d55db6adb1bfa7462e136c302dc793bdb9d934,True,False,,,,,,,,,,,,,NEEDS_REVIEW,1,False,,0,0,,behavioral,0,NEEDS_REVIEW
0x624258b24325c64f897b20cd5f5165af45fa1caf,base,Behavioral confirmation: bot 0x00687e946c49391fbacf1ecb98e6453d6ec9c009 trapped in tx 9d9022cd7a1f127df79d0f431859e59d9f,bytecode_pattern,0x666521000c595a632fb3e99f392b12e937b77586,True,False,,,,,,,,,,,,,NEEDS_REVIEW,11,False,,0,0,,behavioral,0,LIKELY_TP_RECIDIVIST
0x0529169ca2dc587397ec1068fce397258d4601d1,base,Behavioral confirmation: bot 0xc0ffeefa70c63f3d2adf52222ccdb03ab2e27fd2 trapped in tx 05913567e4f62372146f6071c39c25ad90,bytecode_pattern,0x604be06b9f6b6663f78e755db0c5965eb2337e3d,True,False,,,,,,,,,,,,,NEEDS_REVIEW,194,False,,0,0,,behavioral,0,LIKELY_TP_RECIDIVIST
0xf8ab7a85ca2542e70926ce345948437e6d922d4d,arbitrum,Behavioral confirmation: bot 0xdb422bbf5d6b58d35f198f6cc227eb6c1f1c388e trapped in tx 9efac829a448a1d67080a9910bf38a71d8,bytecode_pattern,0xbbf17c07a6b006273d64f72e7c4e880c1379fb39,True,False,SSCCB,,,,SSCCB,SSCCB,ERC-20,6,,,,,NEEDS_REVIEW,0,False,,0,0,,behavioral,0,NEEDS_REVIEW
0x5c29aac400f1bc250d021bb6f650bf7984e6e710,base,Behavioral confirmation: bot 0xc0ffeeee46499a3f63426763fbc0e8344162fc97 trapped in tx dd52a5980386082fb66d76a832170b7c24,bytecode_pattern,0x604be06b9f6b6663f78e755db0c5965eb2337e3d,True,False,,,,,,,,,,,,,NEEDS_REVIEW,194,False,,0,0,,behavioral,0,LIKELY_TP_RECIDIVIST
0x791ec630b6d49be7078ba84b6df36e101fed868f,base,Behavioral confirmation: bot 0xc0ffeefb0fc3053c2ca8fda37390cd4cadfe48c7 trapped in tx d82c47ec2faa270d55cdf85e9f7cfccc67,bytecode_pattern,0x604be06b9f6b6663f78e755db0c5965eb2337e3d,True,False,,,,,,,,,,,,,NEEDS_REVIEW,194,False,,0,0,,behavioral,0,LIKELY_TP_RECIDIVIST
0xec7d448e526377957c23a5a40a1b96028efe50ce,arbitrum,Behavioral confirmation: bot 0x407db951495e93e6954ca11697ba8726cb9b1afd trapped in tx f505fffc4e8fa7c352da91dcdf35bf6a24,bytecode_pattern,0x449f6441e85e2b6572283175f73f5ae4816e7449,,,,,,,,,,,,,,,NEEDS_REVIEW,1,False,,0,0,,behavioral,0,NEEDS_REVIEW
0x20c52ae57cb5c32e849c12528c23be737a840588,arbitrum,Behavioral confirmation: bot 0xc7482b7caee9f2d3fc1592591e7923d17f3a9686 trapped in tx ae69c4f990e8e3863edc045581a9408ffd,bytecode_pattern,0x6afdafe5d9886b32466c3a12bd7aeff59b5d93c2,,,,,,,,,,,,,,,NEEDS_REVIEW,0,False,,41,19,2.16,behavioral,0,NEEDS_REVIEW
0xd737156b5ee229102f59598cb13eebbd30054dbb,base,Behavioral confirmation: bot 0xc0ffee5f66a5546b23f5f430dca69df71e32ebf7 trapped in tx 40f49c2932ee08b1b592cd17cee6a1d90e,bytecode_pattern,0xc0ffeefeed8b9d271445cf5d1d24d74d2ca4235e,True,False,,,,,,,,,,,,,NEEDS_REVIEW,203,False,,0,0,,behavioral,0,LIKELY_TP_RECIDIVIST
0x0efa90c9467324113a990e68b521ab02d470e8a7,base,Behavioral confirmation: bot 0xc0ffee410b604164c6394b1e918362a70bf8d091 trapped in tx e53b080c48c7e856da291fbb08c25af8ae,bytecode_pattern,0x604be06b9f6b6663f78e755db0c5965eb2337e3d,True,False,,,,,,,,,,,,,NEEDS_REVIEW,194,False,,0,0,,behavioral,0,LIKELY_TP_RECIDIVIST
0x6fec392ee427407586630b416017a3748467d115,base,Behavioral confirmation: bot 0xc0ffee17d520056942531cb6d4d6251ff8163bb1 trapped in tx 349b30147bbd23094347d970bc280c6060,bytecode_pattern,0xc0ffeefeed8b9d271445cf5d1d24d74d2ca4235e,True,False,,,,,,,,,,,,,NEEDS_REVIEW,203,False,,0,0,,behavioral,0,LIKELY_TP_RECIDIVIST
0xa1a6226b5f0ddf8c503f7adde2a1fe4298d0a973,base,Behavioral confirmation: bot 0xc0ffee5f2f56d966098e5d8981cb80c3c2def202 trapped in tx 4d07740b734bbb7d53124f7fc7084ea389,bytecode_pattern,0x604be06b9f6b6663f78e755db0c5965eb2337e3d,True,False,,,,,,,,,,,,,NEEDS_REVIEW,194,False,,0,0,,behavioral,0,LIKELY_TP_RECIDIVIST
0x0db91a1df96a66944e5526fbcf233ec2e9ef2610,base,Behavioral confirmation: bot 0xc0ffee4d39ff644238b26a3f9f193f940f9221cc trapped in tx 1390e27b8ff3c992ea6a29a0d81a1c977f,bytecode_pattern,0x604be06b9f6b6663f78e755db0c5965eb2337e3d,True,False,,,,,,,,,,,,,NEEDS_REVIEW,194,False,,0,0,,behavioral,0,LIKELY_TP_RECIDIVIST
0x7d81d8ea1791ab668cd92990f29213d8d426f888,arbitrum,Behavioral confirmation: bot 0x7e1c5b996b5cb92d6e344060a1ff51650ddf60c9 trapped in tx a22b1a094b67bdc4afb85e3dc4471b670f,deployer_history,0xc5d133296e17ba25df0409a6c31607bf3b78e3e3,True,False,,,,,,,,,,,,,NEEDS_REVIEW,2,False,,0,0,,behavioral,1,NEEDS_REVIEW
0x6327764abac5d2a9ce99c163b37df85288db9f66,base,Behavioral confirmation: bot 0xc0ffee077edd3997c2a65ef68c71a5bc6400051a trapped in tx 00150e93778a65d9ca2de4300c6abf3566,bytecode_pattern,0x604be06b9f6b6663f78e755db0c5965eb2337e3d,True,False,,,,,,,,,,,,,NEEDS_REVIEW,194,False,,0,0,,behavioral,0,LIKELY_TP_RECIDIVIST
0xec6819ecc7c7b4b51661099fa1a1460f41e75b81,arbitrum,Behavioral confirmation: bot 0x5f7476ee17eccbc57de45f3444852f5141f650f2 trapped in tx d6618fd5d5cf5e4efad78acbae07e158c9,bytecode_pattern,0x694834fea7b9cf607b9a9b9b609fa82e0497cf99,True,False,,,,,,,,,,,,,NEEDS_REVIEW,0,False,,0,0,,behavioral,0,NEEDS_REVIEW
0x989eb17ae0c52faeb1ca8ad1af0b932bbf87c049,base,Behavioral confirmation: bot 0xc0ffee2e2e109a7321aa17f364a5425e48e1b219 trapped in tx 8711deb704c7aef8fbda0eb851987a856c,bytecode_pattern,0x604be06b9f6b6663f78e755db0c5965eb2337e3d,True,False,,,,,,,,,,,,,NEEDS_REVIEW,194,False,,0,0,,behavioral,0,LIKELY_TP_RECIDIVIST
0x379e9bfadea39ced508b3ddec81d781bfe7d0307,base,Behavioral confirmation: bot 0x6f046967aac2f7e9d36797fb81d93e7a497ff10f trapped in tx dc1a18b95268e9562ac3053d523257c826,bytecode_pattern,0x669476d352d74954363424508dae4fb9ea02a8a0,True,False,,,,,,,,,,,,,NEEDS_REVIEW,3,False,,0,0,,behavioral,0,LIKELY_TP_RECIDIVIST
0xff9c23d9f208813a7857087a024c7a9ed85f522a,base,Behavioral confirmation: bot 0xc0ffee26e721b8e0ffeac3176166aad4e599e41d trapped in tx 8fd5d90a1fc1c02fef876c017384b2b781,bytecode_pattern,0xc0ffeefeed8b9d271445cf5d1d24d74d2ca4235e,True,False,,,,,,,,,,,,,NEEDS_REVIEW,203,False,,0,0,,behavioral,0,LIKELY_TP_RECIDIVIST
0x383dd8ccdc17ca97d5cd4640cfe7021a3b6b1662,arbitrum,Behavioral confirmation: bot 0x7e1c5b996b5cb92d6e344060a1ff51650ddf60c9 trapped in tx 1205a7109acad609e227aa7939632a035d,deployer_history,0xc5d133296e17ba25df0409a6c31607bf3b78e3e3,True,False,,,,,,,,,,,,,NEEDS_REVIEW,2,False,,0,0,,behavioral,1,NEEDS_REVIEW
0x98189ee5d702ae30448eb20b3e3601b7a04b6732,base,Behavioral confirmation: bot 0x31300f512a14191ce30d14f0c63ff85816abb7d4 trapped in tx 90313c8f1298865eedc34d84e076dd807f,bytecode_pattern,0xdd8769529d83f2fc3af26327540e41e250fce4d4,True,True,MerkleDistributorWithDeadline,,,,,,,,,,,,NEEDS_REVIEW,0,False,,0,0,,behavioral,0,NEEDS_REVIEW
0x9b4822d79ebfb7d61e25ee4c131968532be966c0,base,Behavioral confirmation: bot 0xc0ffee884426f7c2e6d61b8b6ae8927c4c40ff5e trapped in tx bcad9be799aa99126525f9902f09ba9680,bytecode_pattern,0xc0ffeefeed8b9d271445cf5d1d24d74d2ca4235e,True,False,,,,,,,,,,,,,NEEDS_REVIEW,203,False,,0,0,,behavioral,0,LIKELY_TP_RECIDIVIST
0x542b2b96e9c944260722a86c2ee76166a8e3d0a0,base,Behavioral confirmation: bot 0x5be28b0257dd7ccb24588b9c4e18cb127928415e trapped in tx 2034232328f1b023088b23838a52fee19c,bytecode_pattern,0xa41d5faf7ba8b82e276125de2a053216e91f4814,True,False,ZERO,,,,ZERO,ZERO,ERC-20,29,,,,,NEEDS_REVIEW,0,False,,8,7,1.14,behavioral,0,NEEDS_REVIEW
0xa39e6008cdc670ce6a3903f7144064ffaaab0038,base,Behavioral confirmation: bot 0xc0ffee818c9cd2b6e75754e94e0aad291c4db95e trapped in tx 9aafe1fd3ccb1d096f03c2685fe889986b,bytecode_pattern,0x604be06b9f6b6663f78e755db0c5965eb2337e3d,True,False,,,,,,,,,,,,,NEEDS_REVIEW,194,False,,0,0,,behavioral,0,LIKELY_TP_RECIDIVIST
0x7c494e3181e02fdbc8f0b169ff465d815ad5599d,base,Behavioral confirmation: bot 0xc0ffee884426f7c2e6d61b8b6ae8927c4c40ff5e trapped in tx 228f9023762b7473c1a1427c0213105692,bytecode_pattern,0x604be06b9f6b6663f78e755db0c5965eb2337e3d,True,False,,,,,,,,,,,,,NEEDS_REVIEW,194,False,,0,0,,behavioral,0,LIKELY_TP_RECIDIVIST
0x4b6943b6a5f4ac72dc4cd57ca4bca432e5c89877,base,Behavioral confirmation: bot 0xc0ffeeeaeca83cfc813c7a67deca789a3e1453ff trapped in tx 5b54018ae042d7dee365dc47a304d71cf3,bytecode_pattern,0x604be06b9f6b6663f78e755db0c5965eb2337e3d,True,False,,,,,,,,,,,,,NEEDS_REVIEW,194,False,,0,0,,behavioral,0,LIKELY_TP_RECIDIVIST
0x004102210a31fd705272195e82f41e0ef3fc9c7c,base,Behavioral confirmation: bot 0xc0ffeee770e501395a49833100b41f31429b8f9c trapped in tx ba99d269602bf86e309b14feefe18454df,bytecode_pattern,0x604be06b9f6b6663f78e755db0c5965eb2337e3d,True,False,,,,,,,,,,,,,NEEDS_REVIEW,194,False,,0,0,,behavioral,0,LIKELY_TP_RECIDIVIST
0xaa9c087543f791dfda8f060126b2d81b014901aa,base,Behavioral confirmation: bot 0x5471cc7a22c6430f332cc5c7279292dca6fe99ac trapped in tx cc9450e9d706205bd9017b0e0bd282fc72,bytecode_pattern,0x7b72595d62b1f4260b1cdb331a2f5e19e62a52b0,True,True,RuneToken,,,,Rune,RUNE,ERC-20,242,,,,,LIKELY_FP,,,,,,,,,ALREADY_MIGRATED
0x7cff972b2227226ff058e9fabbf281e28200f2b9,base,Behavioral confirmation: bot 0xfa91a7af4152fe2da1315d113a789929970bb2fe trapped in tx 476dd360ff65f7b439a5ac1f6297d21922,bytecode_pattern,0x963a4de08481c5e75dcf9801fa528c2cfb1663ec,True,True,PublicBridge,,,,,,,,,,,,NEEDS_REVIEW,0,False,,0,0,,behavioral,0,NEEDS_REVIEW
0x3f400b92679baadf981195b598f91740607d3597,base,BACKFILL: Self-loop detected. Deployer 0x19cbeb465cb8b3b988e4fa256a71155c3f5970f5 called own contract 33 times (26 rever,bytecode_pattern,0x19cbeb465cb8b3b988e4fa256a71155c3f5970f5,True,False,,,,,,,,,,,,,NEEDS_REVIEW,11,False,,0,0,,backfill,0,LIKELY_TP_RECIDIVIST
0x0b51825d79c10042343edcab55bb64fa6a02de1e,base,Behavioral confirmation: bot 0xb806088fce035cacef3b3b0c3e9ea8e32069b89c trapped in tx d4adea9d9623cd3cd5ee8956e33b01f518,bytecode_pattern,0x5eda1de70e198fd62be90f37dbbc8f6c9b45afd9,True,False,,,,,,,,,,,,,NEEDS_REVIEW,1,False,,0,0,,behavioral,0,NEEDS_REVIEW
0x95e66a297e37c50135a5ecd45907c77c7d7ed742,base,BACKFILL: Self-loop detected. Deployer 0x19cbeb465cb8b3b988e4fa256a71155c3f5970f5 called own contract 3 times (3 reverte,deployer_history,0x19cbeb465cb8b3b988e4fa256a71155c3f5970f5,True,False,,,,,,,,,,,,,NEEDS_REVIEW,11,False,,0,0,,backfill,0,LIKELY_TP_RECIDIVIST
0x80e578fb655a177ee90511b64b3a746906c4107c,base,BACKFILL: Self-loop detected. Deployer 0xd77833089eda252dd457484bd39f4bf493f4ad5c called own contract 79 times (79 rever,bytecode_pattern,0xd77833089eda252dd457484bd39f4bf493f4ad5c,True,False,,,,,,,,,,,,,NEEDS_REVIEW,6,False,,0,0,,backfill,0,LIKELY_TP_RECIDIVIST
0x80719c8024053a39c73df60a80ddefd1def333d7,base,Behavioral confirmation: bot 0xb806088fce035cacef3b3b0c3e9ea8e32069b89c trapped in tx 3c1c847b2ee9d39282a3dbdb2d3c7cc009,bytecode_pattern,0x5eda1de70e198fd62be90f37dbbc8f6c9b45afd9,True,False,,,,,,,,,,,,,NEEDS_REVIEW,1,False,,0,0,,behavioral,0,NEEDS_REVIEW
0x9eb69d036e756cec01d69ac2fdc1d666fa030237,base,Behavioral confirmation: bot 0x212ed41b51e50b0751ddc206cf11ac7c1fd2da65 trapped in tx b05c02864436e9654df764d52facf61356,bytecode_pattern,0xb710d6981d5e04105edb4d2a6352e19169ccd2c3,True,False,,,,,,,,,,,,,NEEDS_REVIEW,0,False,,0,0,,behavioral,0,NEEDS_REVIEW
0xbd0e5f14afadd9a6bec11d8fe0b22624ba29bce8,arbitrum,Behavioral confirmation: bot 0x268846b7e53f9352e0ad7f4fcef0c9d8683b537c trapped in tx 34b161939519b3a1c9b5c475b1b8eb8959,bytecode_pattern,0x44f5de4b72ffb110b021391c3493cd351c4172e2,True,False,,,,,,,,,,,,,NEEDS_REVIEW,0,False,,0,0,,behavioral,0,NEEDS_REVIEW
0xbe2aa0ab1d3d3ce5bd50f6d7b8c9819a61eebccb,arbitrum,Behavioral confirmation: bot 0xc641a9b83a542fc814d039051a8ef7a6e8414c63 trapped in tx 323d35d0c51662de356b05f41953572155,bytecode_pattern,0x449f6441e85e2b6572283175f73f5ae4816e7449,True,True,UNICORN,,,,UNICORN,UNICORN,ERC-20,10,,,,,LIKELY_FP,,,,,,,,,ALREADY_MIGRATED
0xe43e50c7b6164b6209f0025da677558fc53fffae,arbitrum,Behavioral confirmation: bot 0xb2840c688efb8b7cd7ee445c2a24c3932963938b trapped in tx 7f9b3a37ac9c83073fb7368835555a76fc,bytecode_pattern,0x449f6441e85e2b6572283175f73f5ae4816e7449,True,False,UNICORN,,,,UNICORN,UNICORN,ERC-20,24,,,,,NEEDS_REVIEW,1,False,,0,0,,behavioral,0,NEEDS_REVIEW
0xb3b4f451870b53586949f0af4ba754aaf8aed4f3,base,Behavioral confirmation: bot 0x275cf5a28574d4e5b11fe296cd57ea5da4e5d09d trapped in tx 6172de1ee45a4fc0e71386cd47c5ccd635,deployer_history,0x1a2fba682d4ae57ba42ed7ee7cb4dc5b51987539,True,True,CollectionProxy,,,,,,,,,,,,NEEDS_REVIEW,0,False,,0,0,,behavioral,0,NEEDS_REVIEW
0x40beb8ec4cffcdd40555858ca7d777d3f20e9c1f,arbitrum,Behavioral confirmation: bot 0x5d28fa93ccb0b758402732eb626ac8ae3edebb40 trapped in tx 758d061f67e15ea8c02589816ab043f770,bytecode_pattern,0x7018b6b597b8a1c341682d4418492ed2e56e0266,True,False,,,,,,,,,,,,,NEEDS_REVIEW,0,False,,0,0,,behavioral,0,NEEDS_REVIEW
0xe6d50ff90532ff1926d32b8b4a757cb44af128e5,base,Behavioral confirmation: bot 0x2caaaa4ff6a1079b6c10b8149f98b45db7ee48f8 trapped in tx 7d3ef5e441ae899664472be05ef3d45bc3,bytecode_pattern,0xf7460d81fa18a6a5b213e8450e68c9ca2648993b,True,True,PublicBridge,,,,,,,,,,,,NEEDS_REVIEW,0,False,,0,0,,behavioral,0,NEEDS_REVIEW
0xd209c27375d1b5916f677f39d5f320e67dd4fafe,base,Behavioral confirmation: bot 0xf350367d4e3e0e45dc0f9e425741a86b8cf7e66f trapped in tx 97f3029940a2c774d6cb7495a141af731c,bytecode_pattern,0x5073190885b3717e99e9b5436ee67ae26b743f92,True,True,NexusClawStaking,,,,,,,,,,,,NEEDS_REVIEW,0,False,,0,0,,behavioral,0,NEEDS_REVIEW
0xc1555c86fd8a0c18c7ca78487a951ad435b2a715,base,Behavioral confirmation: bot 0x7e3e17b6e7ee2c29a2a1bf6856dbb848bb8d0926 trapped in tx 560140aa573d66d68f090ed2353df9d1eb,bytecode_pattern,0x03485b65e10bbe3238384f13cb2e6416ef89ad24,True,True,CambrilioRoulette,,,,,,,,,,,,NEEDS_REVIEW,0,False,,0,0,,behavioral,0,NEEDS_REVIEW
0x6b6978e3626463ebb81403d677ea7c4abea7b535,base,Behavioral confirmation: bot 0x010594d392eb97938bb2cfbfeec26d04ebd40258 trapped in tx aea3352c70eaea5eea91dc49afc391284c,bytecode_pattern,0x14cd16fb9b42c027978e77ade57f1579ee8e76ed,True,False,,,,,,,,,,,,,NEEDS_REVIEW,2,False,,0,0,,behavioral,0,LIKELY_TP_RECIDIVIST
0x9c5806f01b9870c58be39ae1165877e4d9c9465c,base,Behavioral confirmation: bot 0x29093a4c58f8cd946db0de1f77d418174e709617 trapped in tx ff0417ac676d774fbd2864697d0443389b,deployer_history,0x5cf581fc0a8fe2e4256fa68ce435808a3c275661,True,True,WinStake,,,,,,,,,,,,NEEDS_REVIEW,4,False,,0,0,,behavioral,0,LIKELY_TP_RECIDIVIST
0x7e211fa54fae2b459a895ba32786489157a41e57,optimism,Behavioral confirmation: bot 0x24aa5618075ab46bf5d88ffc01e355b7b879fddd trapped in tx e29a9aa6f02f17d3365727439e217a975d,bytecode_pattern,0x14cd16fb9b42c027978e77ade57f1579ee8e76ed,True,False,,,,,,,,,,,,,NEEDS_REVIEW,2,False,,0,0,,behavioral,0,LIKELY_TP_RECIDIVIST
0x1623e2b197b1acfd09d443d4e2d0fab53b8f7301,base,Behavioral confirmation: bot 0x5095ba320d6e770d65711fac23afb0a70c443dbc trapped in tx 1347036f70c94f1855c979b9da73e9670f,bytecode_pattern,0x991795044ff877d40ec59393e9591abba76f1a16,True,False,Circle Wrapped Bitcoin,,,,Circle Wrapped Bitcoin,CirBTC,ERC-20,119491,,,,,LIKELY_FP,,,,,,,,,ALREADY_MIGRATED
0xabc4b078fbc110161b194ad618d0c8ebb6325c34,arbitrum,Behavioral confirmation: bot 0x3034d049959675f6448a4b20aa3639ca6a34c4ce trapped in tx b8526b4868327469ace47048957ec1499e,bytecode_pattern,0xe5aa0582c701f32fe256a2ed3944faa0def8c048,True,False,,,,,,,,,,,,,NEEDS_REVIEW,0,False,,0,0,,behavioral,0,NEEDS_REVIEW
0x4c6c454f2941ebd46c7bdc7507c676717dff0f0c,base,Behavioral confirmation: bot 0x5901663c2a788f2fb88527acb0ebeeb3a6648cad trapped in tx 78cbf61a5bb6d7d2be7c83f8f4c1113c9b,bytecode_pattern,0x18d618759b8f22cb9935d9e4d4c91751a890fae5,True,False,,,,,,,,,,,,,NEEDS_REVIEW,8,False,,0,0,,behavioral,0,LIKELY_TP_RECIDIVIST
0x3076ad28fbc481f843757ad644e5d2aba7a04cae,base,Behavioral confirmation: bot 0xc0ffee59f94f54f4f293f01672976408bc1cad7f trapped in tx 596ed425a4bf612f667c771592a877947d,bytecode_pattern,0xc0ffeefeed8b9d271445cf5d1d24d74d2ca4235e,True,False,,,,,,,,,,,,,NEEDS_REVIEW,203,False,,0,0,,behavioral,0,LIKELY_TP_RECIDIVIST
0xe626311575aab3f89185b1f55e69879adb17d84f,arbitrum,Behavioral confirmation: bot 0xc98ac59e34bef695ce8d89f9b8f0e1e7a17865c0 trapped in tx 44c42442db011c9dd67fdf308dfdeb9542,bytecode_pattern,0x4e9349e6f34834d8c42d7f799962ac51572e5348,True,False,Bagel Labs,,,,Bagel Labs,BGLAB,ERC-20,2237,,,,,LIKELY_FP,,,,,,,,,ALREADY_MIGRATED
0x6ca58be72fe7f758584b16d3db55fe5b37736516,base,Behavioral confirmation: bot 0x1546e62e996d9851efeb89489cbadbf4e4afa66b trapped in tx 4189d1b8b806646167b4a8114cf1524ba1,bytecode_pattern,0x99db7515c4a42adf7abdf1433997629e11cec5e0,True,False,ASI,,,,ASI,ASI,ERC-20,325,,,,,LIKELY_FP,,,,,,,,,ALREADY_MIGRATED
0x7670f1b896df2e03b37ccf428bf8a6035e3d33ab,arbitrum,Behavioral confirmation: bot 0x7ad40b4366a872d4e78bd880755a52a1bddece09 trapped in tx e09f61c3e319019c3b614b414471b06dc6,bytecode_pattern,0x10dcf6b629738e51d5bf485f692213036065db05,True,False,,,,,,,,,,,,,NEEDS_REVIEW,0,False,,0,0,,behavioral,0,NEEDS_REVIEW
0x098f95ddc907cbcf4e9c234cf53b0927341afec2,base,Behavioral confirmation: bot 0x547fb8c1d57adf75f42af0983d8c0cbd21428e1b trapped in tx d3d87462a687d9fe830b91222eaea0a2a2,bytecode_pattern,0x8915c469ba0d350280e54ba418f44647d174dd28,True,False,Sentio,,,,Sentio,ST,ERC-20,168018,,,,,LIKELY_FP,,,,,,,,,ALREADY_MIGRATED
0xa9803c0653c7012dea0345fcf9536e317616be7e,base,Behavioral confirmation: bot 0xb53b0255895c4f9e3a185e484e5b674bccfbc076 trapped in tx 376b83297f3c78ff5362b982c81e5f7cb9,bytecode_pattern,0x3de1ee900c7681d4b41d4a58cec171eb9fe3ebde,True,False,,,,,,,,,,,,,NEEDS_REVIEW,0,False,,0,0,,behavioral,0,NEEDS_REVIEW
0xf866a37469ce02661cb3bf6d07561981b08ee5e8,base,Behavioral confirmation: bot 0xe1f4b970515b554b1c96ab033e02763ef90a391c trapped in tx 425b509e88effac8a65f623b16d7de3a33,bytecode_pattern,0xf6e469179971a0b0445658eec5dac15ff8288d9f,True,False,,,,,,,,,,,,,NEEDS_REVIEW,3,False,,0,0,,behavioral,0,LIKELY_TP_RECIDIVIST
0x0a92f5ebb9b8fdbdf82309e3d8220ef7d84ec9d7,arbitrum,Behavioral confirmation: bot 0x9bb18c6746ce5a4fcdaa7bfc170f10ac143c9a13 trapped in tx f8936fcb2fcb7f0826773c2611c808d9bf,deployer_history,0x08b8b9410cba313728d98488a84b90c89fd01a17,True,False,,,,,,,,,,,,,NEEDS_REVIEW,12,False,,0,0,,behavioral,0,LIKELY_TP_RECIDIVIST
0x4a12738c86989318f99079382e4f5d4b4b17aa63,base,Behavioral confirmation: bot 0xe1f4b970515b554b1c96ab033e02763ef90a391c trapped in tx 1e9a33a63d79ec439706f95a127d1e715a,bytecode_pattern,0xf6e469179971a0b0445658eec5dac15ff8288d9f,True,False,,,,,,,,,,,,,NEEDS_REVIEW,3,False,,0,0,,behavioral,0,LIKELY_TP_RECIDIVIST
0xdd5dca58e01813d7a8f1b5f68bff90ca1e181ddd,arbitrum,Behavioral confirmation: bot 0x00cbecd55197bc8c46b7c44c75c7577006124017 trapped in tx a04b973b1de1097b2f649b5792ca050960,bytecode_pattern,0x10b329a373ca5e24c5d856d14434dab277c56f6a,True,True,DNC,,,,DNC,DNC,ERC-20,1506,,,,,LIKELY_FP,,,,,,,,,ALREADY_MIGRATED
0x8fe25284f5a7d97e37bd3ccc27c9c06bc80af468,arbitrum,BACKFILL: Self-loop detected. Deployer 0xd69f9856a569b1655b43b0395b7c2923a217cfe0 called own contract 135 times (135 rev,bytecode_pattern,0xd69f9856a569b1655b43b0395b7c2923a217cfe0,True,False,,,,,,,,,,,,,NEEDS_REVIEW,2,False,,0,0,,backfill,0,LIKELY_TP_RECIDIVIST
0xbb2d213f794a56ae179797dd144021f35200a319,base,Behavioral confirmation: bot 0x45dbcc9c3fea566e27d787f6a9937879cad879eb trapped in tx de7e3a037557789a9228187286f995e595,bytecode_pattern,0x557f20acc7a09837347c98bcfc2d67eeb5a2145e,True,False,,,,,,,,,,,,,NEEDS_REVIEW,0,False,,0,0,,behavioral,0,NEEDS_REVIEW
0x8495d1f1deef0b18e86fcd4914dbb7228146e0fb,base,Behavioral confirmation: bot 0x5901663c2a788f2fb88527acb0ebeeb3a6648cad trapped in tx d96d6ad3cf17607c3499521cdcce5a68c6,bytecode_pattern,0x18d618759b8f22cb9935d9e4d4c91751a890fae5,True,False,,,,,,,,,,,,,NEEDS_REVIEW,8,False,,0,0,,behavioral,0,LIKELY_TP_RECIDIVIST
0x90eee7c0d6d0125daab3b9193873b1be698dc736,base,Behavioral confirmation: bot 0xbfa523fc64a8dea81d6193752a371e0325417d82 trapped in tx d99aad4c9b0b4ea7175d4cb03e9b84468b,bytecode_pattern,0x75cf7751773c7f614dabd6dfc3e6325c405bb29b,True,False,,,,,,,,,,,,,NEEDS_REVIEW,0,False,,0,0,,behavioral,0,NEEDS_REVIEW
0xe9b2330923d5400fe93cb23dcf610408b75d791e,base,Behavioral confirmation: bot 0x31bee523ccadcbe0c949f0c1865f1d8e0d0978a7 trapped in tx 248ec8082fee9844984cd8e45f89420caf,bytecode_pattern,0xf6e469179971a0b0445658eec5dac15ff8288d9f,True,False,DLMM Vault C Shares,,,,DLMM Vault C Shares,dvUSDC-C,ERC-20,1,,,,,NEEDS_REVIEW,3,False,,0,0,,behavioral,0,LIKELY_TP_RECIDIVIST
0x09bf575a62b22c7a537dc6531188b2bd9c0cd6b4,base,Behavioral confirmation: bot 0xe1f4b970515b554b1c96ab033e02763ef90a391c trapped in tx b4c55c9b68fbf7848b6d1287c2b997364a,bytecode_pattern,0xf6e469179971a0b0445658eec5dac15ff8288d9f,True,False,,,,,,,,,,,,,NEEDS_REVIEW,3,False,,0,0,,behavioral,0,LIKELY_TP_RECIDIVIST
0x1f0704d704b901eb4f95a867d2c80a8396ff0677,base,Behavioral confirmation: bot 0x5901663c2a788f2fb88527acb0ebeeb3a6648cad trapped in tx 3d32efd85eb9b89f323e4629d6152fa661,bytecode_pattern,0x18d618759b8f22cb9935d9e4d4c91751a890fae5,True,False,,,,,,,,,,,,,NEEDS_REVIEW,8,False,,0,0,,behavioral,0,LIKELY_TP_RECIDIVIST
0xd1a9c64fe6d2aca05b85e25df973c9d2ba583d7e,base,Behavioral confirmation: bot 0x5901663c2a788f2fb88527acb0ebeeb3a6648cad trapped in tx fb9c959cb2945d48d23ac0408c9e4f3559,bytecode_pattern,0x18d618759b8f22cb9935d9e4d4c91751a890fae5,True,False,,,,,,,,,,,,,NEEDS_REVIEW,8,False,,0,0,,behavioral,0,LIKELY_TP_RECIDIVIST
0x64e7f5411f8f65c1e72c813591e1186338e3bdbb,base,Behavioral confirmation: bot 0x5901663c2a788f2fb88527acb0ebeeb3a6648cad trapped in tx 45349fbdced0da987c48db57ff0d289e82,bytecode_pattern,0x18d618759b8f22cb9935d9e4d4c91751a890fae5,True,False,,,,,,,,,,,,,NEEDS_REVIEW,8,False,,0,0,,behavioral,0,LIKELY_TP_RECIDIVIST
0x85a1f2f91cfb52dde6c820bfa149a164992d0a89,base,Behavioral confirmation: bot 0x5901663c2a788f2fb88527acb0ebeeb3a6648cad trapped in tx fc69958bbb7a977957b4432a399bbeb749,bytecode_pattern,0x18d618759b8f22cb9935d9e4d4c91751a890fae5,True,False,,,,,,,,,,,,,NEEDS_REVIEW,8,False,,0,0,,behavioral,0,LIKELY_TP_RECIDIVIST
0x37903bfc76aaaabccb71425bd6767fcd70ad67b1,base,Self-loop: deployer 0x3be22b314654c396a12c5e8d79abdd65aac3caaf called own contract in reverted tx at block 44778820 (BOT,bytecode_pattern,0x3be22b314654c396a12c5e8d79abdd65aac3caaf,True,False,,,,,,,,,,,,,NEEDS_REVIEW,0,False,,0,0,,self_loop,0,LIKELY_FP_WEAK
0xc733eb163f72a16e6df931c8e5e40c00e0c29e4b,base,BACKFILL: Self-loop detected. Deployer 0x19cbeb465cb8b3b988e4fa256a71155c3f5970f5 called own contract 5 times (4 reverte,deployer_history,0x19cbeb465cb8b3b988e4fa256a71155c3f5970f5,True,False,,,,,,,,,,,,,NEEDS_REVIEW,11,False,,0,0,,backfill,0,LIKELY_TP_RECIDIVIST
0x840b9aabf5ab0992a6d3bf4591ebff7c24cb4a17,base,BACKFILL: Self-loop detected. Deployer 0x19cbeb465cb8b3b988e4fa256a71155c3f5970f5 called own contract 25 times (14 rever,deployer_history,0x19cbeb465cb8b3b988e4fa256a71155c3f5970f5,True,False,,,,,,,,,,,,,NEEDS_REVIEW,11,False,,0,0,,backfill,0,LIKELY_TP_RECIDIVIST
0x346434dbb1dfd0d941ab0805cfa7b6d65c927ab0,base,Behavioral confirmation: bot 0x45af412e42f417c02f621ad4557f6e7af7c032cb trapped in tx 4ca4967611607af28ecf48603e5ec427ca,bytecode_pattern,0x88cb5ca56409fa1eff749d924950aff33ac3f0c5,True,False,,,,,,,,,,,,,NEEDS_REVIEW,0,False,,0,0,,behavioral,0,NEEDS_REVIEW
0x9f843c702c80ea466113a1bb271dce9e264830ae,base,Behavioral confirmation: bot 0xc0ffee17d520056942531cb6d4d6251ff8163bb1 trapped in tx 06f467c9d1a83c70aec31bd8ace17443a0,bytecode_pattern,0x604be06b9f6b6663f78e755db0c5965eb2337e3d,True,False,,,,,,,,,,,,,NEEDS_REVIEW,194,False,,0,0,,behavioral,0,LIKELY_TP_RECIDIVIST
0xe05701ca1b255fbc55157e56fe3368506bc9e3aa,base,Behavioral confirmation: bot 0xc0ffeec1f8029a5adc3c9017c433d7c692fdd545 trapped in tx b651d71c6ae25c449828c41b6e988db3ca,bytecode_pattern,0xc0ffeefeed8b9d271445cf5d1d24d74d2ca4235e,True,False,,,,,,,,,,,,,NEEDS_REVIEW,203,False,,0,0,,behavioral,0,LIKELY_TP_RECIDIVIST
0x60abafd8dba91ea1bc41ca7af2c8ccd589e80790,base,Behavioral confirmation: bot 0xc0ffee077edd3997c2a65ef68c71a5bc6400051a trapped in tx 4247d2139bde898f6a9c0fa4e9b90b0db6,deployer_history,0xc0ffeefeed8b9d271445cf5d1d24d74d2ca4235e,True,False,,,,,,,,,,,,,NEEDS_REVIEW,203,False,,0,0,,behavioral,0,LIKELY_TP_RECIDIVIST
0x11e29c60ed6f05cad402c867d9e610542c8fc90c,base,Behavioral confirmation: bot 0x59506e6ebd892c3f9d5b957caa563e7b70775fe1 trapped in tx 2a36ec57e2bfa7cf64442ecd53ba2c8395,deployer_history,0x95effb46bd4c3c84afa3dbaeed5adc275c4e9076,True,False,,,,,,,,,,,,,NEEDS_REVIEW,3,False,,0,0,,behavioral,0,LIKELY_TP_RECIDIVIST
0x904150fc27c95c56bea56746eff30886d81124b2,base,BACKFILL: Self-loop detected. Deployer 0xa0350f0c6cd4b8f02af832d37a6b7c939a9f8794 called own contract 5805 times (5061 r,bytecode_pattern,0xa0350f0c6cd4b8f02af832d37a6b7c939a9f8794,True,False,,,,,,,,,,,,,NEEDS_REVIEW,3,False,,0,0,,backfill,0,LIKELY_TP_RECIDIVIST
0xce895e5ea139c5d7eea57dedcf95f7527e3e5317,base,BACKFILL: Self-loop detected. Deployer 0x19cbeb465cb8b3b988e4fa256a71155c3f5970f5 called own contract 879 times (61 reve,deployer_history,0x19cbeb465cb8b3b988e4fa256a71155c3f5970f5,True,False,,,,,,,,,,,,,NEEDS_REVIEW,11,False,,0,0,,backfill,0,LIKELY_TP_RECIDIVIST
0x67a89ea9bc8e5e1f06fcd47418a4a26f81232830,base,Behavioral confirmation: bot 0x2e7eb141447b5945438823c851e2a5fd2cbedb80 trapped in tx 614f17ebacd94886f33ae9c468b75e1914,bytecode_pattern,0xd77833089eda252dd457484bd39f4bf493f4ad5c,True,False,,,,,,,,,,,,,NEEDS_REVIEW,6,False,,0,0,,behavioral,0,LIKELY_TP_RECIDIVIST
0xdd382c873af6fb34536e42836eac5e9a4df5e1e6,base,Behavioral confirmation: bot 0x43f6950843b65826212bcb1e659e56a103878ce9 trapped in tx f90e5fbdd8e2e4c7f7374ab21741980868,bytecode_pattern,0x0ccdc4ee0dd0ea232e3d86d0fe6eb28cec38613c,True,False,,,,,,,,,,,,,NEEDS_REVIEW,0,False,,0,0,,behavioral,0,NEEDS_REVIEW
0xe8a184dd014d3f9f4aa8af8b2a03d7077dcc3cab,arbitrum,BACKFILL: Self-loop detected. Deployer 0xb4a3c10c0b2f14e001c6d3b271a5c64c287472df called own contract 17496 times (17496,bytecode_pattern,0xb4a3c10c0b2f14e001c6d3b271a5c64c287472df,True,False,,,,,,,,,,,,,NEEDS_REVIEW,1,False,,0,0,,backfill,0,NEEDS_REVIEW
0xdd870cb1db09d566b1063f6ef68d0036aa187f91,arbitrum,Behavioral confirmation: bot 0x825656c21d9ab5deaaa9d6365ac3d92713762407 trapped in tx 3d984ad8f47697f8d9361182a3c2ef9aae,bytecode_pattern,0x3ce47c5d5059705f555bd36c9ff53bff92961d1f,True,False,,,,,,,,,,,,,NEEDS_REVIEW,1,False,,0,0,,behavioral,0,NEEDS_REVIEW
0x4c7c15c18d4d9d281b1bbe3dbb0ca80d8c6b3b39,arbitrum,Behavioral confirmation: bot 0x825656c21d9ab5deaaa9d6365ac3d92713762407 trapped in tx cd1220d890852c4ac08c3314c7619a6a13,bytecode_pattern,0x3ce47c5d5059705f555bd36c9ff53bff92961d1f,True,False,,,,,,,,,,,,,NEEDS_REVIEW,1,False,,0,0,,behavioral,0,NEEDS_REVIEW
0x30e2791bc6a64789d6e10181d4a135aeb65dfc17,base,Behavioral confirmation: bot 0xc0ffee384079a6be4b67c6f9da4164d69a8f509a trapped in tx fdc7fac74e8cd71b5930f7937e66ce7d87,bytecode_pattern,0xc0ffeefeed8b9d271445cf5d1d24d74d2ca4235e,True,False,,,,,,,,,,,,,NEEDS_REVIEW,203,False,,0,0,,behavioral,0,LIKELY_TP_RECIDIVIST
0x7261f6feb49e142e5f54d8fd4453ef202bfe4063,base,Behavioral confirmation: bot 0xc0ffeea556179ce7a8d01211f4288a8b25f7cf49 trapped in tx 729a8fe4d28a49304d48320a76709eeb08,deployer_history,0x604be06b9f6b6663f78e755db0c5965eb2337e3d,True,False,,,,,,,,,,,,,NEEDS_REVIEW,194,False,,0,0,,behavioral,0,LIKELY_TP_RECIDIVIST
0x4e4404334f74eddefc15848bcee936a2e42601ef,base,Behavioral confirmation: bot 0x29e90c48082b5cc84cfc47a3adf87e3f3f1d86e1 trapped in tx 6e533892af26d7d240fb80424c7badaa77,bytecode_pattern,0xf0e9286cfcb75c94ac19e99bcd93d814da55e304,True,False,,,,,,,,,,,,,NEEDS_REVIEW,0,False,,0,0,,behavioral,0,NEEDS_REVIEW
0x939f40bb3f2caf7879ea0bdc16ff4ed58e096227,base,Behavioral confirmation: bot 0x5901663c2a788f2fb88527acb0ebeeb3a6648cad trapped in tx 0b3c91793a9afd84d5bcdca5a4954cd17b,bytecode_pattern,0x18d618759b8f22cb9935d9e4d4c91751a890fae5,True,False,,,,,,,,,,,,,NEEDS_REVIEW,8,False,,0,0,,behavioral,0,LIKELY_TP_RECIDIVIST
0x90544cdf4328377667c8ba3bd5a855b964a80fa0,base,Behavioral confirmation: bot 0x5901663c2a788f2fb88527acb0ebeeb3a6648cad trapped in tx fa6d5e7053299c2a54d1eed8cf4f070e62,bytecode_pattern,0x18d618759b8f22cb9935d9e4d4c91751a890fae5,True,False,,,,,,,,,,,,,NEEDS_REVIEW,8,False,,0,0,,behavioral,0,LIKELY_TP_RECIDIVIST
0x5201300d0be7f18206bc0ae3c9e07117908f67bc,base,Behavioral confirmation: bot 0x5901663c2a788f2fb88527acb0ebeeb3a6648cad trapped in tx a5fccd5a5d36ed12adabfc9725e3f43bff,bytecode_pattern,0x18d618759b8f22cb9935d9e4d4c91751a890fae5,True,False,,,,,,,,,,,,,NEEDS_REVIEW,8,False,,0,0,,behavioral,0,LIKELY_TP_RECIDIVIST
0x936fac98d8bc0bf90d4be5cd7049f659220d0786,arbitrum,Behavioral confirmation: bot 0x291fa47342eb0efb884f653bc94654e819a209ab trapped in tx bbf53041ffe32cef47291c377c4cac1370,bytecode_pattern,0xa5d55db6adb1bfa7462e136c302dc793bdb9d934,True,False,,,,,,,,,,,,,NEEDS_REVIEW,1,False,,0,0,,behavioral,0,NEEDS_REVIEW
0x3d509bb19b98a81d8e1d480eb49002d2af765200,base,Behavioral confirmation: bot 0x9059b0fbceef70d16d2ae9e8798f537a8f8792d9 trapped in tx f2094daabae63950b1960944eb36cf2a72,bytecode_pattern,0xc6b5079b78df9aa059ba0eb3c324901ad89e68c2,True,False,,,,,,,,,,,,,NEEDS_REVIEW,0,False,,0,0,,behavioral,0,NEEDS_REVIEW
0x6a60a444303227d3c3e96ef02c355cebd414ed91,base,Behavioral confirmation: bot 0x059d898ee46ccbe24ca6781f2455294f0603a475 trapped in tx 8b979a2c3e66078462b5b018d1d6f65833,bytecode_pattern,0x5dbe0dd41065df8818cb764e70f46ab431ed50c3,True,False,,,,,,,,,,,,,NEEDS_REVIEW,4,False,,0,0,,behavioral,0,LIKELY_TP_RECIDIVIST
0x3e7fc795543b0c570c032d73f1a939cd7de022de,base,Behavioral confirmation: bot 0x545d21a174d11f717f42204e77a6c7e73242702e trapped in tx d221699c22574fddf865a149e93e86a4a7,bytecode_pattern,0x5dbe0dd41065df8818cb764e70f46ab431ed50c3,True,False,,,,,,,,,,,,,NEEDS_REVIEW,4,False,,0,0,,behavioral,0,LIKELY_TP_RECIDIVIST
0x2af641f46954e212b2dfbb8be42e88d4beceb522,base,Behavioral confirmation: bot 0x55c97664a161084f30f0eff9c981f47c5911ce71 trapped in tx bfa3f1de0e25115b74adc83fea5f85bc54,bytecode_pattern,0xcbbdd7814f14594008ca797c94a497ca6d11a236,True,False,,,,,,,,,,,,,NEEDS_REVIEW,0,False,,0,0,,behavioral,0,NEEDS_REVIEW
0xf993a47eb9f3ff482beb8a87b270733fc9ca8525,base,Behavioral confirmation: bot 0xf4baaf1d85753a857aa9c4aeba877d7864be48aa trapped in tx eb68ebdfb84c2f0f4495ba24e9996e608a,bytecode_pattern,0x3093fc8d918683134e1ede505e572d6873eedb8a,True,False,MotoGP,,,,MotoGP,MotoGP,ERC-20,56190,,,,,LIKELY_FP,,,,,,,,,ALREADY_MIGRATED
0x5f04d62b9ec1c9abdfd1dc16cbb2a8bfe9efda0f,base,Behavioral confirmation: bot 0x57ee8b0d9eef510e3f2b80f077898f170258126a trapped in tx 651970ec50044431611b8889e0eee76a99,bytecode_pattern,0xbad051ece2b9ce6502266f8a9880fa80ca0fba09,True,False,Node LP TokenTest,,,,Node LP TokenTest,NodeTest,ERC-20,0,,,,,NEEDS_REVIEW,15,False,,0,0,,behavioral,0,LIKELY_TP_RECIDIVIST
0xaba503836de3be071c92be7ff872c74eaed4fe9e,optimism,Behavioral confirmation: bot 0x2be5e02ab05025f5a827e88dd891d369f75f0e57 trapped in tx 4b371eeee7e134d1d09bd0730008ef8ef8,bytecode_pattern,0x14cd16fb9b42c027978e77ade57f1579ee8e76ed,True,False,,,,,,,,,,,,,NEEDS_REVIEW,2,False,,0,0,,behavioral,0,LIKELY_TP_RECIDIVIST
0x49f044ae0ff61b02dde8be7b07455cafefd1d9ea,arbitrum,Behavioral confirmation: bot 0xf3a8db4c165502e03cecac68d6c32887ecc6a416 trapped in tx caa4ff5bc00988ef3f853ab14e5e97036b,bytecode_pattern,0xe50bfa9148a16cf08f6d54c6942684cb688c4afd,True,True,ERC1967Proxy,,,,,,,,,,,,NEEDS_REVIEW,1,False,,0,0,,behavioral,0,NEEDS_REVIEW
0xbe0220f47a7cc8b45c190ea5aeeef79ea46f5bbb,arbitrum,Behavioral confirmation: bot 0xf3a8db4c165502e03cecac68d6c32887ecc6a416 trapped in tx 1efcd0d346435f68ad870f02f55ab8ada3,deployer_history,0xe50bfa9148a16cf08f6d54c6942684cb688c4afd,True,True,ERC1967Proxy,,,,,,,,,,,,NEEDS_REVIEW,1,False,,0,0,,behavioral,0,NEEDS_REVIEW
0x4b2ab9cf58f62d8ac75de481ca644f6dd47e4501,base,Behavioral confirmation: bot 0x36f746e21271f6e8cc97f41ed8957ac97a861ae0 trapped in tx 6c6026609887e73f4551ec4059237c77ba,bytecode_pattern,0x5eb7a6583f6386d040f83429a9d46138cb9e8ea3,True,False,,,,,,,,,,,,,NEEDS_REVIEW,17,False,,0,0,,behavioral,0,LIKELY_TP_RECIDIVIST
0x06a3f07b8d10c495e4f7504cd0001394474c7924,base,BACKFILL: Self-loop detected. Deployer 0x19cbeb465cb8b3b988e4fa256a71155c3f5970f5 called own contract 633 times (599 rev,deployer_history,0x19cbeb465cb8b3b988e4fa256a71155c3f5970f5,True,False,,,,,,,,,,,,,NEEDS_REVIEW,11,False,,0,0,,backfill,0,LIKELY_TP_RECIDIVIST
0x16d6148aa5b129ff118af66e5bd60b30503fd7a4,base,BACKFILL: Self-loop detected. Deployer 0x292052ed5c1fadc712e03afa78d19582a1c31033 called own contract 2646 times (2381 r,bytecode_pattern,0x292052ed5c1fadc712e03afa78d19582a1c31033,True,False,,,,,,,,,,,,,NEEDS_REVIEW,1,False,,0,0,,backfill,0,NEEDS_REVIEW
0x57b8743b4828a096ca88fe781a5b931562621957,base,Behavioral confirmation: bot 0x3d4ff7ea9316231e273e432e31858d8c6ccb2c52 trapped in tx 26641d2a3444c4bd595478e500555eb54a,bytecode_pattern,0xd488a0fedf566d5dcad45d9e32146a687ed8c63f,True,False,,,,,,,,,,,,,NEEDS_REVIEW,0,False,,0,0,,behavioral,0,NEEDS_REVIEW
0x4257a144631d1d8011e67f8bb3c14a4dea88c9b7,optimism,Behavioral confirmation: bot 0xcdf3efffa40db0930d168d2bd664d586cf04a00c trapped in tx d4c3938e310d6ba2f3ba2a65bc610df613,deployer_history,0x08b8b9410cba313728d98488a84b90c89fd01a17,True,False,,,,,,,,,,,,,NEEDS_REVIEW,12,False,,0,0,,behavioral,0,LIKELY_TP_RECIDIVIST
0xc0f2c4ca38a8bd863684d0d4cccd87c11363a23f,base,Behavioral confirmation: bot 0xc0ffee884426f7c2e6d61b8b6ae8927c4c40ff5e trapped in tx e6161b302ede0d77df84f5bbb38394573e,bytecode_pattern,0xc0ffeefeed8b9d271445cf5d1d24d74d2ca4235e,True,False,,,,,,,,,,,,,NEEDS_REVIEW,203,False,,0,0,,behavioral,0,LIKELY_TP_RECIDIVIST
0xad01e90f5d2f0a9f461c1dbd5a6f8594641da5a4,base,BACKFILL: Self-loop detected. Deployer 0xe2a6ac0943b73c6ebf0b8710b19199f232bf9f1f called own contract 32 times (31 rever,bytecode_pattern,0xe2a6ac0943b73c6ebf0b8710b19199f232bf9f1f,True,False,,,,,,,,,,,,,NEEDS_REVIEW,4,False,,0,0,,backfill,0,LIKELY_TP_RECIDIVIST
0xe12941d6db7bcb0e4292852c4de32672de6c8b5a,base,Behavioral confirmation: bot 0xc0ffee722c49a8c105b0d38d32d374eb6ea1321b trapped in tx e6e5951c14273e6cd7580500519e249860,bytecode_pattern,0x604be06b9f6b6663f78e755db0c5965eb2337e3d,True,False,,,,,,,,,,,,,NEEDS_REVIEW,194,False,,0,0,,behavioral,0,LIKELY_TP_RECIDIVIST
0x65d240dd9aa9280dcfb4a5648de8c0668a854e1b,base,Behavioral confirmation: bot 0x0079c7033b3549fea5cedcece817dffaab813a47 trapped in tx 50560d85c5400d58682a322a1719c91376,bytecode_pattern,0xeb99a27ad482534fbf40213d6714e130a43db0d8,True,False,,,,,,,,,,,,,NEEDS_REVIEW,0,False,,0,0,,behavioral,0,NEEDS_REVIEW
0xb717c140361e500ee5f374e6d46c81b0424b9dc1,base,Behavioral confirmation: bot 0xc0ffee1864731c3c33a1967fc8e0fbf454a6a006 trapped in tx e37f9a7abc047bb5428355fcf555da368f,bytecode_pattern,0xc0ffeefeed8b9d271445cf5d1d24d74d2ca4235e,True,False,,,,,,,,,,,,,NEEDS_REVIEW,203,False,,0,0,,behavioral,0,LIKELY_TP_RECIDIVIST
0x1edfe45ea1bdd49a0bec4c6bedff615f961d89bb,base,BACKFILL: Self-loop detected. Deployer 0xe2a6ac0943b73c6ebf0b8710b19199f232bf9f1f called own contract 90 times (89 rever,bytecode_pattern,0xe2a6ac0943b73c6ebf0b8710b19199f232bf9f1f,True,False,,,,,,,,,,,,,NEEDS_REVIEW,4,False,,0,0,,backfill,0,LIKELY_TP_RECIDIVIST
0x9c9a813cb298b64b0de4cd7694847768108ba08a,base,Behavioral confirmation: bot 0x972439d56a1d5e6e9e8cc2426570e3a59487592d trapped in tx 5c10529c45d25e5809e4ba8f3b01f8a66b,bytecode_pattern,0x776babc8e89093e3766e051462231e5287ad937e,True,False,,,,,,,,,,,,,NEEDS_REVIEW,0,False,,0,0,,behavioral,0,NEEDS_REVIEW
0x1697cb81d6c85df9f843c5eb53fb8bea18cc2cc4,base,Behavioral confirmation: bot 0xa4d07137721ad02e216f6c8414a477fcdf97b366 trapped in tx 83e8cb3014b2fad142c809726f8b461e25,bytecode_pattern,0x868f485efc5be9c5c1b7ddb6c54a4e4cd95dab93,True,False,OpenServ,,,,OpenServ,SERV,ERC-20,90746,,,,,LIKELY_FP,,,,,,,,,ALREADY_MIGRATED
0xc607c5825b6cf049ce719bd62bf4cbbc08e88ef1,base,Behavioral confirmation: bot 0xd0c631b44f0b72384e07a8879fcba8f02044f5d7 trapped in tx 567448458e30b67d5e2c55a94abb2c7cdd,bytecode_pattern,0xdb9cb53ca5142df68b341e48353feb9102d93e0e,True,False,,,,,,,,,,,,,NEEDS_REVIEW,0,False,,0,0,,behavioral,0,NEEDS_REVIEW
0xfaa7179db0602c908164fcda50c66ac99463acd3,base,Behavioral confirmation: bot 0xf9251172b9ff2af32633507abbc53b72cf457cfe trapped in tx 61e0eb171c35f5b2bf615b617467471b5b,deployer_history,0xbad051ece2b9ce6502266f8a9880fa80ca0fba09,True,False,CPFtTest,,,,CPFtTest,CPFtTest,ERC-20,0,,,,,NEEDS_REVIEW,15,False,,0,0,,behavioral,0,LIKELY_TP_RECIDIVIST
0x56b5cd9860ed6618632cb8ab520d0a7b91b55490,base,Behavioral confirmation: bot 0xf9251172b9ff2af32633507abbc53b72cf457cfe trapped in tx 2f578541852064efbcb44fb82ed1d6b737,deployer_history,0xbad051ece2b9ce6502266f8a9880fa80ca0fba09,True,False,cpfPOWTest,,,,cpfPOWTest,POWTest,ERC-20,2,,,,,NEEDS_REVIEW,15,False,,0,0,,behavioral,0,LIKELY_TP_RECIDIVIST
0x0552696d8d6bc5b5fd92cc87057f209a3072f391,base,Behavioral confirmation: bot 0x57ee8b0d9eef510e3f2b80f077898f170258126a trapped in tx ba3b36b31f2baf3785c2753b1a1ecb231c,deployer_history,0xbad051ece2b9ce6502266f8a9880fa80ca0fba09,True,False,Node LP TokenTest,,,,Node LP TokenTest,NodeTest,ERC-20,0,,,,,NEEDS_REVIEW,15,False,,0,0,,behavioral,0,LIKELY_TP_RECIDIVIST
0x0723e1c179032491d793794caa3df5d38ac5b536,base,BACKFILL: Self-loop detected. Deployer 0x786f993fe67435407d31f72a55ad5a6707270752 called own contract 1989 times (1989 r,bytecode_pattern,0x786f993fe67435407d31f72a55ad5a6707270752,True,False,,,,,,,,,,,,,NEEDS_REVIEW,0,False,,0,0,,backfill,0,LIKELY_FP_WEAK
0xc7ab631271475dbccc52e7bfc4290ccc1fae4261,arbitrum,Behavioral confirmation: bot 0x0addabb049aa800daead63785582b2e78c705dc2 trapped in tx 5b94ec2897e37af9728f103e16f8e75300,deployer_history,0x08b8b9410cba313728d98488a84b90c89fd01a17,True,False,,,,,,,,,,,,,NEEDS_REVIEW,12,False,,0,0,,behavioral,0,LIKELY_TP_RECIDIVIST
0x984b9b7f36788cb9be6241a604de5eb18a5f1b50,base,Behavioral confirmation: bot 0x9c6c9d3a5d7b6b84b95f9181c24a3716d00e51b2 trapped in tx 631b681b5e1bedb27add2bd1a289d1d8e1,bytecode_pattern,0x0d59a3b2e7eebe22ab5445130dacf18447a191bb,True,True,Token,,,,Unitas,UP,ERC-20,3,,,,,NEEDS_REVIEW,0,False,,0,0,,behavioral,0,STILL_NEEDS_REVIEW
0xccf64e8b4b42a6391fb14694ef35585041de6ee3,base,Behavioral confirmation: bot 0xc0ffee191fbaefa0cfe3071677fec4c32255545a trapped in tx f4b40f3da4bd7bf022766c71173c8f52c2,bytecode_pattern,0xc0ffeefeed8b9d271445cf5d1d24d74d2ca4235e,True,False,,,,,,,,,,,,,NEEDS_REVIEW,203,False,,0,0,,behavioral,0,LIKELY_TP_RECIDIVIST
0x904f2516d630e2a33cace4a676bc980e5731877f,arbitrum,Behavioral confirmation: bot 0xf2d22608ad45b87d61d69b429f56aa38d2ea4740 trapped in tx a9359bc5e1a7da473edc7843a193b2eb25,bytecode_pattern,0x449f6441e85e2b6572283175f73f5ae4816e7449,True,False,UNICORN,,,,UNICORN,UNICORN,ERC-20,991,,,,,LIKELY_FP,,,,,,,,,ALREADY_MIGRATED
0x8ddc20a97448c94785fc9721289868e6b00de4f8,base,BACKFILL: Self-loop detected. Deployer 0xc0dec76000f6c2d32f23d523748e50ebb5bb34a3 called own contract 24 times (19 rever,bytecode_pattern,0xc0dec76000f6c2d32f23d523748e50ebb5bb34a3,True,False,,,,,,,,,,,,,NEEDS_REVIEW,28,False,,0,0,,backfill,0,LIKELY_TP_RECIDIVIST
0x488678a9a2b608b27718b15587b0f2eae6646962,base,BACKFILL: Self-loop detected. Deployer 0xc0dec76000f6c2d32f23d523748e50ebb5bb34a3 called own contract 8 times (8 reverte,bytecode_pattern,0xc0dec76000f6c2d32f23d523748e50ebb5bb34a3,True,False,,,,,,,,,,,,,NEEDS_REVIEW,28,False,,0,0,,backfill,0,LIKELY_TP_RECIDIVIST
0xd255af646ffeea917fa0d42426e21f79e9a0cbf3,base,BACKFILL: Self-loop detected. Deployer 0xc0dec76000f6c2d32f23d523748e50ebb5bb34a3 called own contract 569 times (569 rev,bytecode_pattern,0xc0dec76000f6c2d32f23d523748e50ebb5bb34a3,True,False,,,,,,,,,,,,,NEEDS_REVIEW,28,False,,0,0,,backfill,0,LIKELY_TP_RECIDIVIST
0xc64a86d644355acd031ddbbea37ea9291ff04bf7,base,BACKFILL: Self-loop detected. Deployer 0xc0dec76000f6c2d32f23d523748e50ebb5bb34a3 called own contract 273 times (273 rev,bytecode_pattern,0xc0dec76000f6c2d32f23d523748e50ebb5bb34a3,True,False,,,,,,,,,,,,,NEEDS_REVIEW,28,False,,0,0,,backfill,0,LIKELY_TP_RECIDIVIST
0xb14a5ebb4fa5f7131c37b9f83497641c4924688e,base,BACKFILL: Self-loop detected. Deployer 0xc0dec76000f6c2d32f23d523748e50ebb5bb34a3 called own contract 174 times (167 rev,deployer_history,0xc0dec76000f6c2d32f23d523748e50ebb5bb34a3,True,False,,,,,,,,,,,,,NEEDS_REVIEW,28,False,,0,0,,backfill,0,LIKELY_TP_RECIDIVIST
0xd5bf35729a9ab876a6cb977f7ca73e195e8d110d,base,BACKFILL: Self-loop detected. Deployer 0xc0dec76000f6c2d32f23d523748e50ebb5bb34a3 called own contract 28 times (28 rever,deployer_history,0xc0dec76000f6c2d32f23d523748e50ebb5bb34a3,True,False,,,,,,,,,,,,,NEEDS_REVIEW,28,False,,0,0,,backfill,0,LIKELY_TP_RECIDIVIST
0x5584b7c7652db53d903bc7551cf1347e6de40db1,base,BACKFILL: Self-loop detected. Deployer 0xc0dec76000f6c2d32f23d523748e50ebb5bb34a3 called own contract 5 times (3 reverte,deployer_history,0xc0dec76000f6c2d32f23d523748e50ebb5bb34a3,True,False,,,,,,,,,,,,,NEEDS_REVIEW,28,False,,0,0,,backfill,0,LIKELY_TP_RECIDIVIST
0x06e067d15a4849de6b3c0157996de60a0477aa9f,base,BACKFILL: Self-loop detected. Deployer 0xc0dec76000f6c2d32f23d523748e50ebb5bb34a3 called own contract 8 times (7 reverte,deployer_history,0xc0dec76000f6c2d32f23d523748e50ebb5bb34a3,True,False,,,,,,,,,,,,,NEEDS_REVIEW,28,False,,0,0,,backfill,0,LIKELY_TP_RECIDIVIST
0xc0a2f25751586748fcd7dfdf671aab0cc3c6c2c9,base,BACKFILL: Self-loop detected. Deployer 0xc0dec76000f6c2d32f23d523748e50ebb5bb34a3 called own contract 4 times (3 reverte,deployer_history,0xc0dec76000f6c2d32f23d523748e50ebb5bb34a3,True,False,,,,,,,,,,,,,NEEDS_REVIEW,28,False,,0,0,,backfill,0,LIKELY_TP_RECIDIVIST
0xf25d2cc4c14877cf0a2a41e1fe96483a3600053b,base,BACKFILL: Self-loop detected. Deployer 0xc0dec76000f6c2d32f23d523748e50ebb5bb34a3 called own contract 4 times (2 reverte,deployer_history,0xc0dec76000f6c2d32f23d523748e50ebb5bb34a3,True,False,,,,,,,,,,,,,NEEDS_REVIEW,28,False,,0,0,,backfill,0,LIKELY_TP_RECIDIVIST
0xb21b51fda9b63a0d1f6e22a00dfa2184a1cf0289,base,BACKFILL: Self-loop detected. Deployer 0xc0dec76000f6c2d32f23d523748e50ebb5bb34a3 called own contract 4 times (4 reverte,deployer_history,0xc0dec76000f6c2d32f23d523748e50ebb5bb34a3,True,False,,,,,,,,,,,,,NEEDS_REVIEW,28,False,,0,0,,backfill,0,LIKELY_TP_RECIDIVIST
0xa6ef106c2d0293cc1d32ba814385a03a39294eef,base,BACKFILL: Self-loop detected. Deployer 0xc0dec76000f6c2d32f23d523748e50ebb5bb34a3 called own contract 6 times (6 reverte,deployer_history,0xc0dec76000f6c2d32f23d523748e50ebb5bb34a3,True,False,,,,,,,,,,,,,NEEDS_REVIEW,28,False,,0,0,,backfill,0,LIKELY_TP_RECIDIVIST
0xd0ac4f3230471c462f1c7a3eb96ab9a70c400a13,base,BACKFILL: Self-loop detected. Deployer 0xe2a6ac0943b73c6ebf0b8710b19199f232bf9f1f called own contract 10 times (9 revert,bytecode_pattern,0xe2a6ac0943b73c6ebf0b8710b19199f232bf9f1f,True,False,,,,,,,,,,,,,NEEDS_REVIEW,4,False,,0,0,,backfill,0,LIKELY_TP_RECIDIVIST
0x428f30db9141ea110077a46eb31173ede08439d9,base,BACKFILL: Self-loop detected. Deployer 0xc0dec76000f6c2d32f23d523748e50ebb5bb34a3 called own contract 73 times (65 rever,deployer_history,0xc0dec76000f6c2d32f23d523748e50ebb5bb34a3,True,False,,,,,,,,,,,,,NEEDS_REVIEW,28,False,,0,0,,backfill,0,LIKELY_TP_RECIDIVIST
0x8aff10d436f9d54d6dbc425311c5eb3e722e0c96,base,Behavioral confirmation: bot 0xccef0eecca9aa28831817ad612aa149b47516585 trapped in tx 031eca79be9f4f9afac2da43cb384ed7e2,deployer_history,0x06c941762456c511717919b84259aea2dfbc66c7,True,False,,,,,,,,,,,,,NEEDS_REVIEW,2,False,,0,0,,behavioral,0,LIKELY_TP_RECIDIVIST
0x701363c8e5c822690beff156b0358bb350aa2ab2,base,BACKFILL: Self-loop detected. Deployer 0xa718a5182f79e3abb64c9db55f01f110aee03ad8 called own contract 82 times (50 rever,bytecode_pattern,0xa718a5182f79e3abb64c9db55f01f110aee03ad8,True,False,,,,,,,,,,,,,NEEDS_REVIEW,2,False,,0,0,,backfill,0,LIKELY_TP_RECIDIVIST
0xcc6ca78557758c40ee9582c2f5dd42c45314617b,base,BACKFILL: Self-loop detected. Deployer 0xa718a5182f79e3abb64c9db55f01f110aee03ad8 called own contract 114 times (114 rev,bytecode_pattern,0xa718a5182f79e3abb64c9db55f01f110aee03ad8,True,False,,,,,,,,,,,,,NEEDS_REVIEW,2,False,,0,0,,backfill,0,LIKELY_TP_RECIDIVIST
0xd4154e8831340c54123e95b04992f9fd633d5f34,arbitrum,Behavioral confirmation: bot 0x3a7d5fdac4171705224c0079f48fa49fadc84fb0 trapped in tx 5b8b1bdaa188caab78ea4a34e80e8d5301,deployer_history,0x08b8b9410cba313728d98488a84b90c89fd01a17,True,False,,,,,,,,,,,,,NEEDS_REVIEW,12,False,,0,0,,behavioral,0,LIKELY_TP_RECIDIVIST
0x079f2730a9fb172bed53d76f38248f299d05f43e,base,Behavioral confirmation: bot 0xbee480bc0f88b350c428e18ef371685935f1dbbc trapped in tx ab785150da540539f6b45aca259e04473d,deployer_history,0x396b612e9484148db1d22e49c9d501bfbe98e5e1,True,True,ExecutionWalletFactory,,,,,,,,,,,,NEEDS_REVIEW,0,False,,0,0,,behavioral,0,NEEDS_REVIEW
0x3e030e7309943714af26c6d5e217990786c05c16,base,Behavioral confirmation: bot 0xccef0eecca9aa28831817ad612aa149b47516585 trapped in tx ec492e55f6820ab726004328e54a8c41dc,deployer_history,0x06c941762456c511717919b84259aea2dfbc66c7,True,False,,,,,,,,,,,,,NEEDS_REVIEW,2,False,,0,0,,behavioral,0,LIKELY_TP_RECIDIVIST
0x9836dac3bd474b51a7c428fc0caa14e77fc41024,arbitrum,Behavioral confirmation: bot 0x69ab884ba714dd462da25fb531a5f61d0dbef2c8 trapped in tx 2d22e5e41eb172f30d8b30ece975d0d88b,bytecode_pattern,0x26e7e7c509584ab8934db7e86f6ff454deffcca0,True,False,,,,,,,,,,,,,NEEDS_REVIEW,1,False,,0,0,,behavioral,0,NEEDS_REVIEW
0x1653aef8fcc604ab5afb73242a88ada06aaf5166,base,Behavioral confirmation: bot 0xccef0eecca9aa28831817ad612aa149b47516585 trapped in tx af3477b57a6e89ef8bcdff277a1334f09e,deployer_history,0x06c941762456c511717919b84259aea2dfbc66c7,True,False,,,,,,,,,,,,,NEEDS_REVIEW,2,False,,0,0,,behavioral,0,LIKELY_TP_RECIDIVIST
0xc3e4cc4039275582684b6ecb7b57945a0501d78a,base,Behavioral confirmation: bot 0x5300cf6102e9763b2e43b519530574e9d20c188d trapped in tx 80da8c92f9f477cd34cea6160f0582f21e,bytecode_pattern,0xa3099587930a877e75ff4084c7b22505b72c2eca,True,False,,,,,,,,,,,,,NEEDS_REVIEW,1,False,,0,0,,behavioral,0,NEEDS_REVIEW
0x2fe08e166e2b0b31b71dc3b6994f0c28d3e3efc6,base,BACKFILL: Self-loop detected. Deployer 0xc0dec76000f6c2d32f23d523748e50ebb5bb34a3 called own contract 25 times (25 rever,deployer_history,0xc0dec76000f6c2d32f23d523748e50ebb5bb34a3,True,False,,,,,,,,,,,,,NEEDS_REVIEW,28,False,,0,0,,backfill,0,LIKELY_TP_RECIDIVIST
0xd560b742f8821e48c708faa33ed1e9190ba0e6d6,base,BACKFILL: Self-loop detected. Deployer 0xc0dec76000f6c2d32f23d523748e50ebb5bb34a3 called own contract 4 times (3 reverte,deployer_history,0xc0dec76000f6c2d32f23d523748e50ebb5bb34a3,True,False,,,,,,,,,,,,,NEEDS_REVIEW,28,False,,0,0,,backfill,0,LIKELY_TP_RECIDIVIST
0x5dd5b15323db9168495d9088de90128a33a1e31e,base,Behavioral confirmation: bot 0xc0ffee59f94f54f4f293f01672976408bc1cad7f trapped in tx 16b72d4f9611cd4599450a0d68e2952254,bytecode_pattern,0xc0ffeefeed8b9d271445cf5d1d24d74d2ca4235e,True,False,,,,,,,,,,,,,NEEDS_REVIEW,203,False,,0,0,,behavioral,0,LIKELY_TP_RECIDIVIST
0x0910e9f0f1d7fc5467fe5b8b30990ad2424c76f6,base,Behavioral confirmation: bot 0x29093a4c58f8cd946db0de1f77d418174e709617 trapped in tx f6ff51b5396c58eabee9486dbf9b036c01,deployer_history,0x5cf581fc0a8fe2e4256fa68ce435808a3c275661,True,True,WinStake,,,,,,,,,,,,NEEDS_REVIEW,4,False,,0,0,,behavioral,0,LIKELY_TP_RECIDIVIST
0x5dd183d1b0e8bcb9700f2d3790b23b4fd33f3000,base,Behavioral confirmation: bot 0xc0ffee410b604164c6394b1e918362a70bf8d091 trapped in tx b3c389886cda670c1f1070ed8c93ea4f69,bytecode_pattern,0xc0ffeefeed8b9d271445cf5d1d24d74d2ca4235e,True,False,,,,,,,,,,,,,NEEDS_REVIEW,203,False,,0,0,,behavioral,0,LIKELY_TP_RECIDIVIST
0x613501a5a46d106bb96c71673e0c929f40498524,base,Self-loop: deployer 0xb1429561d54cf6c93aeca6e41b17a659f6dac28e called own contract in reverted tx at block 45968851 (BOT,bytecode_pattern,0xb1429561d54cf6c93aeca6e41b17a659f6dac28e,True,False,,,,,,,,,,,,,NEEDS_REVIEW,4,False,,0,0,,self_loop,0,LIKELY_TP_RECIDIVIST
0xc831ce472cad9eedd8387beb0cfc3bfbbff652ad,base,Behavioral confirmation: bot 0x5c38a0ab51ac64d93203247eefbc5b6b3ee7f4f6 trapped in tx a45cf26773eb3777c454a011d066c55dec,bytecode_pattern,0x669476d352d74954363424508dae4fb9ea02a8a0,True,False,,,,,,,,,,,,,NEEDS_REVIEW,3,False,,0,0,,behavioral,0,LIKELY_TP_RECIDIVIST
0x581d256577e84dac9d4c8d1609c2477b93b41d3b,base,Behavioral confirmation: bot 0xc0ffee191fbaefa0cfe3071677fec4c32255545a trapped in tx ddc0b750640c326d1fe664d6ccd02c22a0,deployer_history,0x604be06b9f6b6663f78e755db0c5965eb2337e3d,True,False,,,,,,,,,,,,,NEEDS_REVIEW,194,False,,0,0,,behavioral,0,LIKELY_TP_RECIDIVIST
0x032963337b837415209ca53a46946a73cceb53aa,base,Behavioral confirmation: bot 0x41f3116a92f7bd97d0ae82430731391661bb0d09 trapped in tx 6a024062593720e5f1f6362f573ed8779f,bytecode_pattern,0xf9b20e4c6b33451d476d428861c0c1a605bfcb8d,True,True,XLLSteak,,,,xl-LSteak,xl-LS,ERC-20,45,,,,,LIKELY_FP,,,,,,,,,ALREADY_MIGRATED
0x3ec5ce6187f1e3c5bb28edad3f52511d224350f4,base,Behavioral confirmation: bot 0x495fc776766df0ef9171654117f7488cd3a2f75d trapped in tx d616a32701195fdbd52370c2014caabd6d,deployer_history,0xf9b20e4c6b33451d476d428861c0c1a605bfcb8d,True,True,YieldDrip,,,,,,,,,,,,NEEDS_REVIEW,1,False,,0,0,,behavioral,0,NEEDS_REVIEW
0x030c2b28f54351bc9d59b157ee92f4dc119dd3c8,base,Behavioral confirmation: bot 0xf3b5e21b1916af651278666a18128b8245b7ead4 trapped in tx 15db8fd2f38fb88d985135723aa7a87e4c,deployer_history,0xf9b20e4c6b33451d476d428861c0c1a605bfcb8d,True,False,,,,,,,,,,,,,NEEDS_REVIEW,1,False,,0,0,,behavioral,0,NEEDS_REVIEW
0x4f7177d220b0b86f44fd5fee405725711a872e61,base,Behavioral confirmation: bot 0xc0ffee445a22e6228cfb77ec0483c426fc856161 trapped in tx a2d843e00258df9910d4387e32d4392531,deployer_history,0x604be06b9f6b6663f78e755db0c5965eb2337e3d,True,False,,,,,,,,,,,,,NEEDS_REVIEW,194,False,,0,0,,behavioral,0,LIKELY_TP_RECIDIVIST
0x00efff5e2cb1a01841d332f1be4f9a431f493afc,base,Behavioral confirmation: bot 0xc0ffee31b1c8c3427a9ed9373bef867fc895d966 trapped in tx 5dd0e78d1b2c5ba643098e174f203a05df,deployer_history,0xc0ffeefeed8b9d271445cf5d1d24d74d2ca4235e,True,False,,,,,,,,,,,,,NEEDS_REVIEW,203,False,,0,0,,behavioral,0,LIKELY_TP_RECIDIVIST
0xf0feb4987b649acc295c672c170cb92bfc6c7b28,base,Behavioral confirmation: bot 0xc0ffee49332f85fbc89fb1bfaa14d13bf42e8da9 trapped in tx 6b2806c9e73726601c036bbcca72f2827d,bytecode_pattern,0x604be06b9f6b6663f78e755db0c5965eb2337e3d,True,False,,,,,,,,,,,,,NEEDS_REVIEW,194,False,,0,0,,behavioral,0,LIKELY_TP_RECIDIVIST
0xcf9dda0e77276ac5a4df307ee6b55b20230e69bd,base,Behavioral confirmation: bot 0xc0ffee648f2b70238b827cdd9c3f2c91170ee3b1 trapped in tx 9e6af34219634516ad3974006527dc5491,bytecode_pattern,0xc0ffeefeed8b9d271445cf5d1d24d74d2ca4235e,True,False,,,,,,,,,,,,,NEEDS_REVIEW,203,False,,0,0,,behavioral,0,LIKELY_TP_RECIDIVIST
0xec5b5e3a16adde57e3dad4b124b747707361c4fd,base,Behavioral confirmation: bot 0xc0ffeefb65a5e4b71617cac89582f2be82a4e266 trapped in tx 5374ffc7f9dfdf0a212d309284fda2f61e,bytecode_pattern,0x604be06b9f6b6663f78e755db0c5965eb2337e3d,True,False,,,,,,,,,,,,,NEEDS_REVIEW,194,False,,0,0,,behavioral,0,LIKELY_TP_RECIDIVIST
0x2ad061258bfd14ef51d92f91a31c2d22796f4c28,base,Behavioral confirmation: bot 0x3dec74b95588836cee5fbae14a5690327a37c651 trapped in tx 7b79ee9654c6c946b41a943b8b4f9ccbb0,bytecode_pattern,0xefef185e2c89bbede21a1c41427bdf1332eca392,True,False,,,,,,,,,,,,,NEEDS_REVIEW,11,False,,0,0,,behavioral,0,LIKELY_TP_RECIDIVIST
0x37dd336ce100f11d7207664d5c528417b47fcbca,base,Behavioral confirmation: bot 0xc0ffee300d8e9d44619a2719777ff8b7e9d6deba trapped in tx 9eb102b5d48386c3664ae82214c8497a7a,bytecode_pattern,0xc0ffeefeed8b9d271445cf5d1d24d74d2ca4235e,True,False,,,,,,,,,,,,,NEEDS_REVIEW,203,False,,0,0,,behavioral,0,LIKELY_TP_RECIDIVIST
0x13e3baa5cc29bb440cf1df7571c85efd7f56d212,base,Behavioral confirmation: bot 0x0c12d751b58345a346eb1d9862c084dc4190472e trapped in tx 3525759802768fa989eb95f7a192a07d58,deployer_history,0xb2d120663815c9697176588b70bc534a6a79cf4e,True,False,,,,,,,,,,,,,NEEDS_REVIEW,0,False,,0,0,,behavioral,0,NEEDS_REVIEW
0xb2c40bb72a8f4857b7cd8275570e6f0703a5e98c,base,Behavioral confirmation: bot 0xc0ffee445a22e6228cfb77ec0483c426fc856161 trapped in tx 48b047caa0abc4c891e7909a1537ab0d24,bytecode_pattern,0x604be06b9f6b6663f78e755db0c5965eb2337e3d,True,False,,,,,,,,,,,,,NEEDS_REVIEW,194,False,,0,0,,behavioral,0,LIKELY_TP_RECIDIVIST
0xf6b0d1c422ac542cda270328bcd8662a1ee921cb,base,BACKFILL: Self-loop detected. Deployer 0xc0dec76000f6c2d32f23d523748e50ebb5bb34a3 called own contract 374 times (371 rev,deployer_history,0xc0dec76000f6c2d32f23d523748e50ebb5bb34a3,True,False,,,,,,,,,,,,,NEEDS_REVIEW,28,False,,0,0,,backfill,0,LIKELY_TP_RECIDIVIST
0x91978484265d11c5ec58dd53f4ed29ad205b7703,base,BACKFILL: Self-loop detected. Deployer 0xc0dec76000f6c2d32f23d523748e50ebb5bb34a3 called own contract 5 times (5 reverte,deployer_history,0xc0dec76000f6c2d32f23d523748e50ebb5bb34a3,True,False,,,,,,,,,,,,,NEEDS_REVIEW,28,False,,0,0,,backfill,0,LIKELY_TP_RECIDIVIST
0xaea35da368456e96ea7bc83713538ad9c1247c0b,base,Behavioral confirmation: bot 0xc119931019304f3fd3008970be3c35ac6be18fda trapped in tx 24fa86816ba2241d497b896de53353de30,bytecode_pattern,0xb723fa2c04ecb71515a71e2cb7268c58d25e1715,True,True,LimitlessDataStreamsOracleV2,,,,,,,,,,,,NEEDS_REVIEW,0,False,,0,0,,behavioral,0,NEEDS_REVIEW
0xb4ef350088048d0dd06e6e77440cac50b3b01898,base,BACKFILL: Self-loop detected. Deployer 0xe2a6ac0943b73c6ebf0b8710b19199f232bf9f1f called own contract 5 times (4 reverte,bytecode_pattern,0xe2a6ac0943b73c6ebf0b8710b19199f232bf9f1f,True,False,,,,,,,,,,,,,NEEDS_REVIEW,4,False,,0,0,,backfill,0,LIKELY_TP_RECIDIVIST
0xd65e0d3cca73ddf9a48369197c5d3ce08c8f799d,arbitrum,Behavioral confirmation: bot 0x69ab884ba714dd462da25fb531a5f61d0dbef2c8 trapped in tx ff98af4b6e3b7502edcdbd7887604eb84f,bytecode_pattern,0x26e7e7c509584ab8934db7e86f6ff454deffcca0,True,False,,,,,,,,,,,,,NEEDS_REVIEW,1,False,,0,0,,behavioral,0,NEEDS_REVIEW
0xda8afd9d184ba5cbad80a3e27b9d2d3c8d6cb4a5,base,BACKFILL: Self-loop detected. Deployer 0xc0dec76000f6c2d32f23d523748e50ebb5bb34a3 called own contract 4 times (4 reverte,deployer_history,0xc0dec76000f6c2d32f23d523748e50ebb5bb34a3,True,False,,,,,,,,,,,,,NEEDS_REVIEW,28,False,,0,0,,backfill,0,LIKELY_TP_RECIDIVIST
0x58ddf77a329ccbe2f4c2114c64ed9e12ec8a1356,optimism,Behavioral confirmation: bot 0xe13bcc0b18642e6102c734febe1e50d855dfd0e6 trapped in tx 2e96cf1472596883a9609ba610430e5a5c,deployer_history,0xdbe51af4ad8e38ce3fc6813a177f769cb6ab2e52,True,True,TransparentUpgradeableProxy,,,,,,,,,,,,NEEDS_REVIEW,0,False,,0,0,,behavioral,0,NEEDS_REVIEW
0x3284f353c446a588d799b0ce46eda04164df4770,base,BACKFILL: Self-loop detected. Deployer 0xc0dec76000f6c2d32f23d523748e50ebb5bb34a3 called own contract 15 times (15 rever,deployer_history,0xc0dec76000f6c2d32f23d523748e50ebb5bb34a3,True,False,,,,,,,,,,,,,NEEDS_REVIEW,28,False,,0,0,,backfill,0,LIKELY_TP_RECIDIVIST
0x8def65c3829e23f2f2e4d3aef325666b9495f597,base,Behavioral confirmation: bot 0xd942db63cf0795edff8991ef1022c5a1dcc953f4 trapped in tx cfbbf5c6158a5e52fce6533957d663215a,bytecode_pattern,0x3fe7503f4d840dc12c871cae0b85f7747c41ce58,True,False,,,,,,,,,,,,,NEEDS_REVIEW,0,False,,0,0,,behavioral,0,NEEDS_REVIEW
0xb34c2e6c161a927818700d542454d191c42a0594,base,BACKFILL: Self-loop detected. Deployer 0xc0dec76000f6c2d32f23d523748e50ebb5bb34a3 called own contract 10 times (7 revert,deployer_history,0xc0dec76000f6c2d32f23d523748e50ebb5bb34a3,True,False,,,,,,,,,,,,,NEEDS_REVIEW,28,False,,0,0,,backfill,0,LIKELY_TP_RECIDIVIST
0xeb5f46bfbce3f1dc839b6c8475952716de97bc0a,base,BACKFILL: Self-loop detected. Deployer 0xc0dec76000f6c2d32f23d523748e50ebb5bb34a3 called own contract 13 times (12 rever,deployer_history,0xc0dec76000f6c2d32f23d523748e50ebb5bb34a3,True,False,,,,,,,,,,,,,NEEDS_REVIEW,28,False,,0,0,,backfill,0,LIKELY_TP_RECIDIVIST
0x1881eec2ac47c40bc0226b4b50739294566ef494,base,BACKFILL: Self-loop detected. Deployer 0xc0dec76000f6c2d32f23d523748e50ebb5bb34a3 called own contract 65 times (23 rever,deployer_history,0xc0dec76000f6c2d32f23d523748e50ebb5bb34a3,True,False,,,,,,,,,,,,,NEEDS_REVIEW,28,False,,0,0,,backfill,0,LIKELY_TP_RECIDIVIST
0xb1036c3f91df3138f8b84c9ed97f25b7cc9c96bb,base,BACKFILL: Self-loop detected. Deployer 0xc0dec76000f6c2d32f23d523748e50ebb5bb34a3 called own contract 57 times (46 rever,deployer_history,0xc0dec76000f6c2d32f23d523748e50ebb5bb34a3,True,False,,,,,,,,,,,,,NEEDS_REVIEW,28,False,,0,0,,backfill,0,LIKELY_TP_RECIDIVIST
0xb25351a577d9c5d0c1ca83cb4ff77f0eeb656352,base,Behavioral confirmation: bot 0xc0ffee055fee1b6617322406b897c0f8a8f1dffa trapped in tx 985b3a3f35c545465d3ec53bff21b1b0a1,bytecode_pattern,0xc0ffeefeed8b9d271445cf5d1d24d74d2ca4235e,True,False,,,,,,,,,,,,,NEEDS_REVIEW,203,False,,0,0,,behavioral,0,LIKELY_TP_RECIDIVIST
0xcab6bbbae26226d170aae62c99cab39f45d68cfd,base,BACKFILL: Self-loop detected. Deployer 0xc0dec76000f6c2d32f23d523748e50ebb5bb34a3 called own contract 10 times (8 revert,deployer_history,0xc0dec76000f6c2d32f23d523748e50ebb5bb34a3,True,False,,,,,,,,,,,,,NEEDS_REVIEW,28,False,,0,0,,backfill,0,LIKELY_TP_RECIDIVIST
0xb908ed8efa7e37304602f2782674ee0b6cd19d47,arbitrum,Behavioral confirmation: bot 0x9d7a3eb6f505b8818a9b9402b43cbbff4113fee0 trapped in tx b52ee68174c43964f8af43dd85c2cfb5e8,deployer_history,0xd866b2332d4383c1bf719732177e2d9109c99dbc,True,False,,,,,,,,,,,,,NEEDS_REVIEW,5,False,,0,0,,behavioral,0,LIKELY_TP_RECIDIVIST
0xa4d4e29f5a3d06344724bc6006328643225ad5a0,base,BACKFILL: Self-loop detected. Deployer 0x292052ed5c1fadc712e03afa78d19582a1c31033 called own contract 571 times (567 rev,bytecode_pattern,0x292052ed5c1fadc712e03afa78d19582a1c31033,True,False,,,,,,,,,,,,,NEEDS_REVIEW,1,False,,0,0,,backfill,0,NEEDS_REVIEW
0xef0bddb9036a88398f91cdcaf5f449238e682aad,base,Behavioral confirmation: bot 0x828f40dccd14fad59f7dcfb5c57f3642ec37f89f trapped in tx 2e0f4eace356f894e8581a2b2ac22fec60,bytecode_pattern,0xf5e2845b5bce06129f98f270d3b829c05e956167,True,False,QUACKY,,,,QUACKY,QUACKY,ERC-20,73687,,,,,LIKELY_FP,,,,,,,,,ALREADY_MIGRATED
0xe1e0c60aba566101365bf15bbe64539a250974fd,base,Behavioral confirmation: bot 0xc0ffee8fd2291ab011f1b6786e8b2bc9e13977c3 trapped in tx 5993dc393603bc1bfc1fbc2d9005797ade,deployer_history,0xc0ffeefeed8b9d271445cf5d1d24d74d2ca4235e,True,False,,,,,,,,,,,,,NEEDS_REVIEW,203,False,,0,0,,behavioral,0,LIKELY_TP_RECIDIVIST
0xfa1db59dd8473d8c5ff343c27418c5ebfaed1222,arbitrum,Behavioral confirmation: bot 0xf07c73a94c3426c8bc41559cbefb20549427563d trapped in tx 949906a27969df86b9d6efe379c3759e77,bytecode_pattern,0x2c00cbd0667f791472c2caeb2d42d091141ec79c,True,False,,,,,,,,,,,,,NEEDS_REVIEW,0,False,,0,0,,behavioral,0,NEEDS_REVIEW
0x95cdb520c817543d0923cc4eaa7e1a9e6887067a,base,Behavioral confirmation: bot 0xc0ffeef2a20f16d8ef3f88206dff938915be44d5 trapped in tx a66e0e67e934a7296ad55378bd25b63690,bytecode_pattern,0xc0ffeefeed8b9d271445cf5d1d24d74d2ca4235e,True,False,,,,,,,,,,,,,NEEDS_REVIEW,203,False,,0,0,,behavioral,0,LIKELY_TP_RECIDIVIST
0x9acf00de6784c173803b1973bc71b5cb62cdb311,base,Self-loop: deployer 0xb1429561d54cf6c93aeca6e41b17a659f6dac28e called own contract in reverted tx at block 45968847 (BOT,bytecode_pattern,0xb1429561d54cf6c93aeca6e41b17a659f6dac28e,True,False,,,,,,,,,,,,,NEEDS_REVIEW,4,False,,0,0,,self_loop,0,LIKELY_TP_RECIDIVIST
0x523f58d62f295ea0cc5f5d26285ac8d4d0c9b3ea,base,Self-loop: deployer 0xb1429561d54cf6c93aeca6e41b17a659f6dac28e called own contract in reverted tx at block 45968851 (BOT,bytecode_pattern,0xb1429561d54cf6c93aeca6e41b17a659f6dac28e,True,False,,,,,,,,,,,,,NEEDS_REVIEW,4,False,,0,0,,self_loop,0,LIKELY_TP_RECIDIVIST
0xccce8eaf258f7647f98e02b265e847f35a4c0049,base,BACKFILL: Self-loop detected. Deployer 0xc0dec76000f6c2d32f23d523748e50ebb5bb34a3 called own contract 5 times (5 reverte,deployer_history,0xc0dec76000f6c2d32f23d523748e50ebb5bb34a3,True,False,,,,,,,,,,,,,NEEDS_REVIEW,28,False,,0,0,,backfill,0,LIKELY_TP_RECIDIVIST
0x093854478eda3848172970754e29c7577d177414,base,BACKFILL: Self-loop detected. Deployer 0xc0dec76000f6c2d32f23d523748e50ebb5bb34a3 called own contract 33 times (18 rever,deployer_history,0xc0dec76000f6c2d32f23d523748e50ebb5bb34a3,True,False,,,,,,,,,,,,,NEEDS_REVIEW,28,False,,0,0,,backfill,0,LIKELY_TP_RECIDIVIST
0x99770a87bd4299967a0d75467a270e7cc3023fab,base,Behavioral confirmation: bot 0x2fc4a696b2f21ced67d834d9e7a3141007f8a05c trapped in tx 3fbaf5a5cb9f3a5bed47778610aea65589,bytecode_pattern,0x2039a3d9498ad736b02062dcf998dd28a3eb8907,True,True,PicksUSD,,,,USD.P,USD.P,ERC-20,8426,,,,,LIKELY_FP,,,,,,,,,ALREADY_MIGRATED
0xc4ef820e21bb52c4623059459e451956718b88eb,optimism,Behavioral confirmation: bot 0xb405d9e8660bcaf9fb9a015d5427ec99ea5679e2 trapped in tx 7f4816d4ff8ba79b27ff54acee489eebc5,deployer_history,0x08b8b9410cba313728d98488a84b90c89fd01a17,True,False,,,,,,,,,,,,,NEEDS_REVIEW,12,False,,0,0,,behavioral,0,LIKELY_TP_RECIDIVIST
0x5c4217d4da66d6c15074c5df6d60aee4c7f9a388,base,BACKFILL: Self-loop detected. Deployer 0x841c78f853e94b9de7894141b47a497ed0e4f606 called own contract 3 times (3 reverte,bytecode_pattern,0x841c78f853e94b9de7894141b47a497ed0e4f606,True,False,,,,,,,,,,,,,NEEDS_REVIEW,5,False,,0,0,,backfill,0,LIKELY_TP_RECIDIVIST
0xa11300f52c8dfd26dbad6b8212ac15982b805c57,base,BACKFILL: Self-loop detected. Deployer 0x841c78f853e94b9de7894141b47a497ed0e4f606 called own contract 3 times (2 reverte,bytecode_pattern,0x841c78f853e94b9de7894141b47a497ed0e4f606,True,False,Reward Pool,,,,Reward Pool,POOL,ERC-20,2,,,,,NEEDS_REVIEW,5,False,,0,0,,backfill,0,LIKELY_TP_RECIDIVIST
0x57a9943d65f51899ed2dd9939b2692d9de9a35ed,base,Behavioral confirmation: bot 0xc0ffeedf9dde81c4b338f960063c35b3e839524b trapped in tx a57c7488fbb2e027fe5f8eee9c1070bede,deployer_history,0xc0ffeefeed8b9d271445cf5d1d24d74d2ca4235e,True,False,,,,,,,,,,,,,NEEDS_REVIEW,203,False,,0,0,,behavioral,0,LIKELY_TP_RECIDIVIST
0x1871cf0defcd1df02e2315f2057dd457ae5dac2f,base,Behavioral confirmation: bot 0x143af2fb7674f1d7a851c5528a933add80574e87 trapped in tx 2a90b479b339f0f3032303c29b798081e0,bytecode_pattern,0x630f9e176ca321f5f0e7b230cb7f035fd3a5014a,True,False,,,,,,,,,,,,,NEEDS_REVIEW,1,False,,0,0,,behavioral,0,NEEDS_REVIEW
0x7cef146d9a4eea74c02c09f57f45815747d7dc07,base,BACKFILL: Self-loop detected. Deployer 0x841c78f853e94b9de7894141b47a497ed0e4f606 called own contract 2 times (1 reverte,deployer_history,0x841c78f853e94b9de7894141b47a497ed0e4f606,True,False,,,,,,,,,,,,,NEEDS_REVIEW,5,False,,0,0,,backfill,0,LIKELY_TP_RECIDIVIST
0x0f7fa58fe4f6e1a3a1004648f384b883b89f6669,base,BACKFILL: Self-loop detected. Deployer 0x841c78f853e94b9de7894141b47a497ed0e4f606 called own contract 2 times (1 reverte,deployer_history,0x841c78f853e94b9de7894141b47a497ed0e4f606,True,False,Yield Token,,,,Yield Token,YIELD,ERC-20,0,,,,,NEEDS_REVIEW,5,False,,0,0,,backfill,0,LIKELY_TP_RECIDIVIST
0xd70f08f27f714ebe42d17887a5080d897ca695e8,base,BACKFILL: Self-loop detected. Deployer 0x841c78f853e94b9de7894141b47a497ed0e4f606 called own contract 2 times (1 reverte,deployer_history,0x841c78f853e94b9de7894141b47a497ed0e4f606,True,False,GasVault,,,,GasVault,GV,ERC-20,0,,,,,NEEDS_REVIEW,5,False,,0,0,,backfill,0,LIKELY_TP_RECIDIVIST
0xfa2fe108d15b158f53934296cf8c2436687de0d9,base,BACKFILL: Self-loop detected. Deployer 0x841c78f853e94b9de7894141b47a497ed0e4f606 called own contract 2 times (1 reverte,deployer_history,0x841c78f853e94b9de7894141b47a497ed0e4f606,True,False,,,,,,,,,,,,,NEEDS_REVIEW,5,False,,0,0,,backfill,0,LIKELY_TP_RECIDIVIST
0x7889bb190b1f260593ef65e098a8e0877fe9d39d,base,Behavioral confirmation: bot 0xc0ffee49332f85fbc89fb1bfaa14d13bf42e8da9 trapped in tx 90f0f8cf97b0cea30ccb536a898b6755fc,deployer_history,0xc0ffeefeed8b9d271445cf5d1d24d74d2ca4235e,True,False,,,,,,,,,,,,,NEEDS_REVIEW,203,False,,0,0,,behavioral,0,LIKELY_TP_RECIDIVIST
0x23a1627be6664999b01c6ec62e20c8306ce8f510,base,Behavioral confirmation: bot 0x19d87a86d17373d9e8e26cd405e5a25fa51e4d90 trapped in tx 361f6258559afed5d0109b773ad4c8ba96,deployer_history,0x5cf581fc0a8fe2e4256fa68ce435808a3c275661,True,True,WinStake,,,,,,,,,,,,NEEDS_REVIEW,4,False,,0,0,,behavioral,0,LIKELY_TP_RECIDIVIST
0x8609a3ef1cc062716851907022c90342fdb9bea4,base,Behavioral confirmation: bot 0x3dec74b95588836cee5fbae14a5690327a37c651 trapped in tx e1da5035ff43f9a4ccea4194a128feca17,bytecode_pattern,0xefef185e2c89bbede21a1c41427bdf1332eca392,True,False,,,,,,,,,,,,,NEEDS_REVIEW,11,False,,0,0,,behavioral,0,LIKELY_TP_RECIDIVIST
0x5427218e80f9db41a58d9d4bf380b1b404bea2fa,base,Behavioral confirmation: bot 0xdc9bcd2ad382d0a84ee51d6501bee8ca4525612f trapped in tx c179e59712fe1b258cb98c5bf0a29ac272,bytecode_pattern,0xa59bf63c94a527ae5f245ffdc91893f85a4e6db3,True,True,TieredDutilSale,,,,,,,,,,,,NEEDS_REVIEW,0,False,,0,0,,behavioral,0,NEEDS_REVIEW
0x20eac6290de27b97679cfaefd2463db93cfcfa48,base,Behavioral confirmation: bot 0xc0ffee3bfeb154dcbdd42e7a935a8f6c1d4c570f trapped in tx d28832717ea4e7e1050451e37404c284e1,deployer_history,0xc0ffeefeed8b9d271445cf5d1d24d74d2ca4235e,True,False,,,,,,,,,,,,,NEEDS_REVIEW,203,False,,0,0,,behavioral,0,LIKELY_TP_RECIDIVIST
0x3c8e2e75937ceef495fedcf85882d17cebd05fe8,base,Behavioral confirmation: bot 0x3dec74b95588836cee5fbae14a5690327a37c651 trapped in tx e63b835d0aed8f04d7b46bea9644d054d3,bytecode_pattern,0xefef185e2c89bbede21a1c41427bdf1332eca392,True,False,,,,,,,,,,,,,NEEDS_REVIEW,11,False,,0,0,,behavioral,0,LIKELY_TP_RECIDIVIST
0x97105b485b85c961c527714f265e5f299a3b2c49,base,Behavioral confirmation: bot 0xd6abb0022a92db697f79f929d27be3a333c2e11c trapped in tx fabe3eed72f49501e3920ffe201924716e,bytecode_pattern,0x7d34e0a0b4f7e151456cfc5fcdad46958f88f877,True,False,DBSR,,,,DBSR,DBSR,ERC-20,125,,,,,LIKELY_FP,,,,,,,,,ALREADY_MIGRATED
0x836700463dce76d9cc3cdf6f6edf946312c01869,optimism,Behavioral confirmation: bot 0x899891c3fe2fe3487f050f59a9dd6ab4f880e066 trapped in tx 4e294f5b106d0a0fe5d7194e3083d543ee,bytecode_pattern,0x70ba04335ca539907549341ed80e71fc0dd5da1d,True,False,ICHIGO,,,,ICHIGO,ICHIGO,ERC-20,302,,,,,LIKELY_FP,,,,,,,,,ALREADY_MIGRATED
0x8d9b510dcd56e40e6a3fb575db909b077b9ac9f1,base,Behavioral confirmation: bot 0x19b44aadd16306024ad94892cb93ea558436204e trapped in tx d6c05b97a119b7e683a0f975eac4f9d657,bytecode_pattern,0xa2222149ec9ec132b6570a4f7bb05dd3aed9d790,True,False,,,,,,,,,,,,,NEEDS_REVIEW,1,False,,0,0,,behavioral,0,NEEDS_REVIEW
0x2353d00b7e4aedc967fdcc58665752bb59681172,arbitrum,Behavioral confirmation: bot 0x85acb2f8a4bf0fa94bdd3428696b5e51dc2bb51f trapped in tx b84a305fe85bf749965ffc715d288b5139,bytecode_pattern,0x4689b8074ce56e7eb01ade38c84162d4bb507042,True,False,Botanika sol,,,,Botanika sol,BKASOL,ERC-20,2246,,,,,LIKELY_FP,,,,,,,,,ALREADY_MIGRATED
0x978f43ab15476decbc4ce640822bb912c86bcd27,base,Behavioral confirmation: bot 0xc0ffee2a32bc8d7799764ef72caa075276908484 trapped in tx 5212db9d9203d93d5b580a06ae00153545,deployer_history,0x604be06b9f6b6663f78e755db0c5965eb2337e3d,True,False,,,,,,,,,,,,,NEEDS_REVIEW,194,False,,0,0,,behavioral,0,LIKELY_TP_RECIDIVIST
0x34c088fcec9ea365af369939576228a10995fc27,base,BACKFILL: Self-loop detected. Deployer 0xc0dec76000f6c2d32f23d523748e50ebb5bb34a3 called own contract 2 times (2 reverte,deployer_history,0xc0dec76000f6c2d32f23d523748e50ebb5bb34a3,True,False,,,,,,,,,,,,,NEEDS_REVIEW,28,False,,0,0,,backfill,0,LIKELY_TP_RECIDIVIST
0x1d432aa97b08d78494054c8d01f619d4acbcc2cf,base,Behavioral confirmation: bot 0x62592f7d434e722bbc2818905589ad4baf42700c trapped in tx 46295858ffa2ee460a732f2b2416f795f1,bytecode_pattern,0xb084ccd84b5ed91bc44449bce7038262bf551a23,True,False,XRP Healthcare AI,,,,XRP Healthcare AI,XRPHAI,ERC-20,111561,,,,,LIKELY_FP,,,,,,,,,ALREADY_MIGRATED
0x59a00ccc149d42f6e7a5569f05058e3de5452672,base,Self-loop: deployer 0xd62dbb5454ce47a89849ef107efdf07f36540e3f called own contract in reverted tx at block 44631483 (BOT,bytecode_pattern,0xd62dbb5454ce47a89849ef107efdf07f36540e3f,True,False,,,,,,,,,,,,,NEEDS_REVIEW,1,False,,0,0,,self_loop,0,NEEDS_REVIEW
0x238cc9c9a9c1d1206702e6329c97dd1a8966a27a,base,Behavioral confirmation: bot 0x3dec74b95588836cee5fbae14a5690327a37c651 trapped in tx 8fc50bdfe9d9cd99c4227cfb97c4e5cf05,bytecode_pattern,0xefef185e2c89bbede21a1c41427bdf1332eca392,True,False,,,,,,,,,,,,,NEEDS_REVIEW,11,False,,0,0,,behavioral,0,LIKELY_TP_RECIDIVIST
0xe73ae75bd0e2abddbe2d319ea9f950b18f0fd57d,base,BACKFILL: Self-loop detected. Deployer 0xe6af7cf83acf2e84db17df453cb00c8c64ceadb2 called own contract 95 times (95 rever,bytecode_pattern,0xe6af7cf83acf2e84db17df453cb00c8c64ceadb2,True,False,,,,,,,,,,,,,NEEDS_REVIEW,0,False,,0,0,,backfill,0,LIKELY_FP_WEAK
0xd10c3298882199f6ed66d9c2722df06789da012c,optimism,Behavioral confirmation: bot 0xd608b433756c510afe98b5d13f8505caae6e1f38 trapped in tx b74efe05c5b7c1fecca165124004a638ec,deployer_history,0x08b8b9410cba313728d98488a84b90c89fd01a17,True,False,,,,,,,,,,,,,NEEDS_REVIEW,12,False,,0,0,,behavioral,0,LIKELY_TP_RECIDIVIST
0x4ecd6c4802c4fd2da0445ea3469735fbd1cc7677,base,Behavioral confirmation: bot 0x4af1e335df2121d796a1f9798dd636b1b5fcce51 trapped in tx 9a66f057d64ae48689ccc37e522d3ea068,bytecode_pattern,0xee13a11046746b5c0a3f6b90094f08b8910cab8a,True,False,Genius Terminal,,,,Genius Terminal,GENIUS,ERC-20,111820,,,,,LIKELY_FP,,,,,,,,,ALREADY_MIGRATED
0x3d1fb1bc77d1b049e403affebb954160d1d946e2,base,Behavioral confirmation: bot 0x2ecff7050330152fbefbac59d8ce19ac3a77b52f trapped in tx eaa1c966f4a2f4b7ee6cf93d584f221045,bytecode_pattern,0x382e36ac461dbb01ec8032fce06a3ba7bbda4fe4,True,False,GamePad,,,,GamePad,GPAD,ERC-20,85108,,,,,LIKELY_FP,,,,,,,,,ALREADY_MIGRATED
0x09829769fa8eda087c3efe960930ba313161ee35,base,Behavioral confirmation: bot 0x3dec74b95588836cee5fbae14a5690327a37c651 trapped in tx 0130a117b2e7bec2f0f9d233d2282d6d1f,bytecode_pattern,0xefef185e2c89bbede21a1c41427bdf1332eca392,True,False,,,,,,,,,,,,,NEEDS_REVIEW,11,False,,0,0,,behavioral,0,LIKELY_TP_RECIDIVIST
0x27777ec2be4258d32134271f1d5d7d1d896aa86d,base,Behavioral confirmation: bot 0x0fe4e10e266ab5df6fa0e6ce3bed182e515c9aca trapped in tx a8679a6762410780fd9a23e881b29be0f3,bytecode_pattern,0x3be829502566433c8719253a95f19e40f37a8526,True,False,LumiWave Protocol,,,,LumiWave Protocol,LWP,ERC-20,76693,,,,,LIKELY_FP,,,,,,,,,ALREADY_MIGRATED
0x4d0fb6021c2ef668373b87c21cbe835c6d5a2bf2,base,Behavioral confirmation: bot 0x3dec74b95588836cee5fbae14a5690327a37c651 trapped in tx 2eb9fce76b895ad45432a5333a1fa15787,bytecode_pattern,0xefef185e2c89bbede21a1c41427bdf1332eca392,True,False,,,,,,,,,,,,,NEEDS_REVIEW,11,False,,0,0,,behavioral,0,LIKELY_TP_RECIDIVIST
0xa6bcbf3f76adca8fe693a514af9b8deb3bc1df03,base,Behavioral confirmation: bot 0x3dec74b95588836cee5fbae14a5690327a37c651 trapped in tx 5bc418dfee519aaf0e1c35aa9e82f54ef2,bytecode_pattern,0xefef185e2c89bbede21a1c41427bdf1332eca392,True,False,,,,,,,,,,,,,NEEDS_REVIEW,11,False,,0,0,,behavioral,0,LIKELY_TP_RECIDIVIST
0xf579e4d341fffc476223e0d3bbe907cd5f091d48,base,BACKFILL: Self-loop detected. Deployer 0x19cbeb465cb8b3b988e4fa256a71155c3f5970f5 called own contract 61 times (61 rever,deployer_history,0x19cbeb465cb8b3b988e4fa256a71155c3f5970f5,True,False,,,,,,,,,,,,,NEEDS_REVIEW,11,False,,0,0,,backfill,0,LIKELY_TP_RECIDIVIST
0x1837f9c390baa48275170335831dca943cd47079,base,BACKFILL: Self-loop detected. Deployer 0x19cbeb465cb8b3b988e4fa256a71155c3f5970f5 called own contract 9 times (9 reverte,deployer_history,0x19cbeb465cb8b3b988e4fa256a71155c3f5970f5,True,False,,,,,,,,,,,,,NEEDS_REVIEW,11,False,,0,0,,backfill,0,LIKELY_TP_RECIDIVIST
0x54482863da7b3abfc02a173ca2500f79c0fe9c56,base,Behavioral confirmation: bot 0xc0ffee818c9cd2b6e75754e94e0aad291c4db95e trapped in tx 4da25ac2eab17e96b213d6247bef2db951,deployer_history,0xc0ffeefeed8b9d271445cf5d1d24d74d2ca4235e,True,False,,,,,,,,,,,,,NEEDS_REVIEW,203,False,,0,0,,behavioral,0,LIKELY_TP_RECIDIVIST
0x7a90a7fdd215575c0a5fcaa0681bbc1c89e49ecb,base,BACKFILL: Self-loop detected. Deployer 0x19cbeb465cb8b3b988e4fa256a71155c3f5970f5 called own contract 25 times (22 rever,deployer_history,0x19cbeb465cb8b3b988e4fa256a71155c3f5970f5,True,False,,,,,,,,,,,,,NEEDS_REVIEW,11,False,,0,0,,backfill,0,LIKELY_TP_RECIDIVIST
0x7ea16c5e6c9b908e87e0a502da566a7a41203d80,arbitrum,Behavioral confirmation: bot 0xbc548ee5fc534dc2ea515bae26cd43c522080b8e trapped in tx b709a5e0d8839c82bd9ac45c791249137c,bytecode_pattern,0xc64523da8e6be83cdac1a8f82b5939d068d66f8c,True,False,,,,,,,,,,,,,NEEDS_REVIEW,2,False,,0,0,,behavioral,0,LIKELY_TP_RECIDIVIST
0xfa589a2a3d2d72aa8a6a7a6831a129488d798eac,base,BACKFILL: Self-loop detected. Deployer 0x19cbeb465cb8b3b988e4fa256a71155c3f5970f5 called own contract 65 times (64 rever,deployer_history,0x19cbeb465cb8b3b988e4fa256a71155c3f5970f5,True,False,,,,,,,,,,,,,NEEDS_REVIEW,11,False,,0,0,,backfill,0,LIKELY_TP_RECIDIVIST
0x6c27cdadaebacde5d0251aa297b976ce28753432,base,Self-loop: deployer 0x02d7bbbe2d1e241a089b3279358a625f87d1b994 called own contract in reverted tx at block 44763381 (BOT,deployer_history,0x02d7bbbe2d1e241a089b3279358a625f87d1b994,True,False,,,,,,,,,,,,,NEEDS_REVIEW,0,False,,0,0,,self_loop,0,LIKELY_FP_WEAK
0x839ddfe8b6e64fec6061aa9edf6a840ae1631a4c,base,Behavioral confirmation: bot 0x1a1d939b2ee78756d81e6ad1638911bc8eaf63be trapped in tx fbc5534d7497fe07d4880fc1613c738eb8,bytecode_pattern,0x0c12d751b58345a346eb1d9862c084dc4190472e,True,False,,,,,,,,,,,,,NEEDS_REVIEW,0,False,,0,0,,behavioral,0,NEEDS_REVIEW
0x73821fe90de95d972e2ced04b534a255217a1bb1,base,Behavioral confirmation: bot 0x1a1d939b2ee78756d81e6ad1638911bc8eaf63be trapped in tx 7dd99ea79c3b9877998a06ac374ef84677,bytecode_pattern,0x83418055953027abe8534f5432167a21882f94a9,True,False,,,,,,,,,,,,,NEEDS_REVIEW,0,False,,0,0,,behavioral,0,NEEDS_REVIEW
0x8321d7e55e4a9b0c1c33fd8de73c25e65db32e17,base,Behavioral confirmation: bot 0x5d86a6f0f8e87e6f273389e2d3fa0b5d37fba6d2 trapped in tx ede9fc736fcc6a66fd3ac17db060922165,bytecode_pattern,0x99c6660b311da63a0d748da6720bf127a5ce5795,True,False,,,,,,,,,,,,,NEEDS_REVIEW,0,False,,0,0,,behavioral,0,NEEDS_REVIEW
0x0dee870be6438e0aa0eaaf33154b0ff66a626f34,base,Behavioral confirmation: bot 0x1a1d939b2ee78756d81e6ad1638911bc8eaf63be trapped in tx ecdccf39731f4145e77c0c3cf29ac6b1f8,bytecode_pattern,0xd9fc333accfa566bf1b21c1dc3b959f2bb6640c1,True,True,TransparentUpgradeableProxy,,,,,,,,,,,,NEEDS_REVIEW,4,False,,0,0,,behavioral,0,LIKELY_TP_RECIDIVIST
0x9cece7fb2956629eb10f287cf2be925e345d67c5,optimism,Self-loop: deployer 0xaeb32c05d15063fe44eae0d70fc08eac6d429fa6 called own contract in reverted tx at block 150196218 (BO,bytecode_pattern,0xaeb32c05d15063fe44eae0d70fc08eac6d429fa6,True,False,,,,,,,,,,,,,NEEDS_REVIEW,1,False,,0,0,,self_loop,0,NEEDS_REVIEW
0x2059ca55a0fe74985b26ee7ffc47582476ce2863,base,Self-loop: deployer 0xaeb32c05d15063fe44eae0d70fc08eac6d429fa6 called own contract in reverted tx at block 44600993 (BOT,bytecode_pattern,0xaeb32c05d15063fe44eae0d70fc08eac6d429fa6,True,False,,,,,,,,,,,,,NEEDS_REVIEW,1,False,,0,0,,self_loop,0,NEEDS_REVIEW
0x312051773c1c242aeff7d72bf1c5d22849a39f70,base,Behavioral confirmation: bot 0xbe592da43ac48cba738c93a5e2a38bc883a4173a trapped in tx df2735c944f1603ea1b1a896fd700db536,bytecode_pattern,0x5dbe0dd41065df8818cb764e70f46ab431ed50c3,True,False,,,,,,,,,,,,,NEEDS_REVIEW,4,False,,0,0,,behavioral,0,LIKELY_TP_RECIDIVIST
0x8bbabf24694f9e6c1de8bf076aade78b023af8fd,base,Behavioral confirmation: bot 0x7eb63b6dbcdc5adea1cb21340c2f028aaa0a373b trapped in tx 3b8a3dc485d3cf11610741442632e49222,bytecode_pattern,0x0bb14c2b85901310d4c64806f8a25338286a4ab6,True,False,,,,,,,,,,,,,NEEDS_REVIEW,0,False,,0,0,,behavioral,0,NEEDS_REVIEW
0x1d2ba542da4fd0ba5c3c8d61d09438685435041f,base,Behavioral confirmation: bot 0x4d2e624d047b0cbce38b6212af39ba48b3014b60 trapped in tx 495163afb092ea3b8d77cc297b0626be4c,deployer_history,0xbad051ece2b9ce6502266f8a9880fa80ca0fba09,True,False,cpfPOWTest,,,,cpfPOWTest,POWTest,ERC-20,1,,,,,NEEDS_REVIEW,15,False,,0,0,,behavioral,0,LIKELY_TP_RECIDIVIST
0x077df675c25525e217fc248bfdb2d982a7a0b1e0,base,Behavioral confirmation: bot 0x9d9175bd06f62628873340d744b590db756cc779 trapped in tx fb32ded559ec52aead49b416ca1c58fe0e,deployer_history,0xbad051ece2b9ce6502266f8a9880fa80ca0fba09,True,False,Node LP TokenTest,,,,Node LP TokenTest,NodeTest,ERC-20,0,,,,,NEEDS_REVIEW,15,False,,0,0,,behavioral,0,LIKELY_TP_RECIDIVIST
0x1213328b55003d0d85d1300f5f79928d6632d4a0,base,Behavioral confirmation: bot 0x1a1d939b2ee78756d81e6ad1638911bc8eaf63be trapped in tx ef7c58bc8c419faf36133c2d0a4d75e069,bytecode_pattern,0x19e21180fef7a99a43fd9a4aa61a3d6316ab5eee,True,False,BUIDL Build,,,,BUIDL Build,BUILD,ERC-721,0,,,,,NEEDS_REVIEW,0,False,,0,0,,behavioral,0,NEEDS_REVIEW
0x6dae22593d210f870889483d008590d9bded53a3,base,Behavioral confirmation: bot 0xdd44e658e3bed5ce3a74d3d8f518d38e8cc93969 trapped in tx 50cf6ab971b1a3e88489a44d55db4cffac,bytecode_pattern,0xbfdf0c0954c4cf59a114160a88cb8eb04d29312e,True,False,Nivex,,,,Nivex,NIVEX,ERC-20,43130,,,,,LIKELY_FP,,,,,,,,,ALREADY_MIGRATED
0x0c7c9d142cbcd81e22fb3af2c6368372f28d5f4b,arbitrum,Behavioral confirmation: bot 0x1cd45d09b0254e714ca50665f5f1655ec3a76a7c trapped in tx 94f9ab400483c0df0620472c82f4ef269b,bytecode_pattern,0x596cb11f0cc64cb24ab11ac5eab5ee7e32de74b1,True,False,,,,,,,,,,,,,NEEDS_REVIEW,0,False,,0,0,,behavioral,0,NEEDS_REVIEW
0xca8a097f627ef41be12ebf7433f5b6b8a114d77b,base,Behavioral confirmation: bot 0xc64f67bd1dd685e09f65e5d32c1de7c1ebf55320 trapped in tx 8676bcbefda65f82811ddb31136f3a99d0,deployer_history,0x0a2c3a5b964658eac71819778a9429f1dd3071c2,True,False,,,,,,,,,,,,,NEEDS_REVIEW,0,False,,0,0,,behavioral,0,NEEDS_REVIEW
0x26a4e3100527616a44d1c96c3c88b751b7c525ce,base,Behavioral confirmation: bot 0x1a1d939b2ee78756d81e6ad1638911bc8eaf63be trapped in tx 25e03f2268ca3d165a5d5cefed11e0b965,deployer_history,0x136d289c9c586d7c7fd3a39635a4877796845312,True,True,DeployerBadge,,,,VoltPlay Deployer Badge,VBADGE,ERC-721,155,,,,,LIKELY_FP,,,,,,,,,ALREADY_MIGRATED
0xe360f1622571092a966ead8463301c17c991c352,base,Behavioral confirmation: bot 0x19b44aadd16306024ad94892cb93ea558436204e trapped in tx 87b2180cc342cdea61c56f7d1cfa337fb5,bytecode_pattern,0xa2222149ec9ec132b6570a4f7bb05dd3aed9d790,True,False,,,,,,,,,,,,,NEEDS_REVIEW,1,False,,0,0,,behavioral,0,NEEDS_REVIEW
0x1feccceb06dc6c963472d87518b912e59f68fb0d,base,Behavioral confirmation: bot 0x208169b1321a09e614a68b06b7f600dc0e007212 trapped in tx e4f6866f31f5e1a7d751329efb2c0d0bf3,deployer_history,0xc9ea49257ab99b4b8648df0641f15aec038c57e8,True,False,,,,,,,,,,,,,NEEDS_REVIEW,3,False,,0,0,,behavioral,0,LIKELY_TP_RECIDIVIST
0xc96544b95dfe4f4f0d5744cca704e2e1b11dd9b7,arbitrum,Behavioral confirmation: bot 0x8ba99de89475507ae0137c64b066b34735cc9270 trapped in tx d194bcce1fb500808ba4ecaee38b2625b6,bytecode_pattern,0x809088835c4cf6a1af0de599da08ff355a9723db,True,False,,,,,,,,,,,,,NEEDS_REVIEW,0,False,,0,0,,behavioral,0,NEEDS_REVIEW
0x361c66a6cd53a840fe41c82095d8842bb839dd19,base,Behavioral confirmation: bot 0x1a1d939b2ee78756d81e6ad1638911bc8eaf63be trapped in tx 723e91c334586da35131db2bc92d6fd023,deployer_history,0x136d289c9c586d7c7fd3a39635a4877796845312,True,True,BaseBuilder,,,,Base Builder,BBUILD,ERC-721,73,,,,,LIKELY_FP,,,,,,,,,ALREADY_MIGRATED
0x5f11eb1f5d2bb4294983ae5d30824e76e4c40d77,base,Behavioral confirmation: bot 0x6fbd620bc2641238bad794f9402a88200d18dca5 trapped in tx 6a84eca73cf7609e822526c33628cf916a,bytecode_pattern,0xb1429561d54cf6c93aeca6e41b17a659f6dac28e,True,False,,,,,,,,,,,,,NEEDS_REVIEW,4,False,,0,0,,behavioral,0,LIKELY_TP_RECIDIVIST
0xb04bf549b0c7f6c0019b1e019da3e3787e75b75e,base,Self-loop: deployer 0xfe6b6f09a69fe7e5d70de1f849eac32cfc26d9e7 called own contract in reverted tx at block 44621154 (BOT,deployer_history,0xfe6b6f09a69fe7e5d70de1f849eac32cfc26d9e7,True,False,,,,,,,,,,,,,NEEDS_REVIEW,0,False,,0,0,,self_loop,0,LIKELY_FP_WEAK
0x936c871f6b6a2a554e109bb2d95dde796719cc65,arbitrum,Self-loop: deployer 0x30efa4790e7f32d36759b040cff0227f33ee3e14 called own contract in reverted tx at block 451968477 (BO,deployer_history,0x30efa4790e7f32d36759b040cff0227f33ee3e14,True,False,,,,,,,,,,,,,NEEDS_REVIEW,4,False,,0,0,,self_loop,0,LIKELY_TP_RECIDIVIST
0x3f302248214281d18ddfb4d55b264a1a4eddc4b1,base,Behavioral confirmation: bot 0x1a1d939b2ee78756d81e6ad1638911bc8eaf63be trapped in tx ca72f561dbb7dc8872a54ab83baf5b86cf,bytecode_pattern,0x85589fb42b811773d5826cf270dd6c477c57ad6b,True,True,Token,,,,OneFootball Credits,OFC,ERC-20,0,,,,,NEEDS_REVIEW,0,False,,0,0,,behavioral,0,STILL_NEEDS_REVIEW
0xd5d637c15b54ebbf9d17136d956d3715986663ae,base,Behavioral confirmation: bot 0x1a1d939b2ee78756d81e6ad1638911bc8eaf63be trapped in tx 85cc6678fa3b63d879bd4d62e2ab45afa3,deployer_history,0x7d501ac2f75b01e132e667f124be8acf1ce546d4,True,False,,,,,,,,,,,,,NEEDS_REVIEW,0,False,,0,0,,behavioral,0,NEEDS_REVIEW
0xdecc8d7de2777ae4f8c37e3758d9eee09dcf38fd,base,Behavioral confirmation: bot 0x1a1d939b2ee78756d81e6ad1638911bc8eaf63be trapped in tx d1c72544e15e02da9d763954f4a4eab11e,bytecode_pattern,0x41be5900c4c4a8772c99b0cd78c21a3f68b81f5e,True,True,Token,,,,MOONDOGE (moondoge.world),MOONDOGE,ERC-20,1,,,,,NEEDS_REVIEW,0,False,,0,0,,behavioral,0,STILL_NEEDS_REVIEW
0x15b1ba89c851cbe9e747cadb7a5760d833b1cadd,base,Self-loop: deployer 0x65acf006a691ae860429d1d13c53a56e5587a8b1 called own contract in reverted tx at block 45042845 (BOT,bytecode_pattern,0x65acf006a691ae860429d1d13c53a56e5587a8b1,True,False,,,,,,,,,,,,,NEEDS_REVIEW,2,False,,0,0,,self_loop,0,LIKELY_TP_RECIDIVIST
0x2f805fba291b1e9467643a39ded67228091995f3,base,Behavioral confirmation: bot 0x1a1d939b2ee78756d81e6ad1638911bc8eaf63be trapped in tx 4cdaced33aef35fce64a6b0c3bc1f7372f,bytecode_pattern,0x113a11e4a81a62cc3dba760d3dffa7cb0bacfb8b,True,False,,,,,,,,,,,,,NEEDS_REVIEW,0,False,,0,0,,behavioral,0,NEEDS_REVIEW
0xc1ec488f8aa6d061b988d131a32192af7e348f34,base,Behavioral confirmation: bot 0x7dd917132ced21e99417de2991176ba8f9a09b55 trapped in tx 0a89668469843d99f75f903e5776f91208,bytecode_pattern,0xa49fadbcbf16308264c98d464486aba09f99c883,True,True,MayhemMint,,,,Mayhem,Mayhem,ERC-721,96,,,,,LIKELY_FP,,,,,,,,,ALREADY_MIGRATED
0xb3a2584237563a17c6683f2b8b8b35fb047c1ffd,arbitrum,Self-loop: deployer 0x65acf006a691ae860429d1d13c53a56e5587a8b1 called own contract in reverted tx at block 45057157 (BOT,bytecode_pattern,0x65acf006a691ae860429d1d13c53a56e5587a8b1,True,False,,,,,,,,,,,,,NEEDS_REVIEW,2,False,,0,0,,self_loop,0,LIKELY_TP_RECIDIVIST
0x2c259d3015dbfa25bfee72baf91f23b3591a593a,base,Behavioral confirmation: bot 0x1a1d939b2ee78756d81e6ad1638911bc8eaf63be trapped in tx 63600462f4861726b04cb6e9a03f6951b9,bytecode_pattern,0x4ec24ee62af3374ccba3365af44d98b01edb5de3,True,True,Token,,,,iShares MSCI Japan ETF (Derivatives),EWJ,ERC-20,2,,,,,NEEDS_REVIEW,0,False,,0,0,,behavioral,0,STILL_NEEDS_REVIEW
0xaeac0e69f6d2f6d88149cdca003c1689c9ed9eb8,base,Behavioral confirmation: bot 0x1a1d939b2ee78756d81e6ad1638911bc8eaf63be trapped in tx 42ae8eeb1986172c636a81484314e29b83,bytecode_pattern,0x4cb2c0b892c6d618976e35f52903cb63d08e526d,True,True,EVMToken,,,,Laser Eagle,🦅LSEG,ERC-20,2,,,,,NEEDS_REVIEW,0,False,,0,0,,behavioral,0,STILL_NEEDS_REVIEW
0xa4c738f7389c3d7eceb7e000f2f820814591a100,base,Behavioral confirmation: bot 0xcffdfadd06b92880603dcca5fdfab4aa4cd04330 trapped in tx 52c0a28851e37ce8811fd0e7750eddef01,bytecode_pattern,0x614737b68f3b7fa65a165c4057c2412d4a3a9271,True,False,,,,,,,,,,,,,NEEDS_REVIEW,0,False,,0,0,,behavioral,0,NEEDS_REVIEW
0xcce968d27657ad0d80defb48d71867b687656a43,base,Behavioral confirmation: bot 0x1a1d939b2ee78756d81e6ad1638911bc8eaf63be trapped in tx d1ffdaa3c603cee42fa7c4c37c521a24fc,bytecode_pattern,0xf79156018e66177d7ef2a597c5ab31eb11e96c1a,True,True,Token,,,,BurnDog,BDOG,ERC-20,1,,,,,NEEDS_REVIEW,0,False,,0,0,,behavioral,0,STILL_NEEDS_REVIEW
0xfed9c78371a2694683eac531b1df5bdb59e929c2,base,Behavioral confirmation: bot 0x1a1d939b2ee78756d81e6ad1638911bc8eaf63be trapped in tx 8c198f7c8a5c743e576303998f52d717a7,bytecode_pattern,0xecc43de40c635d8978b9ac3691b1026e8c400d82,True,True,Token,,,,龙虾 (Lobster),龙虾,ERC-20,2,,,,,NEEDS_REVIEW,0,False,,0,0,,behavioral,0,STILL_NEEDS_REVIEW
0x9b736073160f42714b9988f1e76680ddf77f29d8,base,Behavioral confirmation: bot 0x1a1d939b2ee78756d81e6ad1638911bc8eaf63be trapped in tx ca75f6c3d1f5fbef352e707ca0d2a51840,bytecode_pattern,0xee5787409286bd7c515909ef33e221489d0754da,True,False,,,,,,,,,,,,,NEEDS_REVIEW,0,False,,0,0,,behavioral,0,NEEDS_REVIEW
0xabbd8748acc1ca2abc3fa5933efe2cb1cdf7b8f1,arbitrum,Behavioral confirmation: bot 0xcd20fe6e10838d8aec242e0438a65c3d704d3e3d trapped in tx 43ebbad52102fcdeed0a9ef3c39ff24374,deployer_history,0xc5d133296e17ba25df0409a6c31607bf3b78e3e3,True,False,,,,,,,,,,,,,NEEDS_REVIEW,2,False,,0,0,,behavioral,1,NEEDS_REVIEW
0xf8092640e1ba1d682b78161fb1a4952410722a9a,arbitrum,Self-loop: deployer 0x30efa4790e7f32d36759b040cff0227f33ee3e14 called own contract in reverted tx at block 451932746 (BO,deployer_history,0x30efa4790e7f32d36759b040cff0227f33ee3e14,True,False,,,,,,,,,,,,,NEEDS_REVIEW,4,False,,0,0,,self_loop,0,LIKELY_TP_RECIDIVIST
0x1bd9cf0b94163dc274ba17e87291ba8a85226e11,base,Behavioral confirmation: bot 0xc67179e6eaeadca028a83e0994bccd052546c07d trapped in tx 9a244b07ed80c8badc8c0b7abb92822975,bytecode_pattern,0x7631326866e04b5c8e48c647b4ffaa56514b2e63,True,False,,,,,,,,,,,,,NEEDS_REVIEW,1,False,,0,0,,behavioral,0,NEEDS_REVIEW
0xfe05a509f58028fae7d4bc003c76edc8da625608,base,Behavioral confirmation: bot 0xead1c966522fd4f1258425b7562c70e15b5798ec trapped in tx cb7fbe3624d020bfb37b88386b243c82c5,bytecode_pattern,0x7631326866e04b5c8e48c647b4ffaa56514b2e63,True,True,SchellGame,,,,,,,,,,,,NEEDS_REVIEW,1,False,,0,0,,behavioral,0,NEEDS_REVIEW
0x20ef3a6129178cb954ec364507d453aaa2500d32,base,Behavioral confirmation: bot 0xca465412b21a3054b934b650b324ae45eec07ec9 trapped in tx e521c4eedc7692344a17f6b5fc9710e71e,deployer_history,0xdb952fdd7c723aeade2a47c9e8cf86417b14bcc1,True,False,,,,,,,,,,,,,NEEDS_REVIEW,5,False,,0,0,,behavioral,0,LIKELY_TP_RECIDIVIST
0xbe36d0e151f0c74a4719544e0792e7b01e2f3423,arbitrum,Behavioral confirmation: bot 0x325433c35ba663059db37087610c5194bc1f6865 trapped in tx e23d8d2cb283e2d41e86a3a11465e576e7,deployer_history,0x468c700a07f781016fc01f110f325c352edf7c98,True,False,,,,,,,,,,,,,NEEDS_REVIEW,0,False,,0,0,,behavioral,0,NEEDS_REVIEW
0xf14bc3ff0b51251b5206e13c654dd67ce6f3874a,base,Behavioral confirmation: bot 0x36f746e21271f6e8cc97f41ed8957ac97a861ae0 trapped in tx 82aca4e4beed309611c92a82899c5d33f6,bytecode_pattern,0x5eb7a6583f6386d040f83429a9d46138cb9e8ea3,True,False,,,,,,,,,,,,,NEEDS_REVIEW,17,False,,0,0,,behavioral,0,LIKELY_TP_RECIDIVIST
0xca058a604967be6d861b33321218d3d0fbd95974,base,Behavioral confirmation: bot 0xca465412b21a3054b934b650b324ae45eec07ec9 trapped in tx 1bd4f6b95e9196fce5dc0fad617a3557e8,deployer_history,0xdb952fdd7c723aeade2a47c9e8cf86417b14bcc1,True,False,,,,,,,,,,,,,NEEDS_REVIEW,5,False,,0,0,,behavioral,0,LIKELY_TP_RECIDIVIST
0x484ac9a57c2c0030ff02f5b8429ea0f1ff638697,base,Behavioral confirmation: bot 0xca465412b21a3054b934b650b324ae45eec07ec9 trapped in tx 56f97cb4e1c4e1e24e1f5b8dea057f887a,deployer_history,0xdb952fdd7c723aeade2a47c9e8cf86417b14bcc1,True,False,,,,,,,,,,,,,NEEDS_REVIEW,5,False,,0,0,,behavioral,0,LIKELY_TP_RECIDIVIST
0xd53bf725634b8101205ae77c67c5d34e817d34b5,base,Behavioral confirmation: bot 0xca465412b21a3054b934b650b324ae45eec07ec9 trapped in tx 7c42eeeb2538617824c2a4e94e1bdf61f5,deployer_history,0xdb952fdd7c723aeade2a47c9e8cf86417b14bcc1,True,False,,,,,,,,,,,,,NEEDS_REVIEW,5,False,,0,0,,behavioral,0,LIKELY_TP_RECIDIVIST
0xf775ffc5862767f06112a7da57259afc712b498e,arbitrum,Self-loop: deployer 0x30efa4790e7f32d36759b040cff0227f33ee3e14 called own contract in reverted tx at block 451974118 (BO,deployer_history,0x30efa4790e7f32d36759b040cff0227f33ee3e14,True,False,,,,,,,,,,,,,NEEDS_REVIEW,4,False,,0,0,,self_loop,0,LIKELY_TP_RECIDIVIST
0xf6f996663f1fc86fe18b4fb335860f034cf2070a,base,Behavioral confirmation: bot 0x52391ea6438480753c5ae18f726632f570fe0ae0 trapped in tx 40b0cb879313228862024d839d58dbf987,bytecode_pattern,0x2ce5ff20a54c736e98098b1f2b3f277f0d154bf5,True,False,EG,,,,EG,EG,ERC-20,93,,,,,NEEDS_REVIEW,0,False,,139,19,7.32,behavioral,0,NEEDS_REVIEW
0x6efcdda84c2d6a2b08dda2374b66d1e4dedfa820,arbitrum,Behavioral confirmation: bot 0xaf9e7f9b368f70613341ab2384f5f6af3fb97c6c trapped in tx 6b9d585298727c9d18f8e60483db29a617,bytecode_pattern,0x36e94ad62a2a58216d8ab642848e4b3feae9fa54,True,False,Inference Labs,,,,Inference Labs,IFLAB,ERC-20,1643,,,,,LIKELY_FP,,,,,,,,,ALREADY_MIGRATED
0xae21726753929c5b15d8f4083ccca90b44d6b718,base,Self-loop: deployer 0xa052e276f797a3677b4bb417729234f8316ac927 called own contract in reverted tx at block 44643358 (BOT,bytecode_pattern,0xa052e276f797a3677b4bb417729234f8316ac927,True,False,,,,,,,,,,,,,NEEDS_REVIEW,2,False,,0,0,,self_loop,0,LIKELY_TP_RECIDIVIST
0x167cd0b9b3078173edbee67c3ea32dc51d0e72ad,base,Self-loop: deployer 0xa052e276f797a3677b4bb417729234f8316ac927 called own contract in reverted tx at block 44644312 (BOT,bytecode_pattern,0xa052e276f797a3677b4bb417729234f8316ac927,True,False,,,,,,,,,,,,,NEEDS_REVIEW,2,False,,0,0,,self_loop,0,LIKELY_TP_RECIDIVIST
0xc0346da757aa1ffecf3f0a8350d2c5b0db7b6709,base,Behavioral confirmation: bot 0x7f2814ff3eab6ba5489f54e5b0b034b0d8463a5c trapped in tx ec346258f55c4eecc06f61c7bff5141b37,bytecode_pattern,0xde61fb59edbfa45be7a36bf8a054ff8af45ebe0f,True,True,MerkleDistributorWithDeadline,,,,,,,,,,,,NEEDS_REVIEW,0,False,,0,0,,behavioral,0,NEEDS_REVIEW
0x4ab51a404e6d37141b08b872a3382406b227fea7,optimism,Behavioral confirmation: bot 0x6fb737d1ebb73cda6cfa36fd16d9273065d1b084 trapped in tx 1cdfe4f478ae30d919960e80b2671f5662,deployer_history,0xd866b2332d4383c1bf719732177e2d9109c99dbc,True,True,TransparentUpgradeableProxy,,,,,,,,,,,,NEEDS_REVIEW,5,False,,0,0,,behavioral,0,LIKELY_TP_RECIDIVIST
0xf8c6314408bf0d9b0f790b1ff88fdf4b29097af2,optimism,Behavioral confirmation: bot 0x1aa5a48440bbdd789eb235bc439646b49d814e85 trapped in tx 1be53d14621ecc036b924c752015ea4b20,deployer_history,0xd866b2332d4383c1bf719732177e2d9109c99dbc,True,True,TransparentUpgradeableProxy,,,,,,,,,,,,NEEDS_REVIEW,5,False,,0,0,,behavioral,0,LIKELY_TP_RECIDIVIST
0xbd56e16801697de2f1f28ef1bc29a135d6d70bde,arbitrum,Self-loop: deployer 0x30efa4790e7f32d36759b040cff0227f33ee3e14 called own contract in reverted tx at block 452125473 (BO,deployer_history,0x30efa4790e7f32d36759b040cff0227f33ee3e14,True,False,,,,,,,,,,,,,NEEDS_REVIEW,4,False,,0,0,,self_loop,0,LIKELY_TP_RECIDIVIST
0xcb53974eccb3fd47a6222cbf77a09ba326f2990c,base,Behavioral confirmation: bot 0x21dc7f245beebd631e693ffa02214a21cb71fc34 trapped in tx dbd938945b8b66b845cab68265064ac727,bytecode_pattern,0x202c8b326ca75bf737fd709b524a1333681f0480,True,False,TerraBase Agent,,,,TerraBase Agent,TERA,ERC-721,3,,,,,NEEDS_REVIEW,5,False,,0,0,,behavioral,0,LIKELY_TP_RECIDIVIST
0x2bfd3710b4dbe6b62653920ec5ee7c0ec0ac8ba3,base,Self-loop: deployer 0xd62dbb5454ce47a89849ef107efdf07f36540e3f called own contract in reverted tx at block 44646859 (BOT,bytecode_pattern,0xd62dbb5454ce47a89849ef107efdf07f36540e3f,True,False,,,,,,,,,,,,,NEEDS_REVIEW,1,False,,0,0,,self_loop,0,NEEDS_REVIEW
0xa60ac54e18739f1c4681409383dcf881de3efabe,arbitrum,Behavioral confirmation: bot 0x6626735e51b34119f971d29241f2bbcded57cc78 trapped in tx 954c6b92f0d031df79fbc71c262210e663,deployer_history,0x00c2796b3ad3369d604e009d75204d7a15cc584b,True,True,Diamond,,,,,,,,,,,,NEEDS_REVIEW,1,False,,0,0,,behavioral,0,NEEDS_REVIEW
0xbb5a731b16ffde52555e3941c35015916d61998b,base,Behavioral confirmation: bot 0x3a02a29fd173ed251485515cd67f03942f7340ae trapped in tx 713dfddc878e5d3d441ea03aa9b06d4736,bytecode_pattern,0x856c01323906b21f42e6de7d81e07ac1e3f15083,True,False,,,,,,,,,,,,,NEEDS_REVIEW,0,False,,0,0,,behavioral,0,NEEDS_REVIEW
0x3a10593bbe34ab4841e4350eececd616717e1707,base,Behavioral confirmation: bot 0x00000000c242f647fbb77a1a83829310eba5eb2f trapped in tx 5f3fbbe62451d794b1c2b0d066fd931758,bytecode_pattern,0x9ce9a03786d7cb54f2431d62cb979738f5946133,True,False,,,,,,,,,,,,,NEEDS_REVIEW,0,False,,0,0,,behavioral,0,NEEDS_REVIEW
0x42d41a28a335c59f3b9ed0b896bf8e89a1910510,base,Behavioral confirmation: bot 0x29093a4c58f8cd946db0de1f77d418174e709617 trapped in tx 41369f275075a2309b7f27cc4c9bff3ee0,deployer_history,0x5cf581fc0a8fe2e4256fa68ce435808a3c275661,True,True,WinStake,,,,,,,,,,,,NEEDS_REVIEW,4,False,,0,0,,behavioral,0,LIKELY_TP_RECIDIVIST
0xb756e28c7e648035235a57486a47fffe374f5900,arbitrum,Behavioral confirmation: bot 0x382b6c38d5a3c66f4f78e3a40d375ce22806487c trapped in tx 21f36e7bad6b76b68782d542507b7cc245,deployer_history,0x08b8b9410cba313728d98488a84b90c89fd01a17,True,False,,,,,,,,,,,,,NEEDS_REVIEW,12,False,,0,0,,behavioral,0,LIKELY_TP_RECIDIVIST
0xb27844410e44cd51952ebbad4ceb80db02e1b92f,base,Self-loop: deployer 0xc0dec76000f6c2d32f23d523748e50ebb5bb34a3 called own contract in reverted tx at block 44664957 (BOT,deployer_history,0xc0dec76000f6c2d32f23d523748e50ebb5bb34a3,True,False,,,,,,,,,,,,,NEEDS_REVIEW,28,False,,0,0,,self_loop,0,LIKELY_TP_RECIDIVIST
0x675de9ac2a50372b7eaa34918770a05bab2fc9c2,base,Behavioral confirmation: bot 0xc51515f09fad4f2d4adbe0761a0a3a004105e4b0 trapped in tx f6ea29de6059354865b533f69f1f20db54,bytecode_pattern,0x89000709fe506373cb5d4647cead1a858d40ba23,True,False,Hyperliquid,,,,Hyperliquid,HYPE,ERC-20,129150,,,,,LIKELY_FP,,,,,,,,,ALREADY_MIGRATED
0x2693744ed210919dca9dc0d9f9749ded32768eda,base,Behavioral confirmation: bot 0xca465412b21a3054b934b650b324ae45eec07ec9 trapped in tx c430927270405aa3b3d41617ac55a8bbc6,deployer_history,0xdb952fdd7c723aeade2a47c9e8cf86417b14bcc1,True,False,,,,,,,,,,,,,NEEDS_REVIEW,5,False,,0,0,,behavioral,0,LIKELY_TP_RECIDIVIST
0xc732ae863b4963d9629caff313779b7a725d5a6a,base,Self-loop: deployer 0xf2cd40d48bc4d7cd5d29fd9d91ae7432c5616d49 called own contract in reverted tx at block 44664312 (BOT,bytecode_pattern,0xf2cd40d48bc4d7cd5d29fd9d91ae7432c5616d49,True,False,,,,,,,,,,,,,NEEDS_REVIEW,0,False,,0,0,,self_loop,0,LIKELY_FP_WEAK
0x9b8c570848e43e2c495759db8d5a293449bf55fc,base,Self-loop: deployer 0xe35f018c1c9032b4cd04fe645f82da6ff1e7413e called own contract in reverted tx at block 44665762 (BOT,bytecode_pattern,0xe35f018c1c9032b4cd04fe645f82da6ff1e7413e,True,False,,,,,,,,,,,,,NEEDS_REVIEW,0,False,,0,0,,self_loop,0,LIKELY_FP_WEAK
0x28d89489d86373006466fdb5e736d21626dcc4b8,arbitrum,Behavioral confirmation: bot 0x343c3928d65920bf2001593e4d8d866db5f88888 trapped in tx 006fcd19202bbfc8833fadee11109377b4,bytecode_pattern,0x0c6a3bf950c60a7e77ad8380988af6ed234cc5a0,True,True,MEVExecutor,,,,,,,,,,,,NEEDS_REVIEW,0,False,,0,0,,behavioral,0,NEEDS_REVIEW
0x3276b63fb84a1df7ce5b2ac155252b4f3fbb33b2,base,Behavioral confirmation: bot 0xca465412b21a3054b934b650b324ae45eec07ec9 trapped in tx 048d40673fad95c1c6d0acce1e0dd0e684,deployer_history,0xdb952fdd7c723aeade2a47c9e8cf86417b14bcc1,True,False,,,,,,,,,,,,,NEEDS_REVIEW,5,False,,0,0,,behavioral,0,LIKELY_TP_RECIDIVIST
0xbc12b6d606fb53311290f38b76b4780f4324e41b,base,Behavioral confirmation: bot 0x213490a7c0e1681ad4239fbbe829994aeeecd193 trapped in tx 67e67da9893525142c1ed9c38ff41a8336,bytecode_pattern,0x021868f2e3d49c059ef52b539aaa933b437e0321,True,False,,,,,,,,,,,,,NEEDS_REVIEW,0,False,,0,0,,behavioral,0,NEEDS_REVIEW
0xe9a4737fee728bf14e0c4c87ef25c2ab70d1296b,base,Behavioral confirmation: bot 0x64f2d8f82be4e7fae541ae674900fc6a2dc847fd trapped in tx ef22983ff5b27c46d246e27b90ed1d985b,deployer_history,0x495fb7ddd383be8030efc93324ff078f173eab2a,True,False,,,,,,,,,,,,,NEEDS_REVIEW,0,False,,0,0,,behavioral,0,NEEDS_REVIEW
0x471a499950b5b81dff82fdd8dd7627b6b4987fad,base,Behavioral confirmation: bot 0x65417a543a3de03c76616cbca45ce416a2a1dab1 trapped in tx 1b416fa1dc796cd0d992ea6f27d1183052,bytecode_pattern,0x980ddb04c54979b3ed23df4a7dbc7049b7d0d686,True,False,SOTA Deflat v2 (Base),,,,SOTA Deflat v2 (Base),SDEF2,ERC-20,5,,,,,NEEDS_REVIEW,0,False,,0,0,,behavioral,0,NEEDS_REVIEW
0x4f835c9f54bcf17daf9040f60cb72951ccbb49dd,base,Behavioral confirmation: bot 0xe35b01d8ea27cbc6e3b8f97ba7ce994e9739acf7 trapped in tx 38ad0fc4f54b04eb7bdd1ced935ad03b30,bytecode_pattern,0xf9572bdf7da594a8a92cc33142f0f053eb6ff03f,True,True,Robot Money USDC,,,,Robot Money USDC,rmUSDC,ERC-20,1,,,,,NEEDS_REVIEW,0,False,,0,0,,behavioral,0,STILL_NEEDS_REVIEW
0x7ff6f0d5d216b9ba8e218633c18bc75ebf439671,arbitrum,Behavioral confirmation: bot 0xbd620be125abf8b569b9a3cc132aad0bcf1ff0e7 trapped in tx 1e62fef6bf938ce168133b792bf4021f91,deployer_history,0xcf4eb63977766cf27949860e2b75037218b779f6,,,,,,,,,,,,,,,NEEDS_REVIEW,2,False,,0,0,,behavioral,0,LIKELY_TP_RECIDIVIST
0xcf2226fe6c672e7355866fa00e9e329600b56526,arbitrum,Behavioral confirmation: bot 0xbd620be125abf8b569b9a3cc132aad0bcf1ff0e7 trapped in tx 4dea81b4ee312f8ea4349f4586d95eb2ae,deployer_history,0xcf4eb63977766cf27949860e2b75037218b779f6,True,True,AccessControlledOCR2Aggregator,,,,,,,,,,,,NEEDS_REVIEW,2,False,,0,0,,behavioral,0,LIKELY_TP_RECIDIVIST
0xded3a04612ff12b57317abe38e68026fc9d28114,arbitrum,Behavioral confirmation: bot 0x73b7e354685c0ef327fa51287a2589d6d64daae8 trapped in tx 5cd7f6eae357319da3b29787ae34fd81de,deployer_history,0xf456a36b04b0951cd19d6d8aa0c0b3b0a07f9ff2,True,True,TransparentUpgradeableProxy,,,,,,,,,,,,NEEDS_REVIEW,1,False,,0,0,,behavioral,0,NEEDS_REVIEW
0xc774f30484818f06a261a89a1d66367e6bbe3e5a,arbitrum,Behavioral confirmation: bot 0x14964d7ca5bbc0b534825499f876130256df44ff trapped in tx 9257e763c7577cc46bd6c82ce8b58ed300,deployer_history,0xf456a36b04b0951cd19d6d8aa0c0b3b0a07f9ff2,True,True,AlchemistRouter,,,,,,,,,,,,NEEDS_REVIEW,1,False,,0,0,,behavioral,0,NEEDS_REVIEW
0x2ba13dcef724ae14f1c508e1d4041ba32ae299a5,arbitrum,Behavioral confirmation: bot 0x88884606cebf8ca5b3dc82762ee48eed15888888 trapped in tx d3bf063154f123e493e934a158fc4bf2b6,bytecode_pattern,0x4f461e7f7691512419b791993ba716f6f3ead893,True,False,,,,,,,,,,,,,NEEDS_REVIEW,1,False,,0,0,,behavioral,0,NEEDS_REVIEW
0x6d09a6c8c4ec207361bb7cbe18c37c94c053c740,arbitrum,Behavioral confirmation: bot 0xc1c17cd6bb99f1c7ac36cb058337d9826d84f5fa trapped in tx 5a4f7a814f86110abcb6c4ac33feb919c0,deployer_history,0xcadf9ebe57ce822cb4f2f36c514599f7b4f98154,True,False,,,,,,,,,,,,,NEEDS_REVIEW,1,False,,0,0,,behavioral,0,NEEDS_REVIEW
0xcacb648149c3b4e407de1b141be8d5b5518b0f3e,base,Behavioral confirmation: bot 0x63e7bd3560efab6aad6c4305810e076f80c5027f trapped in tx a33678925354580f4686e4b13d47ab8e00,bytecode_pattern,0x32df289e1564c14a8b79c0a8d1c9c8a627d5e180,True,False,BitcoinHyper,,,,BitcoinHyper,HYPER,ERC-20,39,,,,,NEEDS_REVIEW,0,False,,1,1,1.00,behavioral,0,NEEDS_REVIEW
0x73c389d5b0ad9d7413efdad87e9967f747d6f0f3,base,Self-loop: deployer 0x38bd68fcdb3a94994227ae79008090f4c75834f3 called own contract in reverted tx at block 45254202 (BOT,bytecode_pattern,0x38bd68fcdb3a94994227ae79008090f4c75834f3,True,False,,,,,,,,,,,,,NEEDS_REVIEW,3,True,asym/-/-,0,0,,self_loop,0,LIKELY_TP_RECIDIVIST
0xc70f7d0dfe687ad9e5e2fcdd1faf0d5b175b81f9,base,Behavioral confirmation: bot 0xa9396e3fd5e18a09b285c6708f68444ecbcfcfa3 trapped in tx 6a471a025b6aa376c348ce5af79ac2ddba,bytecode_pattern,0x2c58f853b21becbf9abb59995c7ae33a6750bd0b,True,True,OracleTreasuryV17,,,,,,,,,,,,NEEDS_REVIEW,0,False,,0,0,,behavioral,0,NEEDS_REVIEW
0x71ee6e6315000feca89d1e4cc3ac31825db20171,base,Behavioral confirmation: bot 0xadaf6cdc16d2cf9976b8eca9100e02d93bccba5c trapped in tx 2c0a2662b6b96d01215a1220893df31395,bytecode_pattern,0x4d333ea3a1130ca2857899094709ac008cbab572,True,False,,,,,,,,,,,,,NEEDS_REVIEW,1,False,,0,0,,behavioral,0,NEEDS_REVIEW
0x59eb70f7cd16f63a9e81aebe3dd10d4cfa4f0319,base,Behavioral confirmation: bot 0x8f079761078bdf2c8143b431857046586fc26f3a trapped in tx 27da1f9821f1ad44c84bd897d852b5a24c,deployer_history,0x0780b1456d5e60cf26c8cd6541b85e805c8c05f2,True,False,,,,,,,,,,,,,NEEDS_REVIEW,1,False,,0,0,,behavioral,0,NEEDS_REVIEW
0x01ef44f505188d4d65f22d46e175c30ef65aefaa,base,Behavioral confirmation: bot 0x40a2cf8301caa11e888b193038c21d2fd0f2b116 trapped in tx 8da7472c7a64f2786894f297f2961e29a2,bytecode_pattern,0x58b680c580fd68cd896d8466768c4e85011a7f5c,True,False,,,,,,,,,,,,,NEEDS_REVIEW,0,False,,0,0,,behavioral,0,NEEDS_REVIEW
0x5b8ca3260ce325ac402beaed66eb06a617a12f6c,base,Behavioral confirmation: bot 0x18779e54787320ae9ab997f2ba3fc6e31d2a0ac1 trapped in tx 4619672f1616aece56b46a33ff99075147,bytecode_pattern,0xf6c99cec5bd639316a19d2f56afc14bd046d3a90,True,False,,,,,,,,,,,,,NEEDS_REVIEW,0,False,,0,0,,behavioral,0,NEEDS_REVIEW
0xb9d7d0db190df6fd115095a72ecce40501643c62,base,Self-loop: deployer 0x3e2dad35635f82a38fe8fabfe2c0003df68d6f60 called own contract in reverted tx at block 45080637 (BOT,bytecode_pattern,0x3e2dad35635f82a38fe8fabfe2c0003df68d6f60,True,False,,,,,,,,,,,,,NEEDS_REVIEW,1,False,,0,0,,self_loop,0,NEEDS_REVIEW
0xecd1e4ba1a16bdd1f5e285b960290a1b89f8dd98,arbitrum,Behavioral confirmation: bot 0xab4dae054bdd9b46f0d2568e180ace1f09b61b1f trapped in tx c8db57f98de93c57d212ebfbdc829deaba,deployer_history,0xe911f518449ba0011d84b047b4cde50daa081ec1,True,False,,,,,,,,,,,,,NEEDS_REVIEW,0,False,,0,0,,behavioral,0,NEEDS_REVIEW
0x13087c212f2b8253b761fe91d8281bd48ee48c24,base,Behavioral confirmation: bot 0x8e6e9f9a7b000238ff344030816eec9103a0af2a trapped in tx 6f03e85c54871185afd3c4c19395431335,deployer_history,0x59a5cbc684bfed4aa83abce9ec637c3f2b3634dc,True,True,CupClaimRouter,,,,,,,,,,,,NEEDS_REVIEW,3,False,,0,0,,behavioral,0,LIKELY_TP_RECIDIVIST
0x17f7560143eb1e7f8e246cf750c4c27f8fe227d9,base,Behavioral confirmation: bot 0x6c366b494d05ff899da2207d9e314c24a2d0c002 trapped in tx b067bb5f0efa93797557f7a59e558195a9,deployer_history,0x666521000c595a632fb3e99f392b12e937b77586,True,False,,,,,,,,,,,,,NEEDS_REVIEW,11,False,,0,0,,behavioral,0,LIKELY_TP_RECIDIVIST
0x44cde1225a73426a045704ef22345e86e152302d,base,Self-loop: deployer 0x3e2dad35635f82a38fe8fabfe2c0003df68d6f60 called own contract in reverted tx at block 45061151 (BOT,bytecode_pattern,0x3e2dad35635f82a38fe8fabfe2c0003df68d6f60,True,False,,,,,,,,,,,,,NEEDS_REVIEW,1,False,,0,0,,self_loop,0,NEEDS_REVIEW
0x70b239b860b5af27211cb8b2764c866ed740aa52,arbitrum,Behavioral confirmation: bot 0xc515f7263c4ee918b0cfd2995b1ff1b1da5f2222 trapped in tx b174b9fe2e16ab0222e38beb1b6ea4aa1e,bytecode_pattern,0x4f461e7f7691512419b791993ba716f6f3ead893,True,False,,,,,,,,,,,,,NEEDS_REVIEW,1,False,,0,0,,behavioral,0,NEEDS_REVIEW
0x360fe3105fceac1da47f862af773e0019b18f6c7,base,Behavioral confirmation: bot 0x85909dd6eedf9cbd3d51fb5f90ea91a1c9b9c017 trapped in tx 91291e3d23574a495e55faa1b67e386d76,deployer_history,0x666521000c595a632fb3e99f392b12e937b77586,True,True,ERC1967Proxy,,,,,,,,,,,,NEEDS_REVIEW,11,False,,0,0,,behavioral,0,LIKELY_TP_RECIDIVIST
0x6df4b7dbdd11089f6157a241fe123b0412387d90,base,Behavioral confirmation: bot 0xd59f9370b391360f592b82b09aaeddc41682c020 trapped in tx d8aa6dc066ac48371da2f10f1811bd0931,deployer_history,0x666521000c595a632fb3e99f392b12e937b77586,True,False,,,,,,,,,,,,,NEEDS_REVIEW,11,False,,0,0,,behavioral,0,LIKELY_TP_RECIDIVIST
0x0daba40cd11e18216e1c79916604e60b5980487a,base,Behavioral confirmation: bot 0xbeb0b201469b24e73f1c616eb8479854c4605149 trapped in tx 35995956c9dff82f94d84d1b017a033576,bytecode_pattern,0xe3e9a2ac141e14fb3046bc1fa235f0ffd1a384b5,True,False,Fluent,,,,Fluent,BLEND,ERC-20,192231,,,,,LIKELY_FP,,,,,,,,,ALREADY_MIGRATED
0xf28b0469954f16c9af55276a59c6350ced79d40d,base,Behavioral confirmation: bot 0xd5eab2254a07115d06bba66fba0e23152be5c014 trapped in tx 2ccca96f4cea1c225c1b8a27861a7fe8d4,deployer_history,0x666521000c595a632fb3e99f392b12e937b77586,True,True,ERC1967Proxy,,,,,,,,,,,,NEEDS_REVIEW,11,False,,0,0,,behavioral,0,LIKELY_TP_RECIDIVIST
0x40db458df8c5e0efcab0e313934107336fb3bebe,base,Self-loop: deployer 0xad5698aed829bdbc070686797dff45c5be0bd729 called own contract in reverted tx at block 45067818 (BOT,bytecode_pattern,0xad5698aed829bdbc070686797dff45c5be0bd729,True,False,,,,,,,,,,,,,NEEDS_REVIEW,2,False,,0,0,,self_loop,0,LIKELY_TP_RECIDIVIST
0xc6d1b9961a108c783a4740ed6e09f1019bd6acc8,base,Behavioral confirmation: bot 0xc9504dfc3d410b74db250bba6511c2b0ed69c025 trapped in tx cf2656ee2bdea1fac8157ee978601b2d4c,deployer_history,0x666521000c595a632fb3e99f392b12e937b77586,True,False,,,,,,,,,,,,,NEEDS_REVIEW,11,False,,0,0,,behavioral,0,LIKELY_TP_RECIDIVIST
0x6c5d687198bed6f704eb8340358098b2f249a28e,base,Behavioral confirmation: bot 0xbeb0b201469b24e73f1c616eb8479854c4605149 trapped in tx b10610cbb98c1fedd46c4a2354694b6a1a,bytecode_pattern,0x82f7cc5b8f526287044988254635509582bf6106,True,False,Manadia,,,,Manadia,UMXM,ERC-20,30992,,,,,LIKELY_FP,,,,,,,,,ALREADY_MIGRATED
0xc8c450ac7dc2bc753aa1d2272ee3b4383a4ab48a,base,Behavioral confirmation: bot 0x91d1cd5bcff6def314d9e57c3dc77bc066ff228a trapped in tx 761841b00367619647dc5bbdbda5f33748,bytecode_pattern,0xad5698aed829bdbc070686797dff45c5be0bd729,True,False,,,,,,,,,,,,,NEEDS_REVIEW,2,False,,0,0,,behavioral,0,LIKELY_TP_RECIDIVIST
0x6d3261c6e1cb05e0fd0132b6d962ca8fabb109ac,base,Behavioral confirmation: bot 0xf01dbf8f4b4c8d28a2bfd7d3e04603323ecd83f3 trapped in tx 7a025ce0be6d57c48b7d41d5166a5d6e7b,bytecode_pattern,0xe69bc665f54d49279d0d5279220440ea23096aba,True,False,,,,,,,,,,,,,NEEDS_REVIEW,0,True,asym/-/fee,0,0,,behavioral,0,NEEDS_REVIEW
0x8eacdb008568431483f07161a53d7e8d555f58c3,base,Behavioral confirmation: bot 0x73a8e582a640d231a460b7e8e7ca10a90dd52de5 trapped in tx 62960b2a6d491b45baa806aad00f33b5ef,bytecode_pattern,0xd7a1c535965aa05a422b44c99921371f58807fae,True,False,,,,,,,,,,,,,NEEDS_REVIEW,0,False,,0,0,,behavioral,0,NEEDS_REVIEW
0x8c2810421dff57a15f6a905690b06fbacc658a28,base,Self-loop: deployer 0xa052e276f797a3677b4bb417729234f8316ac927 called own contract in reverted tx at block 45780131 (BOT,bytecode_pattern,0xa052e276f797a3677b4bb417729234f8316ac927,True,False,,,,,,,,,,,,,NEEDS_REVIEW,2,False,,0,0,,self_loop,0,LIKELY_TP_RECIDIVIST
0xe4e873dcef553dab821b03a3cac36b84c5f16b8d,optimism,Behavioral confirmation: bot 0x63bf2f4373b65fdde9961b02e059f7c1d09a6207 trapped in tx 59ee07def4c4b9ed7cfde9e729e0924d07,bytecode_pattern,0x2455b411adbf3cbe079566046eb629f2cb573a0a,True,False,,,,,,,,,,,,,NEEDS_REVIEW,0,False,,0,0,,behavioral,0,NEEDS_REVIEW
0x08c4d91507a5a9ede5cb51427455ac5766514e20,arbitrum,Behavioral confirmation: bot 0x5d9371e84256bbdcb9cebe516037565d29cb105d trapped in tx 063928731535e079bafead4a67367f711e,bytecode_pattern,0x012b437b8af42761827899b01766fa5ddf467523,True,False,Doppel HQ,,,,Doppel HQ,DPLHQ,ERC-20,2246,,,,,LIKELY_FP,,,,,,,,,ALREADY_MIGRATED
0x48bb5cd38aba5fec4b9e288ef2dc3e579ee8f8f4,base,Behavioral confirmation: bot 0x017add88f0bc2b7e8fd6dbe1e3e5df93484da02d trapped in tx 37b8694842c31cebc68498837adcbb048e,bytecode_pattern,0xc72bd0dcf8118b22164b03cd702e0de85f69e3c9,True,False,TM,,,,TM,TM,ERC-20,710,,,,,LIKELY_FP,,,,,,,,,ALREADY_MIGRATED
0x897ad784a29387f20ac67d274a21e90012b1a397,base,Behavioral confirmation: bot 0xbccbe8af1d71d05f6ea1d9be0e957cad7b487b8f trapped in tx a187e319ec4084f248fc9b1c1ae7c1fa1a,bytecode_pattern,0x6b2d9726989b1486dc208753a12887b729a8e733,True,False,,,,,,,,,,,,,NEEDS_REVIEW,0,False,,0,0,,behavioral,0,NEEDS_REVIEW
0x1d2bc2a265a257a48cd9b4a34aef1d0a33329959,base,Behavioral confirmation: bot 0x663e6aa7ed600b9dfdfcd74c80f6c74d8724967f trapped in tx c8f8e5cd6d8c0e1c0baaf62b3b42ab4110,bytecode_pattern,0x9d5fab68a3bdd4644728190fa4378c836d24f7e0,True,False,SpaceX,,,,SpaceX,SPCX,ERC-20,153193,,,,,LIKELY_FP,,,,,,,,,ALREADY_MIGRATED
0x805f5d38f652c830bc20785029482c7143963cb1,base,Self-loop: deployer 0x53bb2191dcd143a4b8ca5212cff4eebe35348ed2 called own contract in reverted tx at block 45080530 (BOT,bytecode_pattern,0x53bb2191dcd143a4b8ca5212cff4eebe35348ed2,True,False,,,,,,,,,,,,,NEEDS_REVIEW,0,False,,0,0,,self_loop,0,LIKELY_FP_WEAK
0x144681860389b8925c19b4294dfe7f069d33607e,optimism,Behavioral confirmation: bot 0xa04163e4033a941a3446c33e432a1da7ecc8898a trapped in tx fc3f398a626e2155f85b32cf6def2ba8f7,bytecode_pattern,0xc5e529a6a0eb4e4555aaff2b1c3426914e2dbdd4,True,True,AccessControlledOffchainAggregator,,,,,,,,,,,,NEEDS_REVIEW,1,False,,0,0,,behavioral,0,NEEDS_REVIEW
0xe0ee5a81cfc83299961510860da9b1f5b488766e,base,Behavioral confirmation: bot 0x9095a883cd2f7ca4609be3a351317dade049dfd5 trapped in tx b193702135759c12029870965e03dee6a4,deployer_history,0x73c0c56bbf162e403b46285f525cdc2409a57bed,True,False,,,,,,,,,,,,,NEEDS_REVIEW,5,False,,0,0,,behavioral,0,LIKELY_TP_RECIDIVIST
0x3d26d5f702870ad2b9b36b1c5ac12004ca2ec605,base,Behavioral confirmation: bot 0x46f4ae4d8db16b0333ee726b9a02b583dbe58657 trapped in tx 1d6b72cf6e87e3c244d301317a2325b940,bytecode_pattern,0x2b68026a114229d9ba0a03ea20c1941e462b7457,True,False,MultichainZ,,,,MultichainZ,CHAINZ,ERC-20,82164,,,,,LIKELY_FP,,,,,,,,,ALREADY_MIGRATED
0x9838f6a1b8b949e0ef0e96e4be33d1f262d40328,base,Behavioral confirmation: bot 0xcd1b524edf259749c9fb4c04852401bd295533e6 trapped in tx 165d0bff4bd279203ab1a3df093ee7f740,deployer_history,0x59a5cbc684bfed4aa83abce9ec637c3f2b3634dc,True,True,AgentsCupPackStoreV2,,,,,,,,,,,,NEEDS_REVIEW,3,False,,0,0,,behavioral,0,LIKELY_TP_RECIDIVIST
0x093221b24faa54376b1c61fb3bf097d02d703936,base,Behavioral confirmation: bot 0xc545c97f37fe5bbc9ebe3abd322b50da2d75a7d1 trapped in tx c527eb610933b82687e4a141e04f6348dd,bytecode_pattern,0xce367fdc133402b3024b0aa1a76c4563f5ecda02,True,False,,,,,,,,,,,,,NEEDS_REVIEW,2,False,,0,0,,behavioral,0,LIKELY_TP_RECIDIVIST
0xadbef94723f39dd10220ce4776c33494c3f1f97c,base,Behavioral confirmation: bot 0x3dec74b95588836cee5fbae14a5690327a37c651 trapped in tx fd3f1ab9aeca77d390be319d68382dee07,bytecode_pattern,0xefef185e2c89bbede21a1c41427bdf1332eca392,True,False,,,,,,,,,,,,,NEEDS_REVIEW,11,False,,0,0,,behavioral,0,LIKELY_TP_RECIDIVIST
0x20fb90286db8b78eeea7dbba0f70d630923fcc37,base,Behavioral confirmation: bot 0x21dc7f245beebd631e693ffa02214a21cb71fc34 trapped in tx 2fc99e21a22a9c90df7b66761feccfc2e7,bytecode_pattern,0x202c8b326ca75bf737fd709b524a1333681f0480,True,False,,,,,,,,,,,,,NEEDS_REVIEW,5,False,,0,0,,behavioral,0,LIKELY_TP_RECIDIVIST
0x69494e66dd7d2fc60685b5205a9bc97aeee956c5,base,Behavioral confirmation: bot 0x3dec74b95588836cee5fbae14a5690327a37c651 trapped in tx 7dc613bf3ee274a6d85e1f89479205aca1,bytecode_pattern,0xefef185e2c89bbede21a1c41427bdf1332eca392,True,False,,,,,,,,,,,,,NEEDS_REVIEW,11,False,,0,0,,behavioral,0,LIKELY_TP_RECIDIVIST
0xe039197156050d64c21a34930dafa3927b606215,base,Behavioral confirmation: bot 0xe733cf32b21700d0cdc18b15a076ab8734018cfc trapped in tx 8ce634738955955ad02fcb113b219b70f4,bytecode_pattern,0xce367fdc133402b3024b0aa1a76c4563f5ecda02,True,False,,,,,,,,,,,,,NEEDS_REVIEW,2,False,,0,0,,behavioral,0,LIKELY_TP_RECIDIVIST
0x75fe5b598c4a9451feda60862cd989045679480a,base,Behavioral confirmation: bot 0xf900a247668cd53fc60d524e7bdc4ab408c94926 trapped in tx 0d0b128955f4bbf2ba33a05c2b7d01d2f0,deployer_history,0x30efa4790e7f32d36759b040cff0227f33ee3e14,True,False,,,,,,,,,,,,,NEEDS_REVIEW,4,False,,0,0,,behavioral,0,LIKELY_TP_RECIDIVIST
0xa05bfc6806f1f969edf2b6aa622431261b22296a,base,Behavioral confirmation: bot 0xd1c67571b4b6f36556fd6444e1031e5edd87b5d8 trapped in tx 7344dbaeb1bdf1cc51ec778f9266aa9369,bytecode_pattern,0xec234d11ee5c4bf39024b1204515ce71d758ef28,True,False,,,,,,,,,,,,,NEEDS_REVIEW,0,False,,0,0,,behavioral,0,NEEDS_REVIEW
0x3901fc5d7fac1a097ffd26548c432314fad69992,base,Behavioral confirmation: bot 0x6fbd620bc2641238bad794f9402a88200d18dca5 trapped in tx 5dad3c3b86b48c0bdde1e55cc390a53b9f,deployer_history,0xa24d2af7b9d58579225800b32111d71fb34643c9,True,False,,,,,,,,,,,,,NEEDS_REVIEW,1,False,,0,0,,behavioral,0,NEEDS_REVIEW
0xb4a23a816309642a36bf8b3f7a74c37b698f5ffa,base,Behavioral confirmation: bot 0x019f52235319581784a404d9f3c80e4b03285ccd trapped in tx 0d35d87bbb70c6f51f9864e1b01c2e55f9,bytecode_pattern,0xd6f691cac48f39c711187fee23758178fe54cb01,True,True,ERC721SeaDrop,,,,Abnormal Mfers,ABNORMAL,ERC-721,87,,,,,LIKELY_FP,,,,,,,,,ALREADY_MIGRATED
0x9d3695161c606ef124e6a468c48be7a102ba6ce2,base,Behavioral confirmation: bot 0x84209cb1bbe70942f29e8e524864d496e12a5425 trapped in tx 8cf9072a18990fb6c09e50e34c73f2bf8d,bytecode_pattern,0xd1c67571b4b6f36556fd6444e1031e5edd87b5d8,True,False,TRUMPTOPIA,,,,TRUMPTOPIA,TTPA,ERC-20,155,,,,,LIKELY_FP,,,,,,,,,ALREADY_MIGRATED
0x976388e77df77c4349a1926a6d804d7ebc400ec3,arbitrum,Behavioral confirmation: bot 0xf519765f1ccf2d2522d316d6a5d1771e8972233a trapped in tx 342323632c72f31090d93339260b75af0c,deployer_history,0xd866b2332d4383c1bf719732177e2d9109c99dbc,True,False,,,,,,,,,,,,,NEEDS_REVIEW,5,False,,0,0,,behavioral,0,LIKELY_TP_RECIDIVIST
0x6f3d47fe9ad26cd95f64869f5f0477a5e20569b5,arbitrum,Behavioral confirmation: bot 0x8903a0e797ccd822fec6adac30d6d53c79a70ac8 trapped in tx 5d1e70f9278d66ca7ceb3fb1d616d11a52,bytecode_pattern,0x102ba56522a32c0275506bd20f9387a4445228da,True,False,,,,,,,,,,,,,NEEDS_REVIEW,0,False,,0,0,,behavioral,0,NEEDS_REVIEW
0x6e0f21e50a8ca1ee8b2c03309c41e86a860c18ad,base,Behavioral confirmation: bot 0x644b7154a6e4796d3bfa0a58865080aa5bf92d0f trapped in tx 1dfc4fb4a8562d33224497b7c5eb6421a2,bytecode_pattern,0x5bf77f28b40bfedafadc20de67cac2f6f7543cdc,True,False,,,,,,,,,,,,,NEEDS_REVIEW,0,False,,0,0,,behavioral,0,NEEDS_REVIEW
0xc99ecf18d83352313733b5592f7de6ebce4792d6,base,Behavioral confirmation: bot 0x0edcef8f0d27e5327bb2fc3dcd6272010114fc4b trapped in tx 3b7caa8f5697711e5bfdb2223be7870e23,deployer_history,0x59a5cbc684bfed4aa83abce9ec637c3f2b3634dc,True,True,CupOpenClaim,,,,,,,,,,,,NEEDS_REVIEW,3,False,,0,0,,behavioral,0,LIKELY_TP_RECIDIVIST
0xbb0014de976f288bc4f5d057cfa6c9d370687417,base,Behavioral confirmation: bot 0x54948bfea03a62bae0e0b1aa63502e387bfbcf41 trapped in tx 86b4b05a33b61bb6716f3326b84e865053,deployer_history,0x59a5cbc684bfed4aa83abce9ec637c3f2b3634dc,True,True,CupOpenClaim,,,,,,,,,,,,NEEDS_REVIEW,3,False,,0,0,,behavioral,0,LIKELY_TP_RECIDIVIST
0x85bb2175297576b57fb8a43fb759bb14e16831d3,base,Behavioral confirmation: bot 0xc0ffee90c2cfa398e0af37eeadb39d200e331eec trapped in tx acc794338cdf659bfb621c428e81a10b00,deployer_history,0xc0ffeefeed8b9d271445cf5d1d24d74d2ca4235e,True,False,,,,,,,,,,,,,NEEDS_REVIEW,203,False,,0,0,,behavioral,0,LIKELY_TP_RECIDIVIST
0x409d90cd67fceb0e5c5a65fd0b9dadd54bda932d,base,Behavioral confirmation: bot 0xc0ffee48a9e45ad104a5b38c0844aacc5b82e6f8 trapped in tx 5dcbd05929f1447ef51cb2dc1c5cb690cb,deployer_history,0x604be06b9f6b6663f78e755db0c5965eb2337e3d,True,False,,,,,,,,,,,,,NEEDS_REVIEW,194,False,,0,0,,behavioral,0,LIKELY_TP_RECIDIVIST
0xc902e81d5fced15416bbfc700981af88f8cbda58,base,Behavioral confirmation: bot 0xc0ffee2f93b3f53b081f9e775dc47cf54587237e trapped in tx 80503efc615e974ffd63fb3bef5fba5fb3,deployer_history,0x604be06b9f6b6663f78e755db0c5965eb2337e3d,True,False,,,,,,,,,,,,,NEEDS_REVIEW,194,False,,0,0,,behavioral,0,LIKELY_TP_RECIDIVIST
0xbde6bf302f40b334791fe7716a4ccffb1f59c0aa,base,Behavioral confirmation: bot 0xc0ffee5d1ba6baa6e4ff9f184ff64f5aabc5d2b6 trapped in tx 5854571d1d0d2e1da4c4d9628e6242011a,deployer_history,0xc0ffeefeed8b9d271445cf5d1d24d74d2ca4235e,True,False,,,,,,,,,,,,,NEEDS_REVIEW,203,False,,0,0,,behavioral,0,LIKELY_TP_RECIDIVIST
0xb55a19f688cafab6274639751bfd82eb71d945f2,base,Behavioral confirmation: bot 0xc0ffee5f2f56d966098e5d8981cb80c3c2def202 trapped in tx 716ad801ba5706ee554e2a090899d45a4e,deployer_history,0x604be06b9f6b6663f78e755db0c5965eb2337e3d,True,False,,,,,,,,,,,,,NEEDS_REVIEW,194,False,,0,0,,behavioral,0,LIKELY_TP_RECIDIVIST
0x4e39ce93dff6268601be606f7f0157dc24270f63,base,Behavioral confirmation: bot 0xc0ffee445a22e6228cfb77ec0483c426fc856161 trapped in tx 1e807341b05da93537c0eb3277ae73bb12,deployer_history,0xc0ffeefeed8b9d271445cf5d1d24d74d2ca4235e,True,False,,,,,,,,,,,,,NEEDS_REVIEW,203,False,,0,0,,behavioral,0,LIKELY_TP_RECIDIVIST
0xc5048656467517ee058d5917b430a71303dfc62e,base,Behavioral confirmation: bot 0xc0ffeeec990e2e50d1589bc9120769455a104d6d trapped in tx 3fe80001fa984176403067d9c7795c78c3,deployer_history,0x604be06b9f6b6663f78e755db0c5965eb2337e3d,True,False,,,,,,,,,,,,,NEEDS_REVIEW,194,False,,0,0,,behavioral,0,LIKELY_TP_RECIDIVIST
0x9474b1aa524ed21b948a320873e7930c9205db29,base,Behavioral confirmation: bot 0xc0ffee1d2edbe6dad64af3d05c0421cbecdcb83a trapped in tx 1d663ed4626d993e845d7f833873d952fe,deployer_history,0x604be06b9f6b6663f78e755db0c5965eb2337e3d,True,False,,,,,,,,,,,,,NEEDS_REVIEW,194,False,,0,0,,behavioral,0,LIKELY_TP_RECIDIVIST
0xba90ace4a259f66fecb91170c1cb0c45597ab2ea,base,Behavioral confirmation: bot 0xc0ffee73cd222c29709a211010ad76d8b3ca55b4 trapped in tx ba8baa735557fd2acd60da302744951de8,deployer_history,0x604be06b9f6b6663f78e755db0c5965eb2337e3d,True,False,,,,,,,,,,,,,NEEDS_REVIEW,194,False,,0,0,,behavioral,0,LIKELY_TP_RECIDIVIST
0xd110d3140a459dcf5daa036d4342147f262be04e,base,Behavioral confirmation: bot 0xc0ffeec1f8029a5adc3c9017c433d7c692fdd545 trapped in tx ed401f15d0d6072abec69725f3749386ef,deployer_history,0x604be06b9f6b6663f78e755db0c5965eb2337e3d,True,False,,,,,,,,,,,,,NEEDS_REVIEW,194,False,,0,0,,behavioral,0,LIKELY_TP_RECIDIVIST
0x24ad012055a80005478e0bca0511b88d7696108d,base,Behavioral confirmation: bot 0xc0ffee4582039cc176c77a0da7f61293abcd65cb trapped in tx 0be6a2dece41b31a4a7cd78692151b2cb4,deployer_history,0xc0ffeefeed8b9d271445cf5d1d24d74d2ca4235e,True,False,,,,,,,,,,,,,NEEDS_REVIEW,203,False,,0,0,,behavioral,0,LIKELY_TP_RECIDIVIST
0xf3ed04d35e2eeefbad36054311ceae42680ed53b,base,Behavioral confirmation: bot 0xc0ffee884426f7c2e6d61b8b6ae8927c4c40ff5e trapped in tx 74ab441c9c2d3a139aea8fe49bb740a5a6,deployer_history,0x604be06b9f6b6663f78e755db0c5965eb2337e3d,True,False,,,,,,,,,,,,,NEEDS_REVIEW,194,False,,0,0,,behavioral,0,LIKELY_TP_RECIDIVIST
0x30578335e862cc45f5668e60c33992d6f124f2f4,base,Behavioral confirmation: bot 0xc0ffee59f94f54f4f293f01672976408bc1cad7f trapped in tx d5ad8e9ef9d5d53d59cecd71dec2621efb,deployer_history,0x604be06b9f6b6663f78e755db0c5965eb2337e3d,True,False,,,,,,,,,,,,,NEEDS_REVIEW,194,False,,0,0,,behavioral,0,LIKELY_TP_RECIDIVIST
0x535dd3a47e9d97ff22018f702f46b612bef64b1c,base,Behavioral confirmation: bot 0xc0ffeecdffd6248645e3d8f011b08907740d7986 trapped in tx be962f3f72d0a2cf36dd67f0403ef96db3,deployer_history,0xc0ffeefeed8b9d271445cf5d1d24d74d2ca4235e,True,False,,,,,,,,,,,,,NEEDS_REVIEW,203,False,,0,0,,behavioral,0,LIKELY_TP_RECIDIVIST
0xa7cd6fb0f6f84de751f4eb798f70514d163cd8a4,base,Behavioral confirmation: bot 0xc0ffeea556179ce7a8d01211f4288a8b25f7cf49 trapped in tx ed2d42c3e64a3dd40eb0afc88adcd88f8d,deployer_history,0xc0ffeefeed8b9d271445cf5d1d24d74d2ca4235e,True,False,,,,,,,,,,,,,NEEDS_REVIEW,203,False,,0,0,,behavioral,0,LIKELY_TP_RECIDIVIST
0xb4e2248331eb2e98028907df54623059452b43b4,base,Behavioral confirmation: bot 0xc0ffeec1f8029a5adc3c9017c433d7c692fdd545 trapped in tx 47d91707211b2f389ff63af4e2249b09ff,deployer_history,0xc0ffeefeed8b9d271445cf5d1d24d74d2ca4235e,True,False,,,,,,,,,,,,,NEEDS_REVIEW,203,False,,0,0,,behavioral,0,LIKELY_TP_RECIDIVIST
0x1f62825989a734bf48e57b5d2a2f30812e53a2aa,arbitrum,Behavioral confirmation: bot 0xc1c17cd6bb99f1c7ac36cb058337d9826d84f5fa trapped in tx 1fc7e4ab2692f965242638aae962caf0aa,deployer_history,0xcadf9ebe57ce822cb4f2f36c514599f7b4f98154,True,False,,,,,,,,,,,,,NEEDS_REVIEW,1,False,,0,0,,behavioral,0,NEEDS_REVIEW
0x4150b2c9efd7065980353668539d0ca203a95150,base,Behavioral confirmation: bot 0xc0ffee2af556f31a749146d79bbd2135ceca0e56 trapped in tx 5085256fa5614ad087ee88427e0fefd54c,deployer_history,0x604be06b9f6b6663f78e755db0c5965eb2337e3d,True,False,,,,,,,,,,,,,NEEDS_REVIEW,194,False,,0,0,,behavioral,0,LIKELY_TP_RECIDIVIST
0xeb14ff7af881ced46ecc070d7a9c83c8a23aad01,base,Behavioral confirmation: bot 0xc0ffee467ef760173af2e2c37b23996d345f145c trapped in tx 262ec00c53cec301e74fd49de87cdaa2f0,deployer_history,0x604be06b9f6b6663f78e755db0c5965eb2337e3d,True,False,,,,,,,,,,,,,NEEDS_REVIEW,194,False,,0,0,,behavioral,0,LIKELY_TP_RECIDIVIST
0x861de39fb740028d11151f90bd91bfea0c9527e6,base,Behavioral confirmation: bot 0xc0ffee73cd222c29709a211010ad76d8b3ca55b4 trapped in tx 1b3ae295b84e82f7e75262e890b39fae74,deployer_history,0xc0ffeefeed8b9d271445cf5d1d24d74d2ca4235e,True,False,,,,,,,,,,,,,NEEDS_REVIEW,203,False,,0,0,,behavioral,0,LIKELY_TP_RECIDIVIST
0x3c3689f93a9869d1176ccd187f93ad196eaf103e,base,Behavioral confirmation: bot 0x9b33259601e2b50fbaa4f18b1ccfaa39f731d404 trapped in tx de21dc88e84605fab9fbd848b610565583,bytecode_pattern,0xcd913a0b351808a11ff11e9d9d558974955854be,True,False,TetherGold,,,,TetherGold,XAU,ERC-20,229676,,,,,LIKELY_FP,,,,,,,,,ALREADY_MIGRATED
0xb1f7896a9abe5926b9f479e8d5c2b6cf6d317edb,base,Behavioral confirmation: bot 0xc0ffee17d520056942531cb6d4d6251ff8163bb1 trapped in tx e3eb3529034c1ef51d51c8244036e72f56,deployer_history,0xc0ffeefeed8b9d271445cf5d1d24d74d2ca4235e,True,False,,,,,,,,,,,,,NEEDS_REVIEW,203,False,,0,0,,behavioral,0,LIKELY_TP_RECIDIVIST
0x73456633d03d502fc4fa53687d09070f48e62cd7,base,Behavioral confirmation: bot 0xc0ffee445a22e6228cfb77ec0483c426fc856161 trapped in tx 4a9fda0b8047cff59a1d14be38467032d3,deployer_history,0xc0ffeefeed8b9d271445cf5d1d24d74d2ca4235e,True,False,,,,,,,,,,,,,NEEDS_REVIEW,203,False,,0,0,,behavioral,0,LIKELY_TP_RECIDIVIST
0x68f5706520eea34bffcc400220880c1fd6ea5bdf,base,Behavioral confirmation: bot 0xc0ffee410b604164c6394b1e918362a70bf8d091 trapped in tx 6686bc497113f106e3874c675f423ed8d4,deployer_history,0x604be06b9f6b6663f78e755db0c5965eb2337e3d,True,False,,,,,,,,,,,,,NEEDS_REVIEW,194,False,,0,0,,behavioral,0,LIKELY_TP_RECIDIVIST
0x6bed0a4c373363a70f0c5fd292dcf3a5fcf97b4d,base,Behavioral confirmation: bot 0xc0ffee2e2e109a7321aa17f364a5425e48e1b219 trapped in tx 39a2b4287ec4aeb108957eb0d262ff6b4b,deployer_history,0xc0ffeefeed8b9d271445cf5d1d24d74d2ca4235e,True,False,,,,,,,,,,,,,NEEDS_REVIEW,203,False,,0,0,,behavioral,0,LIKELY_TP_RECIDIVIST
0xcf1374210dc08cc84d110a78dd434c28e8a6b835,base,Behavioral confirmation: bot 0xc0ffee4d39ff644238b26a3f9f193f940f9221cc trapped in tx 94be07bbdf29fdf5a92177be2102832c62,deployer_history,0x604be06b9f6b6663f78e755db0c5965eb2337e3d,True,False,,,,,,,,,,,,,NEEDS_REVIEW,194,False,,0,0,,behavioral,0,LIKELY_TP_RECIDIVIST
0xf144db11e2a4b8b184a4258184481600f36da961,base,Behavioral confirmation: bot 0xc0ffeef6724ba7ac5eae38deb6c707564997c050 trapped in tx 1fff3afebf36a872b02412759641c8774c,deployer_history,0x604be06b9f6b6663f78e755db0c5965eb2337e3d,True,False,,,,,,,,,,,,,NEEDS_REVIEW,194,False,,0,0,,behavioral,0,LIKELY_TP_RECIDIVIST
0xf0ebb12ed3fb01cad5a8e2b7b626f939d4e07dc2,base,Behavioral confirmation: bot 0xc0ffeedf9dde81c4b338f960063c35b3e839524b trapped in tx 3d29a1e4a30ee7179c294a80549e31e48c,deployer_history,0x604be06b9f6b6663f78e755db0c5965eb2337e3d,True,False,,,,,,,,,,,,,NEEDS_REVIEW,194,False,,0,0,,behavioral,0,LIKELY_TP_RECIDIVIST
0xa0a9c11b96044d950c894dfe5cd3e69258fb651b,base,Behavioral confirmation: bot 0xc0ffeefc06e7d4abc67b8fdba7ef9100b0c85f5b trapped in tx e317d60b482e797c0fdcbdb9549dc8348c,deployer_history,0x604be06b9f6b6663f78e755db0c5965eb2337e3d,True,False,,,,,,,,,,,,,NEEDS_REVIEW,194,False,,0,0,,behavioral,0,LIKELY_TP_RECIDIVIST
0xf406d7dd6671b69a4817390d289ccfab18a61152,base,Behavioral confirmation: bot 0xc0ffee2f93b3f53b081f9e775dc47cf54587237e trapped in tx 8d1fde65ec1b4d2c8b35fb223381eb1f4c,deployer_history,0x604be06b9f6b6663f78e755db0c5965eb2337e3d,True,False,,,,,,,,,,,,,NEEDS_REVIEW,194,False,,0,0,,behavioral,0,LIKELY_TP_RECIDIVIST
0x6a714ae7b5b6ea520f6bca23d2e609c4fd5863f2,arbitrum,Behavioral confirmation: bot 0xa169574d0d353e3010997a3e64846b7d1b2a63b6 trapped in tx 7b96f0b0fc6964a29350a3432c4b03a138,deployer_history,0x14c82ce4e5713e88c9462680e9c02bf4a3089871,True,True,ERC1967Proxy,,,,,,,,,,,,NEEDS_REVIEW,1,False,,0,0,,behavioral,0,NEEDS_REVIEW
0xe1b619e9b39ea4109d2f429ea5eaa307759b0011,arbitrum,Behavioral confirmation: bot 0x377045b4752592ec1e0e95d32f6d763d5fb85f78 trapped in tx 31ce0b1383e16e510474ba733adf26df64,deployer_history,0x14c82ce4e5713e88c9462680e9c02bf4a3089871,True,True,PrizesWallet,,,,,,,,,,,,NEEDS_REVIEW,1,False,,0,0,,behavioral,0,NEEDS_REVIEW
0x5a2c8a73f410f7c98958876600e8807c91cfdaab,base,Behavioral confirmation: bot 0xf9cbbb4f1adcfc6850f1e68a017d107d52f52354 trapped in tx 08ecb49ef6633a760502c3bdf06d8778b6,bytecode_pattern,0x5eb7a6583f6386d040f83429a9d46138cb9e8ea3,True,False,,,,,,,,,,,,,NEEDS_REVIEW,17,False,,0,0,,behavioral,0,LIKELY_TP_RECIDIVIST
0xc7ebf9c03510a320385ededcd5906b1c0a15273f,base,Behavioral confirmation: bot 0xc0ffeec544131a82bdde7273617259c1b5aeac71 trapped in tx 866c8ac4a297225506e176f3289359f70c,deployer_history,0x604be06b9f6b6663f78e755db0c5965eb2337e3d,True,False,,,,,,,,,,,,,NEEDS_REVIEW,194,False,,0,0,,behavioral,0,LIKELY_TP_RECIDIVIST
0xb38a8ea8e318d14b37e9c976378295f5854dcc64,base,Behavioral confirmation: bot 0xc0ffee5d1ba6baa6e4ff9f184ff64f5aabc5d2b6 trapped in tx e88782b14b0a0a2b8f6f5436156b2f66dc,deployer_history,0x604be06b9f6b6663f78e755db0c5965eb2337e3d,True,False,,,,,,,,,,,,,NEEDS_REVIEW,194,False,,0,0,,behavioral,0,LIKELY_TP_RECIDIVIST
0x4cf16325c38ed474f08cdab4417dc9bff2c2890a,base,Behavioral confirmation: bot 0xc0ffee5f66a5546b23f5f430dca69df71e32ebf7 trapped in tx bb7896aa9892eb9757e0be02a74c20731e,deployer_history,0x604be06b9f6b6663f78e755db0c5965eb2337e3d,True,False,,,,,,,,,,,,,NEEDS_REVIEW,194,False,,0,0,,behavioral,0,LIKELY_TP_RECIDIVIST
0x1e58e54e19f2830658f536dc32cb62878c46ffc6,base,Behavioral confirmation: bot 0xc0ffeed0542a56f35cdd67293f7f3723540f988f trapped in tx b8dcd834c17fdbeb4215f01eb04c63dac7,deployer_history,0xc0ffeefeed8b9d271445cf5d1d24d74d2ca4235e,True,False,,,,,,,,,,,,,NEEDS_REVIEW,203,False,,0,0,,behavioral,0,LIKELY_TP_RECIDIVIST
0x1c2b5cd5c6471ea6b13e0624504d81ce29d7ef0f,base,Behavioral confirmation: bot 0xaf86093b060b7d464f58c915a5319a396e1d15fd trapped in tx 20e939d64d0b4383f274edf5ce5852411f,deployer_history,0xbd2a30302709f4fbde18f645d1469d850eac0b2f,True,False,,,,,,,,,,,,,NEEDS_REVIEW,3,False,,0,0,,behavioral,0,LIKELY_TP_RECIDIVIST
0x3130a7e57232281296f8e551fcf703b5154cd0e0,base,Behavioral confirmation: bot 0xfb626fd4d1ef1768bd4223b88e14c6f8d953e2fe trapped in tx c5ca5983e7b7ab3e125dc41ae273d581a4,bytecode_pattern,0x5e794dd19fa3f3873e24fc704a33926a7b382946,True,False,,,,,,,,,,,,,NEEDS_REVIEW,2,False,,0,0,,behavioral,0,LIKELY_TP_RECIDIVIST
0x1de192a60b5ed85477970b3b9afc0bd0f0529771,base,Behavioral confirmation: bot 0x0f38c301454d06721589b9a68d9a6e1a28c3b7d4 trapped in tx 3856f96d6c8ce232774c58e8143bde9505,bytecode_pattern,0x223c2d5af8120cab3c68b5587fec7c8649ce9c15,True,False,ZEED1,,,,ZEED1,ZEED1,ERC-721,260,,,,,LIKELY_FP,,,,,,,,,ALREADY_MIGRATED
0x27742eff6f3dc4e152aa02ec76cfe6f4f4f47ecb,base,Behavioral confirmation: bot 0xc0ffee818c9cd2b6e75754e94e0aad291c4db95e trapped in tx c575aa77da7d928259c4a4dc9ef0ba6dc5,deployer_history,0xc0ffeefeed8b9d271445cf5d1d24d74d2ca4235e,True,False,,,,,,,,,,,,,NEEDS_REVIEW,203,False,,0,0,,behavioral,0,LIKELY_TP_RECIDIVIST
0xc6e4aca743d51e9a73685cd79517985afdf53298,base,Behavioral confirmation: bot 0xc0ffeed0542a56f35cdd67293f7f3723540f988f trapped in tx b4fc523c05a5aa474af49ef978f8852362,deployer_history,0xc0ffeefeed8b9d271445cf5d1d24d74d2ca4235e,True,False,,,,,,,,,,,,,NEEDS_REVIEW,203,False,,0,0,,behavioral,0,LIKELY_TP_RECIDIVIST
0x0575d9a4cfc87778d4d3242684527f46d0f83406,base,Behavioral confirmation: bot 0x20af6113a5cdfe9080c9ccb01810049143154f28 trapped in tx aec724fa5dc815109200d981277defbbe4,deployer_history,0xbd2a30302709f4fbde18f645d1469d850eac0b2f,True,False,,,,,,,,,,,,,NEEDS_REVIEW,3,False,,0,0,,behavioral,0,LIKELY_TP_RECIDIVIST
0x973fd26f2ccd3a71c25d7c359ff246d09629c0e1,base,Behavioral confirmation: bot 0xc0ffee8cae1d4279e42fba7a6cafeb8e1401140f trapped in tx 4db2713d4d819acdde0214906f1dbdf9e5,deployer_history,0x604be06b9f6b6663f78e755db0c5965eb2337e3d,True,False,,,,,,,,,,,,,NEEDS_REVIEW,194,False,,0,0,,behavioral,0,LIKELY_TP_RECIDIVIST
0xfa5d3ccbb458d8f0f5cc8c0e89dcc952ff861607,base,Behavioral confirmation: bot 0xc0ffee7bb4d2ad7f3980d0554a89368c7e3cc2d1 trapped in tx 0ba041cf3a0172ed596e033adcad105993,deployer_history,0x604be06b9f6b6663f78e755db0c5965eb2337e3d,True,False,,,,,,,,,,,,,NEEDS_REVIEW,194,False,,0,0,,behavioral,0,LIKELY_TP_RECIDIVIST
0xd1351032a3535035f8889dfdb86f86488d4c03d9,base,Behavioral confirmation: bot 0x2849ccecf8f9a1697e9f8f33a9e675e19d9183ca trapped in tx 17a97881ae90c9f4fdd784d910c4abf4e5,deployer_history,0x2a343e795556c99cd94c9f334bc0c54d70bec1be,True,False,,,,,,,,,,,,,NEEDS_REVIEW,0,False,,0,0,,behavioral,0,NEEDS_REVIEW
0x8e19c45ee214eb339a09af15b02e212ce326ddee,base,Behavioral confirmation: bot 0xc0ffee8cae1d4279e42fba7a6cafeb8e1401140f trapped in tx 20115e37b2e7e244792a0ea43f6126f406,deployer_history,0xc0ffeefeed8b9d271445cf5d1d24d74d2ca4235e,True,False,,,,,,,,,,,,,NEEDS_REVIEW,203,False,,0,0,,behavioral,0,LIKELY_TP_RECIDIVIST
0x65279326b9e78db22da3afc833168bc2726b328b,base,Behavioral confirmation: bot 0xc0ffeeaf9aadcf05e268383dd2c96466b0ccca59 trapped in tx c011be8c50b05832ee6a0a0f8b6218e322,deployer_history,0x604be06b9f6b6663f78e755db0c5965eb2337e3d,True,False,,,,,,,,,,,,,NEEDS_REVIEW,194,False,,0,0,,behavioral,0,LIKELY_TP_RECIDIVIST
0xe36fc80b2180c9195f19a9a1360ba1f51be64ec7,base,Behavioral confirmation: bot 0xc0ffeee770e501395a49833100b41f31429b8f9c trapped in tx f90003461cf9372e0666f24119988c766d,deployer_history,0xc0ffeefeed8b9d271445cf5d1d24d74d2ca4235e,True,False,,,,,,,,,,,,,NEEDS_REVIEW,203,False,,0,0,,behavioral,0,LIKELY_TP_RECIDIVIST
0x9228a92a0dcd7e281f096e09cfc717f1f02aff38,base,Behavioral confirmation: bot 0xc0ffee10f6fc0a8fa2522a1d60d8612809e77690 trapped in tx f461fe75f20ecb7b7ceb9e0aba9d014451,deployer_history,0x604be06b9f6b6663f78e755db0c5965eb2337e3d,True,False,,,,,,,,,,,,,NEEDS_REVIEW,194,False,,0,0,,behavioral,0,LIKELY_TP_RECIDIVIST
0x1bbda943b2db98a619212147f71669817d9b1a65,base,Behavioral confirmation: bot 0xc22ee3cf55214e073e0b9bf89f86a5eadfc75dab trapped in tx 07a81224a1d5053b5328155ad0520fc1e3,deployer_history,0x672831b527ced56ce89b2c92f152e40df1567402,True,True,ERC1967Proxy,,,,,,,,,,,,NEEDS_REVIEW,0,False,,0,0,,behavioral,0,NEEDS_REVIEW
0xcdc1eaa4c36314cc0f08c85764f117fae195e61f,base,Behavioral confirmation: bot 0xc0ffee49332f85fbc89fb1bfaa14d13bf42e8da9 trapped in tx 7c2e754da1e7fd90d7e81913ab9b50a493,deployer_history,0xc0ffeefeed8b9d271445cf5d1d24d74d2ca4235e,True,False,,,,,,,,,,,,,NEEDS_REVIEW,203,False,,0,0,,behavioral,0,LIKELY_TP_RECIDIVIST
0x72f6d3a68653325dbf7445cf27f41705fc3dcc20,base,Behavioral confirmation: bot 0xc0ffeed427cbb2d1212fa92ff2cad061ecc1f3b0 trapped in tx 2f9d5939f584643c6535bb45de305a6158,deployer_history,0x604be06b9f6b6663f78e755db0c5965eb2337e3d,True,False,,,,,,,,,,,,,NEEDS_REVIEW,194,False,,0,0,,behavioral,0,LIKELY_TP_RECIDIVIST
0x8e53c48f469e82ab3e781fb0902613d5d5ba823f,base,Behavioral confirmation: bot 0xc0ffeec1f8029a5adc3c9017c433d7c692fdd545 trapped in tx 9f68b807f74df8f8c745577668f6d538c3,deployer_history,0x604be06b9f6b6663f78e755db0c5965eb2337e3d,True,False,,,,,,,,,,,,,NEEDS_REVIEW,194,False,,0,0,,behavioral,0,LIKELY_TP_RECIDIVIST
0x5e62b10bbd5e54fd27be57dc3916b89dde9e6c59,base,Behavioral confirmation: bot 0xc0ffee722c49a8c105b0d38d32d374eb6ea1321b trapped in tx 03d70dcac0dd6e113dd35d12808d5f6c24,deployer_history,0x604be06b9f6b6663f78e755db0c5965eb2337e3d,True,False,,,,,,,,,,,,,NEEDS_REVIEW,194,False,,0,0,,behavioral,0,LIKELY_TP_RECIDIVIST
0xe8cecbf700f43e2f05549b8dee1c0266c9a505a9,base,Behavioral confirmation: bot 0xc0ffeed83ae71bcc7cb1fb298289a721a2387ff5 trapped in tx 5536557ec8ddf5c4a81009d7e04390a411,deployer_history,0x604be06b9f6b6663f78e755db0c5965eb2337e3d,True,False,,,,,,,,,,,,,NEEDS_REVIEW,194,False,,0,0,,behavioral,0,LIKELY_TP_RECIDIVIST
0x33ee503784f916e64134e7bf3511509dd32392a3,base,Behavioral confirmation: bot 0xc0ffee25a41fce18913fa48e6a2040a922918087 trapped in tx b6026386247bf43d72efa4c637cf685170,deployer_history,0xc0ffeefeed8b9d271445cf5d1d24d74d2ca4235e,True,False,,,,,,,,,,,,,NEEDS_REVIEW,203,False,,0,0,,behavioral,0,LIKELY_TP_RECIDIVIST
0xd6d115c81a888dc05c93a0acc34eeaf0d11531b2,base,Behavioral confirmation: bot 0x79abbcb1f10d592c80fd3bc8c452da24b9352e2c trapped in tx ad897e4fcd3a9a0fdb2ed0f888c4802ed2,bytecode_pattern,0xd0d3fb9a809d77f917b83fb2d3073e8125ee8ddd,True,False,Fluent,,,,Fluent,BLEND,ERC-20,83175,,,,,LIKELY_FP,,,,,,,,,ALREADY_MIGRATED
0xd41951602fa1491cbe532241cdeaab02af0007ba,base,Behavioral confirmation: bot 0xc0ffee11f232f7c0d1b55a24ba099bf9eec63fce trapped in tx 994629753558ad4ba62ff22d7964aa6600,deployer_history,0xc0ffeefeed8b9d271445cf5d1d24d74d2ca4235e,True,False,,,,,,,,,,,,,NEEDS_REVIEW,203,False,,0,0,,behavioral,0,LIKELY_TP_RECIDIVIST
0x2bae5a734dd01dbd0679c1dff7d7b2bb9161b144,base,Behavioral confirmation: bot 0xe902ee18a28d99ea75ce2626e119960fb2ddd8b4 trapped in tx 9ca54cc99baa31d97ac7995d404852a13a,bytecode_pattern,0x5e794dd19fa3f3873e24fc704a33926a7b382946,True,False,,,,,,,,,,,,,NEEDS_REVIEW,2,False,,0,0,,behavioral,0,LIKELY_TP_RECIDIVIST
0x29f5768ee32fe24a7dd88e3e24bca9d20455a147,base,Behavioral confirmation: bot 0xc0ffee7bb4d2ad7f3980d0554a89368c7e3cc2d1 trapped in tx 95faff5697912ef41c813671c0590fdcff,deployer_history,0xc0ffeefeed8b9d271445cf5d1d24d74d2ca4235e,True,False,,,,,,,,,,,,,NEEDS_REVIEW,203,False,,0,0,,behavioral,0,LIKELY_TP_RECIDIVIST
0x11400e33e599b6baf258d25d6a796e4f8313d713,base,Behavioral confirmation: bot 0x6f327ec0defe0d25ae77fb1f1152e31cd0e89c01 trapped in tx ee7485dfcc0a6e3c3f149f8d674c8239a8,bytecode_pattern,0xb87258e1cb93cb10de2b0ecd10f9d82aee3ef66f,True,False,,,,,,,,,,,,,NEEDS_REVIEW,4,False,,0,0,,behavioral,0,LIKELY_TP_RECIDIVIST
0x6ae76d796626cf943ddbb55bb4bdb7d85affe32f,base,Behavioral confirmation: bot 0xc0ffee48a9e45ad104a5b38c0844aacc5b82e6f8 trapped in tx 27cb6c2d98df9b28d0914486716054dd8d,deployer_history,0xc0ffeefeed8b9d271445cf5d1d24d74d2ca4235e,True,False,,,,,,,,,,,,,NEEDS_REVIEW,203,False,,0,0,,behavioral,0,LIKELY_TP_RECIDIVIST
0xa027baa5ae4ed952696891cab4b00a7bc11add8b,optimism,Behavioral confirmation: bot 0xb7def016a960743c71ba6c458cdc2a3e6d2aaf3d trapped in tx 95c7f4c487308028a3751c332addabb219,bytecode_pattern,0x56684f5c8666a544660b58b3ee2a206f8fe52f6f,True,True,EVMTraderAutomationExecutor,,,,,,,,,,,,NEEDS_REVIEW,0,False,,0,0,,behavioral,0,NEEDS_REVIEW
0x87cdbbf79542ec972e4afa3d0bfaee9e118cb50d,base,Behavioral confirmation: bot 0xc0ffeec544131a82bdde7273617259c1b5aeac71 trapped in tx f74f477bd993734ed264bfc23704931357,deployer_history,0x604be06b9f6b6663f78e755db0c5965eb2337e3d,True,False,,,,,,,,,,,,,NEEDS_REVIEW,194,False,,0,0,,behavioral,0,LIKELY_TP_RECIDIVIST
0xfc493a94ff7be623fb41744bb41e69aeb8e3c937,base,Behavioral confirmation: bot 0xc0ffee48a9e45ad104a5b38c0844aacc5b82e6f8 trapped in tx 64a3306a68deb657cf3583403bad2d10f1,deployer_history,0xc0ffeefeed8b9d271445cf5d1d24d74d2ca4235e,True,False,,,,,,,,,,,,,NEEDS_REVIEW,203,False,,0,0,,behavioral,0,LIKELY_TP_RECIDIVIST
0x22a61fd45ebd3eded219cb279715a18cf85ebb44,base,Behavioral confirmation: bot 0x8fd90bd26af4d029e47109d9af5c5184f0d922d7 trapped in tx 88c4682783e2f7d3df0232e1b873262641,deployer_history,0x5e6690efd54f0b1c938a08b4e1b5bc0d83031ba4,True,True,ERC1967Proxy,,,,GBM Tokens,GBM,ERC-20,2158,454465.364258674,,,,LIKELY_FP,,,,,,,,,ALREADY_MIGRATED
0x73e18c4bba029868e11d04c47b383e44352a4b9f,base,Behavioral confirmation: bot 0x46c72488cc6a1c695fdb6b93bb9e1b8e0e6d39b1 trapped in tx 4ad10292da9ef911e92747e17c7398e982,deployer_history,0x5e6690efd54f0b1c938a08b4e1b5bc0d83031ba4,True,True,ERC1967Proxy,,,,,,,,,,,,NEEDS_REVIEW,0,False,,0,0,,behavioral,0,NEEDS_REVIEW
0xa9a1d8b10d18e0f7b4e3c45ff8c2223686633f8d,base,Behavioral confirmation: bot 0xc0ffee49332f85fbc89fb1bfaa14d13bf42e8da9 trapped in tx 89ed7630baa0ae15c82b5f6b7c929022c2,deployer_history,0x604be06b9f6b6663f78e755db0c5965eb2337e3d,True,False,,,,,,,,,,,,,NEEDS_REVIEW,194,False,,0,0,,behavioral,0,LIKELY_TP_RECIDIVIST
0xe963232623743437041ee546432213285d739528,base,Behavioral confirmation: bot 0xc0ffee5f66a5546b23f5f430dca69df71e32ebf7 trapped in tx cea1c45f39ca1cc937cb623027c734b81b,deployer_history,0xc0ffeefeed8b9d271445cf5d1d24d74d2ca4235e,True,False,,,,,,,,,,,,,NEEDS_REVIEW,203,False,,0,0,,behavioral,0,LIKELY_TP_RECIDIVIST
0x2e3ac0e5205738cb2978b91aefca5689e0c99194,base,Behavioral confirmation: bot 0xc0ffee59f94f54f4f293f01672976408bc1cad7f trapped in tx 6263885f1f5f144a60e71f2a9f10b3bacb,deployer_history,0xc0ffeefeed8b9d271445cf5d1d24d74d2ca4235e,True,False,,,,,,,,,,,,,NEEDS_REVIEW,203,False,,0,0,,behavioral,0,LIKELY_TP_RECIDIVIST
0xa93b1aeb09bb6a87e1c5d1291630415656439cd4,base,Behavioral confirmation: bot 0xbe0f7e7b10547a1d6acd57b63c61affb491350de trapped in tx bc5fe2c53df7a1b00fb511a74131ff668f,deployer_history,0x5e794dd19fa3f3873e24fc704a33926a7b382946,True,False,,,,,,,,,,,,,NEEDS_REVIEW,2,False,,0,0,,behavioral,0,LIKELY_TP_RECIDIVIST
0x72049fa2ebe595e1519a1aab136e9d71a74bd348,base,Behavioral confirmation: bot 0xda9b6dafb89e61fc17bdef75ced00b4df512bb99 trapped in tx 881d08fb33550244e52d071756565d391d,bytecode_pattern,0x630f9e176ca321f5f0e7b230cb7f035fd3a5014a,True,False,,,,,,,,,,,,,NEEDS_REVIEW,1,False,,0,0,,behavioral,0,NEEDS_REVIEW
0xfd4db8c3b196feefe041e67124f0cf65f8435fcb,base,Self-loop: deployer 0x89fbb2d071df54988149b44c16750885b25a6984 called own contract in reverted tx at block 45165050 (BOT,bytecode_pattern,0x89fbb2d071df54988149b44c16750885b25a6984,True,False,,,,,,,,,,,,,NEEDS_REVIEW,2,False,,0,0,,self_loop,0,LIKELY_TP_RECIDIVIST
0xc6ee32563301b2a02f47d50f4d8109c2feeaea2f,base,Behavioral confirmation: bot 0xc0ffeed83ae71bcc7cb1fb298289a721a2387ff5 trapped in tx 7069bb5d8a335c7a250529494836b18162,deployer_history,0x604be06b9f6b6663f78e755db0c5965eb2337e3d,True,False,,,,,,,,,,,,,NEEDS_REVIEW,194,False,,0,0,,behavioral,0,LIKELY_TP_RECIDIVIST
0xa4fb36cc9dabef26d02324955f17caa68fdd7330,base,Behavioral confirmation: bot 0xc0ffee73cd222c29709a211010ad76d8b3ca55b4 trapped in tx e3453718ee2a928f6f1c9c4766ee8ff7a6,deployer_history,0x604be06b9f6b6663f78e755db0c5965eb2337e3d,True,False,,,,,,,,,,,,,NEEDS_REVIEW,194,False,,0,0,,behavioral,0,LIKELY_TP_RECIDIVIST
0x1b12c278b6b6aa40b14bb36d999ef14f39623b74,base,Behavioral confirmation: bot 0xc0ffee8cae1d4279e42fba7a6cafeb8e1401140f trapped in tx 6ca0ed8a71b7e91d3b7c2d2b12489d3f93,deployer_history,0x604be06b9f6b6663f78e755db0c5965eb2337e3d,True,False,,,,,,,,,,,,,NEEDS_REVIEW,194,False,,0,0,,behavioral,0,LIKELY_TP_RECIDIVIST
0xefdec6da7b1e0e9d1910638110d5d87cf012cf7b,base,Behavioral confirmation: bot 0xc0ffeedf9dde81c4b338f960063c35b3e839524b trapped in tx cceb4fadc50f850808fdb448758294d695,deployer_history,0x604be06b9f6b6663f78e755db0c5965eb2337e3d,True,False,,,,,,,,,,,,,NEEDS_REVIEW,194,False,,0,0,,behavioral,0,LIKELY_TP_RECIDIVIST
0xa1713e4eafe347c5019932a9edaedf20023d8b22,base,Behavioral confirmation: bot 0xc0ffeefc90fa1d10dc11b15697b39eb60af4a4a9 trapped in tx 772126014b305ce534a4576d92d1ec736b,deployer_history,0x604be06b9f6b6663f78e755db0c5965eb2337e3d,True,False,,,,,,,,,,,,,NEEDS_REVIEW,194,False,,0,0,,behavioral,0,LIKELY_TP_RECIDIVIST
0x3482b042613007185b20d5851dde3ae8bed701f4,base,Behavioral confirmation: bot 0xc0ffeecdffd6248645e3d8f011b08907740d7986 trapped in tx 9cb1d65bcae5edf56c9a6eb75ce117c5d8,deployer_history,0x604be06b9f6b6663f78e755db0c5965eb2337e3d,True,False,,,,,,,,,,,,,NEEDS_REVIEW,194,False,,0,0,,behavioral,0,LIKELY_TP_RECIDIVIST
0x002f81e483b81b2399fb59f9aa79857911faa83a,base,Behavioral confirmation: bot 0x568e34e27889fdd92f0ee81f1e7ea1043c198e9d trapped in tx 0f6b149da0c521b5c1df60bf5db02aea2e,bytecode_pattern,0x73358400f5413107f9aae036cd58561bd095fe97,True,True,LazySpace,,,,LazySpace,LZSP,ERC-721,1284,,,,,LIKELY_FP,,,,,,,,,ALREADY_MIGRATED
0x284f350f0c399a13044de77cee7db968ec798406,base,Behavioral confirmation: bot 0xb7cdca104bd3d850d3f535289ed83993f0cf2707 trapped in tx e03b7e1c4d6324621dbc3f1efbb99f2633,deployer_history,0x045f4aa85dca9e00b901e3acf689cbc5143ee1f5,True,False,,,,,,,,,,,,,NEEDS_REVIEW,0,False,,0,0,,behavioral,0,NEEDS_REVIEW
0xc8f41c1c1d156085e5a8d411d25d47d42c46eb63,base,Behavioral confirmation: bot 0xc58163ae30f17bd004379863ad2d1d703ce09a05 trapped in tx a63f1929828a9f56b3a5be6d381481eda2,bytecode_pattern,0x888888cf25d3b2f902e2761fcc7ab57957b07238,True,True,AzulCat,,,,AzulCat,AZUL,ERC-20,50,,,,,LIKELY_FP,,,,,,,,,ALREADY_MIGRATED
0x6eb5c25ef5dd5c182fb4e009dfcd589319dd3996,arbitrum,Behavioral confirmation: bot 0x46b9ec7377e89d702b12da9ad98469ec1bed32ed trapped in tx 90bb1c4429fee6e7c6037cdd972862c921,bytecode_pattern,0x7e99a48606fd266f56750ee0ca561167f008c45e,True,False,Ambient XYZ,,,,Ambient XYZ,ABTXYZ,ERC-20,2233,,,,,LIKELY_FP,,,,,,,,,ALREADY_MIGRATED
0x883a9de6800767775499982d106e376df975962a,base,Behavioral confirmation: bot 0x5bdae51512f3e24027da426422e68ae39b047b2a trapped in tx 5efb5f146480ea533e6bb729ed659c5b2d,bytecode_pattern,0xa370e0f4bd42b57ed4ac29ab3246b9f22fc6e33c,True,False,VYG,,,,VYG,VYG,ERC-20,924,,,,,LIKELY_FP,,,,,,,,,ALREADY_MIGRATED
0x16c037ee1c0e5279384034d8a3c9aaa2e6ff1bf1,base,Behavioral confirmation: bot 0xbfbda5afb9bc901cf56ae6c05ab2bedc214dccac trapped in tx 2b009930aece13059e56da36d3d0c80513,bytecode_pattern,0xab6f7666e822b0c11fd97e98db2ea08ebbc4ebf5,True,False,Cineflicks,,,,Cineflicks,CNF,ERC-20,124207,,,,,LIKELY_FP,,,,,,,,,ALREADY_MIGRATED
0x313bbc9e54afce1b03696a27be1f0b59317ff319,base,Behavioral confirmation: bot 0x9bb2b1eb413ece9c823cbe6eec14dec9ed88ab34 trapped in tx ab35969882dc2fc30adb66766005311eed,bytecode_pattern,0x7bdd6bc1cb0d5c8a838ee451d0a73070dfb1ce94,True,False,Elien Musk,,,,Elien Musk,ELIEN,ERC-20,212693,,,,,LIKELY_FP,,,,,,,,,ALREADY_MIGRATED
0x8a837b2a8072cfc42dc60334f89dd1c18de5d1db,base,Self-loop: deployer 0x89fbb2d071df54988149b44c16750885b25a6984 called own contract in reverted tx at block 45171449 (BOT,bytecode_pattern,0x89fbb2d071df54988149b44c16750885b25a6984,True,False,,,,,,,,,,,,,NEEDS_REVIEW,2,False,,0,0,,self_loop,0,LIKELY_TP_RECIDIVIST
0x0f5ccefd41ee37a5b84b2248f1b7a9447eec122f,arbitrum,Self-loop: deployer 0xc8201c133aabf758f55d5e782dedfadc077f36a6 called own contract in reverted tx at block 456744184 (BO,bytecode_pattern,0xc8201c133aabf758f55d5e782dedfadc077f36a6,True,False,,,,,,,,,,,,,NEEDS_REVIEW,0,False,,0,0,,self_loop,0,LIKELY_FP_WEAK
0xad8f4faff73ad0a2919b394a5ab5a9e7ed8a1fad,base,Behavioral confirmation: bot 0x3db3ff6eaec90956920769b27739d481c7c305bd trapped in tx 6b82fd7f425c22b2100ff63798325527b9,deployer_history,0x898a02af06f7370358a74e9690bb6450f72bca63,True,False,,,,,,,,,,,,,NEEDS_REVIEW,0,False,,0,0,,behavioral,0,NEEDS_REVIEW
0x467b6097ec9908bfd7c80c148c2cd11f11b28d8e,base,Behavioral confirmation: bot 0x0c8d75db354802f2afff22d034747b491e06d612 trapped in tx a5898320ac99bf557d643eb8d1c2e2ebe0,deployer_history,0xb38719f1a6e6b4c55ef7b679cc9011faf3c17c37,True,False,,,,,,,,,,,,,NEEDS_REVIEW,0,False,,0,0,,behavioral,0,NEEDS_REVIEW
0x904f7d47f6aba1e86e1bd41866a4ca56b571093e,base,Behavioral confirmation: bot 0xd242001a28c4ec09b140f70e02a5e96c4c1424ee trapped in tx 65d7817a181130fbe3581b14f49823e800,bytecode_pattern,0x81835a852a02d3509c5791e89f5b3446fdd5e1bc,True,False,Techno Apes,,,,Techno Apes,tcc,ERC-721,332,,,,,LIKELY_FP,,,,,,,,,ALREADY_MIGRATED
0x6972b75e74e70acf4ef9838f1403a6270f047fae,base,Self-loop: deployer 0x8b25d695656ea8019c3f4b5d524389684e1221dc called own contract in reverted tx at block 45183824 (BOT,bytecode_pattern,0x8b25d695656ea8019c3f4b5d524389684e1221dc,True,False,,,,,,,,,,,,,NEEDS_REVIEW,1,False,,0,0,,self_loop,0,NEEDS_REVIEW
0x0ea761bbb04129b74fd4d2bc004c8307ce4d9fc4,base,Behavioral confirmation: bot 0xe8b2b6b531c19d9bea48bf54c949ef6a9e47dc03 trapped in tx 5c66acb6be7bcd2f0adbe0a95d4bfa8d47,bytecode_pattern,0x4d333ea3a1130ca2857899094709ac008cbab572,True,False,,,,,,,,,,,,,NEEDS_REVIEW,1,False,,0,0,,behavioral,0,NEEDS_REVIEW
0xa8054a90181efe184170f1969dbe651661d7c3ca,base,Behavioral confirmation: bot 0xc1addf6b82ddd3049e970d5c35d75f9dfbc56d76 trapped in tx b223a3c390ac20d79d9b5aa217944eecb3,bytecode_pattern,0x8a057393a5b67a349db2be35a6622f9e958d71f9,True,False,,,,,,,,,,,,,NEEDS_REVIEW,0,False,,0,0,,behavioral,0,NEEDS_REVIEW
0xd4b95b3eec742e3dd4580a387f02e6f53ca3b9ad,base,Behavioral confirmation: bot 0xb9dd1b747241afcbfc36cf48f2c664045ffc870d trapped in tx 5883d63f5c82d45fbf6474401dda5b189e,bytecode_pattern,0xbed5d170be1b6fd27505f9075b55a22fa39a4834,True,False,,,,,,,,,,,,,NEEDS_REVIEW,3,False,,0,0,,behavioral,0,LIKELY_TP_RECIDIVIST
0x672539f852252b1468cb59f9c8cfdc2c8bdd028a,arbitrum,Behavioral confirmation: bot 0x4f85a2206b6afe2cdb87557efeb9cdf2b098960b trapped in tx 0bb80d675bb3e0a3499384e1abe67e2535,deployer_history,0x4e443d19e8c30eea5b2513eaa55b0b016ac71263,True,False,,,,,,,,,,,,,NEEDS_REVIEW,1,False,,0,0,,behavioral,0,NEEDS_REVIEW
0xdc6576e635f9a5ea134a069b74aebe3cdc0d548b,arbitrum,Behavioral confirmation: bot 0x0951ba83516f30078b47bc54aeffa86c1afcb217 trapped in tx a304a99d29c6cb82870a202ca175164ff4,bytecode_pattern,0x33d92c8f0aa2ead7b08314fdfb256af54f1eb3e7,True,False,Mecka AI,,,,Mecka AI,MEKA,ERC-20,1017,,,,,LIKELY_FP,,,,,,,,,ALREADY_MIGRATED
0xf6b0cfb443e9e578f4f8e99b233dee8dd2244e13,base,Behavioral confirmation: bot 0x36a64ccf16165d2cecf6b4b0b06f33d58815763e trapped in tx fbf17eaf427c47f81c6badc61e87acb794,bytecode_pattern,0xccc0c1b584fc5d9ec3969545dbbbab52db6ec687,True,False,,,,,,,,,,,,,NEEDS_REVIEW,0,True,asym/-/-,0,0,,behavioral,0,NEEDS_REVIEW
0x9a914a4b8268c94b3248ecc2f5e78a6a5edd8ffe,base,Behavioral confirmation: bot 0xeff9d47a60eb73013e5cc8a6101f0c4a059871a4 trapped in tx 2e4f4b83cea79991d8627863d903adcdcd,bytecode_pattern,0x5a567898881cef8df767d192b74d99513caa6e46,True,False,,,,,,,,,,,,,NEEDS_REVIEW,0,False,,0,0,,behavioral,0,NEEDS_REVIEW
0x7ee2ceea5cc0532102dc1ad8441d20475242282c,base,Behavioral confirmation: bot 0x72604ce1e9b9081bc8906e04d207bef89dc9b8e8 trapped in tx 3352b6d0b724878901e67f00df68e725ae,deployer_history,0x1f9c7415526c0796f8ee29b59da830e101fe9cc3,True,False,,,,,,,,,,,,,NEEDS_REVIEW,1,True,asym/-/-,0,0,,behavioral,0,NEEDS_REVIEW
0x4eb6045a4e089225b1a55ce81f51c9354a3fb7b7,base,Behavioral confirmation: bot 0x5555553ac2954137d5147c48cb7b47a494c6c8a8 trapped in tx 05ccb8cbf24d72d27e2dbedea272079287,deployer_history,0x00169219376146760298417404949075285cab72,True,False,,,,,,,,,,,,,NEEDS_REVIEW,8,False,,0,0,,behavioral,0,LIKELY_TP_RECIDIVIST
0x13db22be3e99313decdcfeaad0c8ab4165de0a89,base,Behavioral confirmation: bot 0x999999a4d40fe27ad154b1b3f196cab78e2cc668 trapped in tx 20183d3482f56d66a7a57855c900d0f48a,deployer_history,0x00169219376146760298417404949075285cab72,True,True,BOT_3P_2026_v2,,,,,,,,,,,,NEEDS_REVIEW,8,False,,0,0,,behavioral,0,LIKELY_TP_RECIDIVIST
0x25735aaac4a0a87fcce58088de9a99c2575d1c8e,base,Self-loop: deployer 0x1f9c7415526c0796f8ee29b59da830e101fe9cc3 called own contract in reverted tx at block 45646414 (BOT,deployer_history,0x1f9c7415526c0796f8ee29b59da830e101fe9cc3,True,False,,,,,,,,,,,,,NEEDS_REVIEW,1,False,,0,0,,self_loop,0,NEEDS_REVIEW
0x61e98e582f5249559242e4b02c4d1eaf6cb313f9,base,Behavioral confirmation: bot 0x14715b54bcb81a88cc3ab5dd13c26610854d1d1c trapped in tx 66a05a23667ac165ddd5fd1653d2e5af14,bytecode_pattern,0x12df64fac8093933b9993b52c705e1f62cd73cca,True,True,NESTToken,,,,NEST,NEST,ERC-20,418,,,,,LIKELY_FP,,,,,,,,,ALREADY_MIGRATED
0x699e71be293aa08bb4b860c5f356874bb4b730c6,base,Behavioral confirmation: bot 0x21dc7f245beebd631e693ffa02214a21cb71fc34 trapped in tx 6f4155c92578a224eee6a34db7f0d0e054,bytecode_pattern,0x202c8b326ca75bf737fd709b524a1333681f0480,True,True,TerraAgentNFT,,,,TerraBase Agent,TERA,ERC-721,1,,,,,NEEDS_REVIEW,5,False,,0,0,,behavioral,0,STILL_NEEDS_REVIEW
0x8503432b0f510074c5effaed20c56b3d6c7b66e3,base,Behavioral confirmation: bot 0xffffff35da6e935ecee314ee51d7a4e1fc2f293c trapped in tx 881a59e8572cd8db05a8e782ca6b549a61,deployer_history,0x00169219376146760298417404949075285cab72,True,False,,,,,,,,,,,,,NEEDS_REVIEW,8,False,,0,0,,behavioral,0,LIKELY_TP_RECIDIVIST
0x333c06435ddce3c6ed58d9ac68389b82e60e9d6c,base,Behavioral confirmation: bot 0xf9251172b9ff2af32633507abbc53b72cf457cfe trapped in tx 7c0dc81f3b9f7027246a1237fc59b99c8b,deployer_history,0xbad051ece2b9ce6502266f8a9880fa80ca0fba09,True,False,cpfPOWTest,,,,cpfPOWTest,POWTest,ERC-20,5,,,,,NEEDS_REVIEW,15,False,,0,0,,behavioral,0,LIKELY_TP_RECIDIVIST
0xbe8b00369368347277cf3aef46c28d662edb5fd2,base,Behavioral confirmation: bot 0x3a76846158fc7c793fa80d2c92935544e0b4914f trapped in tx 6e1c270fc38e1f057a2542530ff98b1a09,deployer_history,0xbad051ece2b9ce6502266f8a9880fa80ca0fba09,True,False,Node LP TokenTest,,,,Node LP TokenTest,NodeTest,ERC-20,3,,,,,NEEDS_REVIEW,15,False,,0,0,,behavioral,0,LIKELY_TP_RECIDIVIST
0x6c5ad164c312cc4c1d340b9baa770192279d86cc,base,Behavioral confirmation: bot 0x4d2e624d047b0cbce38b6212af39ba48b3014b60 trapped in tx d1388b858816c9500ee203873fead0c0b9,deployer_history,0xbad051ece2b9ce6502266f8a9880fa80ca0fba09,True,False,cpfLPbuyTest,,,,cpfLPbuyTest,LPBTest,ERC-20,3,,,,,NEEDS_REVIEW,15,False,,0,0,,behavioral,0,LIKELY_TP_RECIDIVIST
0x547260bca080e89fbaeb3729cd83e50aa54b75b5,base,Behavioral confirmation: bot 0x0f5e755486abeae7e1f68247a42e07f793de3163 trapped in tx 9825ce4202704f146bdce843ba88efef2c,deployer_history,0xbad051ece2b9ce6502266f8a9880fa80ca0fba09,True,False,DiscountTokentest,,,,DiscountTokentest,dPowtest,ERC-20,1,,,,,NEEDS_REVIEW,15,False,,0,0,,behavioral,0,LIKELY_TP_RECIDIVIST
0x047d8f94c8c66a7214837e9a3bbdd36ca1be7a35,base,Behavioral confirmation: bot 0x5555553ac2954137d5147c48cb7b47a494c6c8a8 trapped in tx 7ba4afcdb0d532118da0d2df941a8cc737,deployer_history,0x00169219376146760298417404949075285cab72,True,False,,,,,,,,,,,,,NEEDS_REVIEW,8,False,,0,0,,behavioral,0,LIKELY_TP_RECIDIVIST
0x1fdbb2b142a7bc312a54df4a49f5ddfb28ccd875,base,Behavioral confirmation: bot 0x3dec74b95588836cee5fbae14a5690327a37c651 trapped in tx 50dfcdde111768e8e5455b9be46e2799a9,bytecode_pattern,0xefef185e2c89bbede21a1c41427bdf1332eca392,True,False,,,,,,,,,,,,,NEEDS_REVIEW,11,False,,0,0,,behavioral,0,LIKELY_TP_RECIDIVIST
0x6d26800ebe406eac3c095fe374750930f742f12d,base,Behavioral confirmation: bot 0x3da2c9d6a6ef77e28e2a97e8b873fbdc4d5f505b trapped in tx 427f0937fb2376e419ee486cf83fe4ee49,bytecode_pattern,0x5a49cc79501ca1c46457270a145fb333fe589c9a,True,True,WinStake,,,,,,,,,,,,NEEDS_REVIEW,3,True,-/-/fee,0,0,,behavioral,0,LIKELY_TP_RECIDIVIST
0xdff2e2ddc30b04f70547b70f1d1e7d58c745bd3f,base,Behavioral confirmation: bot 0x2a1e789295db7cf394cd8af4e05b30143dd7b1b5 trapped in tx 9897895c4a91b71c065ce4862fddaf3d95,deployer_history,0x95effb46bd4c3c84afa3dbaeed5adc275c4e9076,True,False,,,,,,,,,,,,,NEEDS_REVIEW,3,False,,0,0,,behavioral,0,LIKELY_TP_RECIDIVIST
0xfef12e3d93c3d5ecabb070f5deb6df16d73ae1a0,base,Behavioral confirmation: bot 0x2a1e789295db7cf394cd8af4e05b30143dd7b1b5 trapped in tx ef59e71bc6ff6d0e7b152a0814f7c4b7b7,deployer_history,0x95effb46bd4c3c84afa3dbaeed5adc275c4e9076,True,False,,,,,,,,,,,,,NEEDS_REVIEW,3,False,,0,0,,behavioral,0,LIKELY_TP_RECIDIVIST
0xac3bcc53164653aa583456be86f81b009982637c,base,Behavioral confirmation: bot 0xf2b5438003e5190c188eaefe02dfaae1be6a9fd1 trapped in tx a04d315c8fb736eb5f66c9d1e11d7b808d,deployer_history,0x00169219376146760298417404949075285cab72,True,False,,,,,,,,,,,,,NEEDS_REVIEW,8,False,,0,0,,behavioral,0,LIKELY_TP_RECIDIVIST
0x37a2ec5de009c3a50cfc5ed1cabb445e7edfbeab,base,Behavioral confirmation: bot 0x2db33fc29a7ec0f39b9a210bf0a5b98225da977d trapped in tx a019e0fb4620c909fec9263bc12fad9343,bytecode_pattern,0x16cd9c10664baf804734a18ffb6d57927b5ff1ca,True,True,KillverseGame,,,,,,,,,,,,NEEDS_REVIEW,0,False,,0,0,,behavioral,0,NEEDS_REVIEW
0x55e49f2d3d9718583001ef8fbb601c7dd2eac1dc,base,Self-loop: deployer 0x8b25d695656ea8019c3f4b5d524389684e1221dc called own contract in reverted tx at block 45226626 (BOT,bytecode_pattern,0x8b25d695656ea8019c3f4b5d524389684e1221dc,True,False,,,,,,,,,,,,,NEEDS_REVIEW,1,False,,0,0,,self_loop,0,NEEDS_REVIEW
0xa7af0b7c8c55a38f567c6e14d23a5874eca77ce1,base,Self-loop: deployer 0x38bd68fcdb3a94994227ae79008090f4c75834f3 called own contract in reverted tx at block 45253898 (BOT,bytecode_pattern,0x38bd68fcdb3a94994227ae79008090f4c75834f3,True,False,,,,,,,,,,,,,NEEDS_REVIEW,3,False,,0,0,,self_loop,0,LIKELY_TP_RECIDIVIST
0xd7800c338228a6eeb37cf74133732fb6ae05915f,base,Behavioral confirmation: bot 0xabcdec4cf4c515e266876ae2e4323ff30bda36e9 trapped in tx ab3f5b48ba56260cee4a541a1dec8635e8,bytecode_pattern,0xc3b1b8970f6e9638a52d67d69fa5eceb98efbccd,True,True,Unipeg,,,,ClankerCat,CCAT,ERC-20,25,,,,,LIKELY_FP,,,,,,,,,ALREADY_MIGRATED
0x97aa2359bf15380e8ad860a5735a3edc42072513,base,Self-loop: deployer 0xe82d06541a9f7c04537cfc6b2472ede8610a7adf called own contract in reverted tx at block 45266087 (BOT,bytecode_pattern,0xe82d06541a9f7c04537cfc6b2472ede8610a7adf,True,False,,,,,,,,,,,,,NEEDS_REVIEW,0,False,,0,0,,self_loop,0,LIKELY_FP_WEAK
0x51b4478cd08b4bb0abaf83df6a7ce91421083f7e,base,Behavioral confirmation: bot 0x466e767f12726e877f414519540211d8b33be45e trapped in tx 344afd2eb87817798607d03e3e449142f4,bytecode_pattern,0xbe6d8df4599a733cd111288787f6685bd3119d52,True,False,,,,,,,,,,,,,NEEDS_REVIEW,0,False,,0,0,,behavioral,0,NEEDS_REVIEW
0x612efc91d8f7f3c0940e7cba28312a35d52bc953,arbitrum,Behavioral confirmation: bot 0x01e87caa86c91c65d2e3e74a9dfac972c0b8944e trapped in tx c95ca0be3bd252dfd7797b9d2068a88d06,deployer_history,0x2463bf4cf17c040ea7beb1f46847c91d45e34608,True,True,ERC1967Proxy,,,,,,,,,,,,NEEDS_REVIEW,0,False,,0,0,,behavioral,0,NEEDS_REVIEW
0x4cae9789fc3f01af8373caf5ff64266eb94d517e,arbitrum,Behavioral confirmation: bot 0xe4eec0eedc3c9dbbf35d65066ca7ec0480e9f8e3 trapped in tx b4284e589fb9a8c5f5ee10c9bb161d1a32,deployer_history,0x4e443d19e8c30eea5b2513eaa55b0b016ac71263,True,False,,,,,,,,,,,,,NEEDS_REVIEW,1,False,,0,0,,behavioral,0,NEEDS_REVIEW
0x1c80c295877f383e339d549c2c641e77e029ec02,base,Self-loop: deployer 0xada2154960fd62eaef6e30fb76423c4c07686771 called own contract in reverted tx at block 45656994 (BOT,bytecode_pattern,0xada2154960fd62eaef6e30fb76423c4c07686771,True,False,,,,,,,,,,,,,NEEDS_REVIEW,0,False,,0,0,,self_loop,0,LIKELY_FP_WEAK
0x70ff566a417ece44784196106afdbecdaaa3b511,base,Behavioral confirmation: bot 0xe2a4a8b9d77080c57799a94ba8edeb2dd6e0ac10 trapped in tx aa0de9f89476b9d06c3fe27f39e68cc4bc,deployer_history,0x0780b1456d5e60cf26c8cd6541b85e805c8c05f2,True,False,Baseling House,,,,Baseling House,BHOUSE,ERC-721,1,,,,,NEEDS_REVIEW,1,False,,0,0,,behavioral,0,NEEDS_REVIEW
0x03b9f640dc3ef49188d94c359344e6ad8620c92b,base,Behavioral confirmation: bot 0x6fbd620bc2641238bad794f9402a88200d18dca5 trapped in tx 76fd1bc465532d0a13eb65cf80f76736e3,bytecode_pattern,0xd5fa35e996651af09040922e334ab9236716aa3a,True,False,,,,,,,,,,,,,NEEDS_REVIEW,0,False,,0,0,,behavioral,0,NEEDS_REVIEW
0xb934beb34966fc73a624ecc71f4e8fe77498c5fc,arbitrum,Behavioral confirmation: bot 0xc8525c4229aad42f5569aae6a63319ebb35d76a3 trapped in tx 82fe655bb13aa1d6ecf8c5f490246386a5,bytecode_pattern,0x46a9e9b584dba4d0a2713ba9ddd2f25bd0f97ed6,True,False,Nevermined,,,,Nevermined,NERMIN,ERC-20,2232,,,,,LIKELY_FP,,,,,,,,,ALREADY_MIGRATED
0xd4cbbbf83a1df58a2c8d2e588500bbe7379d6155,base,Behavioral confirmation: bot 0x78cc4cf0ae7e9ca0fd951942f0911de5e6b633d5 trapped in tx 7055836d07587f3f1cbb8afdc38585152d,bytecode_pattern,0xdf86f7c90f95636d7c37ee7caff620c23dfab99f,True,False,RALLY,,,,RALLY,RALLY,ERC-20,1045,,,,,LIKELY_FP,,,,,,,,,ALREADY_MIGRATED
0xeefa24c1d9a08b075d577694221e9cac941d7b95,arbitrum,Behavioral confirmation: bot 0x76aedacce2a79207825a1a1f2539a30003096f35 trapped in tx 39c8e678ccd9111de84c1d3ff67df64e76,bytecode_pattern,0x8fe879dc51bf234dc5b6366aacf58072541b7b31,True,False,,,,,,,,,,,,,NEEDS_REVIEW,0,False,,0,0,,behavioral,0,NEEDS_REVIEW
0x4bb6f9a28bb5be67e58ca5f330e43c619b564f0d,base,Behavioral confirmation: bot 0xb05daa121e10ff5ae9f4d2d1a5707561a42f0e2d trapped in tx 5f01858b6c2c3b90e0199f783dc4a41da9,bytecode_pattern,0xe9055ebb7675d0e89b97e73fe9fe384855141ab0,True,False,Printr,,,,Printr,PRINT,ERC-20,204304,,,,,LIKELY_FP,,,,,,,,,ALREADY_MIGRATED
0x4309bcd7393707c4e3f591c3a8d4df523ff808ac,base,Self-loop: deployer 0xa0350f0c6cd4b8f02af832d37a6b7c939a9f8794 called own contract in reverted tx at block 45251075 (BOT,bytecode_pattern,0xa0350f0c6cd4b8f02af832d37a6b7c939a9f8794,True,False,,,,,,,,,,,,,NEEDS_REVIEW,3,False,,0,0,,self_loop,0,LIKELY_TP_RECIDIVIST
0xf42cc22ce0a924e37ce9adaf1ef5995ffd5839b4,base,Behavioral confirmation: bot 0x49bebca4e72003be68568f52a8b5f6dcab896f2e trapped in tx c1ec55fa4fb71112690914ee52d4a3a4f1,deployer_history,0x1f5d64f7e07258b53dd2e5876ec70fb9f094c2d1,True,True,TransparentProxy,,,,,,,,,,,,NEEDS_REVIEW,2,False,,0,0,,behavioral,0,LIKELY_TP_RECIDIVIST
0xd03e00bbb0b906fdfbfc8a2d285b8f93a069bcfd,base,Behavioral confirmation: bot 0x3bd35248bd448c5f62c60796f5a8be1932766174 trapped in tx 86902396d424cf89c7d43447798d8c89c8,deployer_history,0x1f5d64f7e07258b53dd2e5876ec70fb9f094c2d1,True,True,TransparentProxy,,,,,,,,,,,,NEEDS_REVIEW,2,False,,0,0,,behavioral,0,LIKELY_TP_RECIDIVIST
0xa9c16d15eaa1a73c0b0051cdaf8c17d5c027dc09,base,Behavioral confirmation: bot 0x7945dfff02f98ac032d67cba5edea3fd344af8a5 trapped in tx 50df64cd3dafbbffc6ea3f8b0855b41a60,bytecode_pattern,0x84b5e65467ab34671aa7b3753300c9839753189c,True,False,,,,,,,,,,,,,NEEDS_REVIEW,7,False,,0,0,,behavioral,0,LIKELY_TP_RECIDIVIST
0xcc5afc8ca1bcd727eb15fdd876244047eb78fc6a,base,Behavioral confirmation: bot 0x7945dfff02f98ac032d67cba5edea3fd344af8a5 trapped in tx a7fa2b8375e76fd9c9386a2ca3021a8da0,bytecode_pattern,0x84b5e65467ab34671aa7b3753300c9839753189c,True,False,,,,,,,,,,,,,NEEDS_REVIEW,7,False,,0,0,,behavioral,0,LIKELY_TP_RECIDIVIST
0x196a943c9cfc795a1607945e1924a48a113feea7,base,Behavioral confirmation: bot 0x9f111112d8891afa1639c94d3c55b048f98bbd7b trapped in tx db7d50656af5008c1138896d1f034dd4ee,bytecode_pattern,0xc00cbae0a6a7ae8c1635909d28a477382cbd1dd4,True,False,,,,,,,,,,,,,NEEDS_REVIEW,0,False,,0,0,,behavioral,0,NEEDS_REVIEW
0xf5b8a2039937f2d0fb406a8624335d9f8ce66d1c,base,Behavioral confirmation: bot 0x04621b9d3c865d0b0c466f52b85726de383bf9ab trapped in tx 0210811550d45eaf6aab0d54418dd4c57b,deployer_history,0x84b5e65467ab34671aa7b3753300c9839753189c,True,False,,,,,,,,,,,,,NEEDS_REVIEW,7,False,,0,0,,behavioral,0,LIKELY_TP_RECIDIVIST
0x93ce492b3cfa3800bde8f5081ed6dea244c7f1cc,base,Self-loop: deployer 0xe25887789f94f000e127df44179313a4f20e5f24 called own contract in reverted tx at block 45256846 (BOT,bytecode_pattern,0xe25887789f94f000e127df44179313a4f20e5f24,True,False,,,,,,,,,,,,,NEEDS_REVIEW,0,False,,0,0,,self_loop,0,LIKELY_FP_WEAK
0x5cfbecf0209f7ada1edf1fc0d2fce3a809c0ae08,base,Behavioral confirmation: bot 0x46f4ae4d8db16b0333ee726b9a02b583dbe58657 trapped in tx 1f5aaddaa787284398b1ff304ea54a0850,deployer_history,0xe2a4a8b9d77080c57799a94ba8edeb2dd6e0ac10,True,False,EARTH,,,,EARTH,EARTH,ERC-20,49,,,,,NEEDS_REVIEW,2,False,,0,0,,behavioral,0,LIKELY_TP_RECIDIVIST
0x5b876d802c2c5c199ee47078b2ac6c327ea5b8a1,arbitrum,Behavioral confirmation: bot 0x5f6161e2db9b73100e3e651b038b5acd9e0ff3ec trapped in tx a6122b97defa9c2502664a532d254d5c29,bytecode_pattern,0x04aee59de73f6812f389203c6d6b25ffd9dbeb79,True,False,Hegress Vault Share,,,,Hegress Vault Share,HEGRESS,ERC-20,0,,,,,NEEDS_REVIEW,0,False,,0,0,,behavioral,0,NEEDS_REVIEW
0x882b86dd658f097aed9dee036481c4eaf2296504,base,Behavioral confirmation: bot 0xddb819a635830938ad81858f01851e6d5c005554 trapped in tx de84380a3d3b01562e005bd39e45332053,bytecode_pattern,0x7f750a3f6daf548e844b5ac7de82edfd9002b086,True,False,,,,,,,,,,,,,NEEDS_REVIEW,0,True,-/rev/-,0,0,,behavioral,0,NEEDS_REVIEW
0x12958ee2dd38449922806cd09b31649f4f5aa0b8,base,Behavioral confirmation: bot 0x96495974f9cd5e16eb18646cfd3f4ff397891215 trapped in tx ef3531ed3ba4d094314b4a9e6ade66faa5,deployer_history,0x18a1fa67d5e8cecf5ddf6010bcebd8cf382b78cd,True,False,,,,,,,,,,,,,NEEDS_REVIEW,0,True,-/-/fee,0,0,,behavioral,0,NEEDS_REVIEW
0x7d931896e9f4e771d20f72ad3bed79baf9670af6,arbitrum,Self-loop: deployer 0x29d0531f7b1275669367f19bb4432c1d559514f6 called own contract in reverted tx at block 460803801 (BO,bytecode_pattern,0x29d0531f7b1275669367f19bb4432c1d559514f6,True,False,,,,,,,,,,,,,NEEDS_REVIEW,0,False,,0,0,,self_loop,0,LIKELY_FP_WEAK
0xbb39ad20e0dd7cc56ffaf9ba3753bf4ab64ea48d,optimism,Behavioral confirmation: bot 0xa2714a014d47b3d6932f469f1b858b19d930a49c trapped in tx 0ca80443cf1a79f62e091df59a00842a5a,deployer_history,0x08b8b9410cba313728d98488a84b90c89fd01a17,True,False,,,,,,,,,,,,,NEEDS_REVIEW,12,False,,0,0,,behavioral,0,LIKELY_TP_RECIDIVIST
0xf200a025ad3a943f6ab83f67dda6f9ea5b176ece,base,Behavioral confirmation: bot 0x8a118bd5a1e18aae52d5821d175a11d23f0c506a trapped in tx 037c344ca2a059871c266ef3441f9b871c,deployer_history,0x08b8b9410cba313728d98488a84b90c89fd01a17,True,False,,,,,,,,,,,,,NEEDS_REVIEW,12,False,,0,0,,behavioral,0,LIKELY_TP_RECIDIVIST
0x4484fc46f6cc26b0b10e750099fa4d454f4eb788,arbitrum,Behavioral confirmation: bot 0x3a7d5fdac4171705224c0079f48fa49fadc84fb0 trapped in tx a204ec07e0d830a0358e723c1d9ca5681f,deployer_history,0x08b8b9410cba313728d98488a84b90c89fd01a17,True,False,,,,,,,,,,,,,NEEDS_REVIEW,12,False,,0,0,,behavioral,0,LIKELY_TP_RECIDIVIST
0x060d46af9eda9fdff15fc52db31e804ecffab7ae,base,Behavioral confirmation: bot 0x444a2f2096d2cd85ddb053af85a0ed8cd2289868 trapped in tx d0ff312770975e2d58d96077ff6cc152cf,deployer_history,0x2884b95a9eeb0c8b40d04ee0ac400a35759570af,True,False,,,,,,,,,,,,,NEEDS_REVIEW,0,True,-/rev/-,0,0,,behavioral,0,NEEDS_REVIEW
0x061d31b0532e956a48897533c043fdacafc75c36,base,Self-loop: deployer 0x7d360835e422791e7b3f0d21199cc063816a7970 called own contract in reverted tx at block 45264354 (BOT,bytecode_pattern,0x7d360835e422791e7b3f0d21199cc063816a7970,True,False,,,,,,,,,,,,,NEEDS_REVIEW,0,False,,0,0,,self_loop,0,LIKELY_FP_WEAK
0x44a7a918f555a82a3ba44abe0f7459875f59b678,base,Behavioral confirmation: bot 0x36f746e21271f6e8cc97f41ed8957ac97a861ae0 trapped in tx 9354543db839f3443523d70196c7dceb15,bytecode_pattern,0x5eb7a6583f6386d040f83429a9d46138cb9e8ea3,True,False,,,,,,,,,,,,,NEEDS_REVIEW,17,False,,0,0,,behavioral,0,LIKELY_TP_RECIDIVIST
0x6c6c8f8008550e5489933968e27e84cc8fbba994,arbitrum,Behavioral confirmation: bot 0xe7a9f850b32d279ecca2c97411754afaf440156a trapped in tx 922b116aa231f536a774847c0a0313eee2,bytecode_pattern,0x64defac2fc320c8194af86e4987bba26f0c2f49c,True,True,PredepositClaim,,,,,,,,,,,,NEEDS_REVIEW,0,True,-/rev/fee,0,0,,behavioral,0,NEEDS_REVIEW
0x8ba6cc13b3639642a7e7c622fbf7b277bc446012,base,Self-loop: deployer 0x38bd68fcdb3a94994227ae79008090f4c75834f3 called own contract in reverted tx at block 45270728 (BOT,bytecode_pattern,0x38bd68fcdb3a94994227ae79008090f4c75834f3,True,False,,,,,,,,,,,,,NEEDS_REVIEW,3,False,,0,0,,self_loop,0,LIKELY_TP_RECIDIVIST
0x4c2df54ef596a925188bce6db84defaa263827ee,base,Behavioral confirmation: bot 0xb99cc45404bc94db9e1cc52cfbfa09b985d3a5b9 trapped in tx f7722c43fdef3ebfd33c1107ca25892215,bytecode_pattern,0x12df64fac8093933b9993b52c705e1f62cd73cca,True,True,The Nest Chicken,,,,The Nest Chicken,TNEST,ERC-721,1223,,,,,LIKELY_FP,,,,,,,,,ALREADY_MIGRATED
0x12592202a54dd05efb139af391f078c2dc41f5ce,base,Behavioral confirmation: bot 0xc0ffeeaf9aadcf05e268383dd2c96466b0ccca59 trapped in tx 5f4c859dee2f7c9195ed992c7112193069,deployer_history,0x604be06b9f6b6663f78e755db0c5965eb2337e3d,True,False,,,,,,,,,,,,,NEEDS_REVIEW,194,False,,0,0,,behavioral,0,LIKELY_TP_RECIDIVIST
0xcf7fef6c2dd8e3d49831b8ee380983328e07d4a8,base,Behavioral confirmation: bot 0xd7ec5a6538bfbb3f66d817d079f484a79af5d666 trapped in tx 01422e750d977ec66a549b860760b15b33,bytecode_pattern,0x12df64fac8093933b9993b52c705e1f62cd73cca,True,False,,,,,,,,,,,,,NEEDS_REVIEW,6,False,,0,0,,behavioral,0,LIKELY_TP_RECIDIVIST
0x5b383568c06800d0c6c85fd637306aff5e143843,base,Behavioral confirmation: bot 0x5a730f67100495a5a907f05e1e18de740744bbb3 trapped in tx f450870a69be335201e3052558c59ff0ce,bytecode_pattern,0xb2a35f421ec0f1d744df961aa1b5569d83596137,True,True,Rug Pull Run XP,,,,Rug Pull Run XP,XP,ERC-20,8,,,,,NEEDS_REVIEW,0,False,,0,0,,behavioral,0,STILL_NEEDS_REVIEW
0x4438678f02360c3d20402a72c98112ca1088b3a7,base,Behavioral confirmation: bot 0xc0ffee59f94f54f4f293f01672976408bc1cad7f trapped in tx 01d311ad42e5f18db18807a59bc68ebb09,deployer_history,0xc0ffeefeed8b9d271445cf5d1d24d74d2ca4235e,True,False,,,,,,,,,,,,,NEEDS_REVIEW,203,False,,0,0,,behavioral,0,LIKELY_TP_RECIDIVIST
0xcde0c348756bd016a11f68f333b70278f1ff5b78,base,Behavioral confirmation: bot 0x1d7d4da72a32b0ab37b92c773c15412381c7203a trapped in tx 21ead5403ff6cc9ca1285fde79ca325aaa,bytecode_pattern,0x12df64fac8093933b9993b52c705e1f62cd73cca,True,False,,,,,,,,,,,,,NEEDS_REVIEW,6,False,,0,0,,behavioral,0,LIKELY_TP_RECIDIVIST
0xe54f25bf240f3134e6350c572a46b4dd23ea1d94,base,Behavioral confirmation: bot 0xc0ffee3bfeb154dcbdd42e7a935a8f6c1d4c570f trapped in tx aa52e353daf9d068265ae6e2cad7331c50,deployer_history,0x604be06b9f6b6663f78e755db0c5965eb2337e3d,True,False,,,,,,,,,,,,,NEEDS_REVIEW,194,False,,0,0,,behavioral,0,LIKELY_TP_RECIDIVIST
0x3076a92670c42e11446a41770900306d73df4bae,base,Self-loop: deployer 0xb1429561d54cf6c93aeca6e41b17a659f6dac28e called own contract in reverted tx at block 45968851 (BOT,bytecode_pattern,0xb1429561d54cf6c93aeca6e41b17a659f6dac28e,True,False,,,,,,,,,,,,,NEEDS_REVIEW,4,False,,0,0,,self_loop,0,LIKELY_TP_RECIDIVIST
0x5eaf796cc6130bb27a31001bf0c07da5fefaaee0,base,Behavioral confirmation: bot 0xc0ffeefd0a8796e967233f5d673853647cf8ca14 trapped in tx 0d6e33293aaa9707f87976e6622ee8ccf9,deployer_history,0x604be06b9f6b6663f78e755db0c5965eb2337e3d,True,False,,,,,,,,,,,,,NEEDS_REVIEW,194,False,,0,0,,behavioral,0,LIKELY_TP_RECIDIVIST
0xe8acbd56a8ca1c2510544dc59df9da091d02f401,base,Behavioral confirmation: bot 0xc0ffeecdffd6248645e3d8f011b08907740d7986 trapped in tx 0d147f47058ff92ebd0755e9f31fd6caca,deployer_history,0xc0ffeefeed8b9d271445cf5d1d24d74d2ca4235e,True,False,,,,,,,,,,,,,NEEDS_REVIEW,203,False,,0,0,,behavioral,0,LIKELY_TP_RECIDIVIST
0x8c4f5e51ea34ad3f2c3d3dee1af49dbf80665da3,base,Behavioral confirmation: bot 0xc0ffee2f93b3f53b081f9e775dc47cf54587237e trapped in tx 63839d4dc8f36dc7899d6ab29b33fecc73,deployer_history,0xc0ffeefeed8b9d271445cf5d1d24d74d2ca4235e,True,False,,,,,,,,,,,,,NEEDS_REVIEW,203,False,,0,0,,behavioral,0,LIKELY_TP_RECIDIVIST
0x1cb384122dc9b0c1f1960baf331b93ae29951247,base,Behavioral confirmation: bot 0xc0ffeed83ae71bcc7cb1fb298289a721a2387ff5 trapped in tx e0d6fe420f9469b4297adf74f512e029ce,deployer_history,0xc0ffeefeed8b9d271445cf5d1d24d74d2ca4235e,True,False,,,,,,,,,,,,,NEEDS_REVIEW,203,False,,0,0,,behavioral,0,LIKELY_TP_RECIDIVIST
0xee4221d1acc728f10aff453e6fe7126e588272be,base,Behavioral confirmation: bot 0xc0ffee40b5c762251a78ea0bd671a23458aa857b trapped in tx ded968b0392fe4d0eb011161a69c994fb1,deployer_history,0x604be06b9f6b6663f78e755db0c5965eb2337e3d,True,False,,,,,,,,,,,,,NEEDS_REVIEW,194,False,,0,0,,behavioral,0,LIKELY_TP_RECIDIVIST
0xe006383706cb44e374fcef16a45b051c9cc10db2,base,Behavioral confirmation: bot 0xc0ffee2d423e04e42a02018b71455753878d9de2 trapped in tx 0b23db1dcf1127bb53f727ef8cbdf5fb8d,deployer_history,0xc0ffeefeed8b9d271445cf5d1d24d74d2ca4235e,True,False,,,,,,,,,,,,,NEEDS_REVIEW,203,False,,0,0,,behavioral,0,LIKELY_TP_RECIDIVIST
0x51d3f126fc9bfc9e64a3d2a93d445550569a8226,base,Behavioral confirmation: bot 0xc0ffeefb65a5e4b71617cac89582f2be82a4e266 trapped in tx 9512bd652c44993e69cfa98fef6d73c118,deployer_history,0xc0ffeefeed8b9d271445cf5d1d24d74d2ca4235e,True,False,,,,,,,,,,,,,NEEDS_REVIEW,203,False,,0,0,,behavioral,0,LIKELY_TP_RECIDIVIST
0xd327a5d8974595d83c387bfc64c2d2f4584a1008,base,Behavioral confirmation: bot 0xc0ffee49332f85fbc89fb1bfaa14d13bf42e8da9 trapped in tx b7493fbe5c7ff97fd9ee205a5d5b3cef79,deployer_history,0x604be06b9f6b6663f78e755db0c5965eb2337e3d,True,False,,,,,,,,,,,,,NEEDS_REVIEW,194,False,,0,0,,behavioral,0,LIKELY_TP_RECIDIVIST
0x1ac936271b66c0c85954af285d3afef5bd284b41,base,Behavioral confirmation: bot 0xc0ffee384079a6be4b67c6f9da4164d69a8f509a trapped in tx db7b2b322a17f2b48338702ad8d7f7affb,deployer_history,0xc0ffeefeed8b9d271445cf5d1d24d74d2ca4235e,True,False,,,,,,,,,,,,,NEEDS_REVIEW,203,False,,0,0,,behavioral,0,LIKELY_TP_RECIDIVIST
0x0d2f0454c82e8b3b83bd0deb1b87224941b3b800,base,Behavioral confirmation: bot 0xc0ffee055fee1b6617322406b897c0f8a8f1dffa trapped in tx d16663b68fcda338b700683fea8f0c839a,deployer_history,0x604be06b9f6b6663f78e755db0c5965eb2337e3d,True,False,,,,,,,,,,,,,NEEDS_REVIEW,194,False,,0,0,,behavioral,0,LIKELY_TP_RECIDIVIST
0x940c6335ada6548a3518e9e2ad04e5403c64868c,base,Behavioral confirmation: bot 0xc0ffeec544131a82bdde7273617259c1b5aeac71 trapped in tx 2b452b4477d22c5211f4ee761c8d6474eb,deployer_history,0xc0ffeefeed8b9d271445cf5d1d24d74d2ca4235e,True,False,,,,,,,,,,,,,NEEDS_REVIEW,203,False,,0,0,,behavioral,0,LIKELY_TP_RECIDIVIST
0xe446219ebd8b23524cd7592a04fc103efd704a0e,base,Behavioral confirmation: bot 0x151fea4804dccee6f8e34708af0d31ee77119a58 trapped in tx c34fa8eab65a4c3f80fff4cc4ff50b2796,bytecode_pattern,0x0cbb693e0199cb7ad4f3c846f43045cb95247fc5,True,True,universalRouter,,,,,,,,,,,,NEEDS_REVIEW,0,False,,0,0,,behavioral,0,NEEDS_REVIEW
0xf79c2dc829cd3a2d8ceec353bdb1b2414ba1eee0,arbitrum,Behavioral confirmation: bot 0x5cb4d906f0464b34c44d6555a770bf6af4a2cefe trapped in tx 0872bb99570422e8075c033ebed5776c85,bytecode_pattern,0xe5f5ef79b3dff47ecdf7842645222e43ad0ed080,True,False,The Pool Zap LP Vault V2.1,,,,The Pool Zap LP Vault V2.1,pZAP-LPV21,ERC-20,5,,,,,NEEDS_REVIEW,0,False,,0,0,,behavioral,0,NEEDS_REVIEW
0x3ea53988e507d7a9ae83f1eef838dcc47dfd6341,base,Behavioral confirmation: bot 0xc0ffee666bdd7f9897c72f9195955a16d63c0ac4 trapped in tx 108555bb6f51e58d09074ce38c1b0999ea,deployer_history,0x604be06b9f6b6663f78e755db0c5965eb2337e3d,True,False,,,,,,,,,,,,,NEEDS_REVIEW,194,False,,0,0,,behavioral,0,LIKELY_TP_RECIDIVIST
0xb21a4f28ad9170ce342b8fef4ae0aed4240d31a0,base,Behavioral confirmation: bot 0xc0ffeea556179ce7a8d01211f4288a8b25f7cf49 trapped in tx 04333e979502edbae9e18768f37aef9635,deployer_history,0xc0ffeefeed8b9d271445cf5d1d24d74d2ca4235e,True,False,,,,,,,,,,,,,NEEDS_REVIEW,203,False,,0,0,,behavioral,0,LIKELY_TP_RECIDIVIST
0x7232d408b5877e6664cc7ab6974f0cc7c2122065,base,Behavioral confirmation: bot 0xc0ffee7bb4d2ad7f3980d0554a89368c7e3cc2d1 trapped in tx 4f078d8da0e5cfe80a6b23f16507bd9bca,deployer_history,0x604be06b9f6b6663f78e755db0c5965eb2337e3d,True,False,,,,,,,,,,,,,NEEDS_REVIEW,194,False,,0,0,,behavioral,0,LIKELY_TP_RECIDIVIST
0x692da455f661f7b4b144ffdaffe17718ff0530b6,base,Behavioral confirmation: bot 0xc0ffeebf76c7bdf6b479609eca5a622c71939c7e trapped in tx 32a848745036807023ef3d942fa733c1ad,deployer_history,0x604be06b9f6b6663f78e755db0c5965eb2337e3d,True,False,,,,,,,,,,,,,NEEDS_REVIEW,194,False,,0,0,,behavioral,0,LIKELY_TP_RECIDIVIST
0xe04f5e3c65664639fa731bd67441946e109f6646,base,Behavioral confirmation: bot 0xc0ffee2e2e109a7321aa17f364a5425e48e1b219 trapped in tx dc9467f36aca9e898dd9e0c437b2fe473d,deployer_history,0x604be06b9f6b6663f78e755db0c5965eb2337e3d,True,False,,,,,,,,,,,,,NEEDS_REVIEW,194,False,,0,0,,behavioral,0,LIKELY_TP_RECIDIVIST
0x626d2140fde6af68a617738a2a865e9f3c07476a,base,Behavioral confirmation: bot 0xc0ffeeaf9aadcf05e268383dd2c96466b0ccca59 trapped in tx 31a35034150090d9baf1fbbe5e1bc0c9f6,deployer_history,0xc0ffeefeed8b9d271445cf5d1d24d74d2ca4235e,True,False,,,,,,,,,,,,,NEEDS_REVIEW,203,False,,0,0,,behavioral,0,LIKELY_TP_RECIDIVIST
0x95119c86c1d78f657c3a7f19a2e6249d301e1884,base,Behavioral confirmation: bot 0xc0ffeecdffd6248645e3d8f011b08907740d7986 trapped in tx e57d06c4c575290f2bb837f3bc0cfe2eff,deployer_history,0xc0ffeefeed8b9d271445cf5d1d24d74d2ca4235e,True,False,,,,,,,,,,,,,NEEDS_REVIEW,203,False,,0,0,,behavioral,0,LIKELY_TP_RECIDIVIST
0x24fb0134586d5aec98e4b57c9bbce7b79302b837,base,Behavioral confirmation: bot 0xce547b1090c004be2e5f45e0908eff01745f9d3d trapped in tx 28b6edd5d195d7422fe00d6a130966312d,bytecode_pattern,0x019fb9e154dd71531e352f91254c9fbb93929465,True,False,ALFA,,,,ALFA,ALFA,ERC-20,4,,,,,NEEDS_REVIEW,0,True,-/-/fee,0,0,,behavioral,0,NEEDS_REVIEW
0x67f398e84663f96d093b7d35998e709f50bbdc4b,base,Behavioral confirmation: bot 0xc0ffeeec990e2e50d1589bc9120769455a104d6d trapped in tx 267031ad4c61cfd2b1e427a39127097505,deployer_history,0x604be06b9f6b6663f78e755db0c5965eb2337e3d,True,False,,,,,,,,,,,,,NEEDS_REVIEW,194,False,,0,0,,behavioral,0,LIKELY_TP_RECIDIVIST
0xd00069b9653cc83934915e432df663b230489f65,base,Behavioral confirmation: bot 0xc0ffeeb5141ee829d163e56ab1e1519240d3979c trapped in tx b578afdf581bea44527383fa1de9ee19cb,deployer_history,0xc0ffeefeed8b9d271445cf5d1d24d74d2ca4235e,True,False,,,,,,,,,,,,,NEEDS_REVIEW,203,False,,0,0,,behavioral,0,LIKELY_TP_RECIDIVIST
0x549d893a3b7afbf7798b97f5019da0a8c8843c6e,base,Behavioral confirmation: bot 0xae81c12f03bb004eb5f96f4fbd464e48c358c070 trapped in tx 49c83b649bb667a44ba7ba605b5828ad47,bytecode_pattern,0x1f802b022da65cfc82561587ef20c4d198a69b42,True,True,DeaderalReserveProtocol,,,,,,,,,,,,NEEDS_REVIEW,0,False,,0,0,,behavioral,0,NEEDS_REVIEW
0xa5e91de21dc923ccd04a3fb9b84d7165ef39a6ab,base,Behavioral confirmation: bot 0xc0ffeeda864a856efcdd76833a4ce6b9152f271c trapped in tx 6cb215e47d773e901d42af9989848ad8ae,deployer_history,0xc0ffeefeed8b9d271445cf5d1d24d74d2ca4235e,True,False,,,,,,,,,,,,,NEEDS_REVIEW,203,False,,0,0,,behavioral,0,LIKELY_TP_RECIDIVIST
0x4fd6e58cc28f367d185396919e300140960da753,base,Behavioral confirmation: bot 0xc0ffeeaf9aadcf05e268383dd2c96466b0ccca59 trapped in tx 0afdfa741169c1ed13fe60fb725f8ec136,deployer_history,0xc0ffeefeed8b9d271445cf5d1d24d74d2ca4235e,True,False,,,,,,,,,,,,,NEEDS_REVIEW,203,False,,0,0,,behavioral,0,LIKELY_TP_RECIDIVIST
0xd41abcfa39405222184e5bcb734e05d4d83e3ce8,base,Behavioral confirmation: bot 0xc0ffeedf747b7794faa9441287ec4633b80b77ac trapped in tx 13b0ef82bd1fbf81c3dfbc85f4a1b0da8d,deployer_history,0x604be06b9f6b6663f78e755db0c5965eb2337e3d,True,False,,,,,,,,,,,,,NEEDS_REVIEW,194,False,,0,0,,behavioral,0,LIKELY_TP_RECIDIVIST
0x7b9015be083671564fa883fa051995c725b54065,base,Behavioral confirmation: bot 0xc0ffeeaf9aadcf05e268383dd2c96466b0ccca59 trapped in tx ea40e654da4131fb88acba2547749b21ca,deployer_history,0x604be06b9f6b6663f78e755db0c5965eb2337e3d,True,False,,,,,,,,,,,,,NEEDS_REVIEW,194,False,,0,0,,behavioral,0,LIKELY_TP_RECIDIVIST
0xe6b606af52055bc3bb131d1c190a86cf7186d607,base,Behavioral confirmation: bot 0xc0ffee00010d3d8b59319624a982f6703eaa33ad trapped in tx 5febbc4abf425b5598519943d55e31024b,deployer_history,0xc0ffeefeed8b9d271445cf5d1d24d74d2ca4235e,True,False,,,,,,,,,,,,,NEEDS_REVIEW,203,False,,0,0,,behavioral,0,LIKELY_TP_RECIDIVIST
0x1bd0c4a4d7ce1e9ab621e88c1ba2093ba9fa7877,base,Behavioral confirmation: bot 0xc0ffee48a9e45ad104a5b38c0844aacc5b82e6f8 trapped in tx d0b5110e2d813c75da59965b3c37a921cb,deployer_history,0xc0ffeefeed8b9d271445cf5d1d24d74d2ca4235e,True,False,,,,,,,,,,,,,NEEDS_REVIEW,203,False,,0,0,,behavioral,0,LIKELY_TP_RECIDIVIST
0x714f870e40c99192383779b7b969cbd44c8ae9eb,arbitrum,Self-loop: deployer 0x1e410a0988331a5695ae1733b1b81c59fc3f8e13 called own contract in reverted tx at block 457286293 (BO,bytecode_pattern,0x1e410a0988331a5695ae1733b1b81c59fc3f8e13,True,False,,,,,,,,,,,,,NEEDS_REVIEW,0,False,,0,0,,self_loop,0,LIKELY_FP_WEAK
0x1516e105dec6128f5e009c5f214c053252961d61,base,Behavioral confirmation: bot 0xc0ffeea556179ce7a8d01211f4288a8b25f7cf49 trapped in tx de800281b685b5fec3453de916426890fa,deployer_history,0x604be06b9f6b6663f78e755db0c5965eb2337e3d,True,False,,,,,,,,,,,,,NEEDS_REVIEW,194,False,,0,0,,behavioral,0,LIKELY_TP_RECIDIVIST
0x7bce5ed1681b332ec04690541feff51b5502432f,base,Behavioral confirmation: bot 0x3da2c9d6a6ef77e28e2a97e8b873fbdc4d5f505b trapped in tx 7f587bbbdbda546ba57d3c6e24f3e40993,deployer_history,0x5a49cc79501ca1c46457270a145fb333fe589c9a,True,True,WinStake,,,,,,,,,,,,NEEDS_REVIEW,3,False,,0,0,,behavioral,0,LIKELY_TP_RECIDIVIST
0x352fe516a079adf755837e3aca8426ab47619b0b,base,Behavioral confirmation: bot 0xc0ffee722c49a8c105b0d38d32d374eb6ea1321b trapped in tx 6ea8f5f5bd136dad3a4a8173bbe363672d,deployer_history,0x604be06b9f6b6663f78e755db0c5965eb2337e3d,True,False,,,,,,,,,,,,,NEEDS_REVIEW,194,False,,0,0,,behavioral,0,LIKELY_TP_RECIDIVIST
0xb2cff87cdc91c4542a4682df8cabafba92d959a2,base,Behavioral confirmation: bot 0xe07af768bdd66f3c1b8da6dad43c66c36f1b48f3 trapped in tx ccb8644ba97253b6c8d13bf7bb9db77d5d,deployer_history,0xbd2a30302709f4fbde18f645d1469d850eac0b2f,True,False,,,,,,,,,,,,,NEEDS_REVIEW,3,False,,0,0,,behavioral,0,LIKELY_TP_RECIDIVIST
0x7f4bacc28fc4efd777c3fb13f750884401b7c43f,base,Behavioral confirmation: bot 0xc0ffeec544131a82bdde7273617259c1b5aeac71 trapped in tx d31afa5a44ebd9297f04ca323599e9de05,deployer_history,0x604be06b9f6b6663f78e755db0c5965eb2337e3d,True,False,,,,,,,,,,,,,NEEDS_REVIEW,194,False,,0,0,,behavioral,0,LIKELY_TP_RECIDIVIST
0x9349b35ee9ea7a84ea0b90b2e739fb9cfc9f84d4,base,Behavioral confirmation: bot 0xc0ffee5d1ba6baa6e4ff9f184ff64f5aabc5d2b6 trapped in tx 00b488a851a5935504d1515b252d6c9598,deployer_history,0x604be06b9f6b6663f78e755db0c5965eb2337e3d,True,False,,,,,,,,,,,,,NEEDS_REVIEW,194,False,,0,0,,behavioral,0,LIKELY_TP_RECIDIVIST
0x4e059c6d43f783e206c0d60859f6e0d8225b4689,base,Behavioral confirmation: bot 0xc0ffeec1f8029a5adc3c9017c433d7c692fdd545 trapped in tx 3940c821fc7068e131cd81722aa9384c33,deployer_history,0x604be06b9f6b6663f78e755db0c5965eb2337e3d,True,False,,,,,,,,,,,,,NEEDS_REVIEW,194,False,,0,0,,behavioral,0,LIKELY_TP_RECIDIVIST
0xbc966e898f10c454ccd73741c875984f1e8325be,base,Behavioral confirmation: bot 0xc0ffee1f3e1a2608c3d5c33fbec78b4c01602f1e trapped in tx 31291d13e5d97b22b160827d3fe5fd455c,deployer_history,0xc0ffeefeed8b9d271445cf5d1d24d74d2ca4235e,True,False,,,,,,,,,,,,,NEEDS_REVIEW,203,False,,0,0,,behavioral,0,LIKELY_TP_RECIDIVIST
0xe38d1b5e25e34f97e4b1889b58e64a50a8df0775,base,Behavioral confirmation: bot 0xc0ffee384079a6be4b67c6f9da4164d69a8f509a trapped in tx 4b321add26768720721d91a05b1576a0b6,deployer_history,0x604be06b9f6b6663f78e755db0c5965eb2337e3d,True,False,,,,,,,,,,,,,NEEDS_REVIEW,194,False,,0,0,,behavioral,0,LIKELY_TP_RECIDIVIST
0xe75bed4df14647ee0336394e15327cb262ee08d2,base,Behavioral confirmation: bot 0x0ab3193c12928909b01b41cae4ed420d2d904478 trapped in tx 263c6e2297604e27cc5ca3502f48f559eb,deployer_history,0x96495974f9cd5e16eb18646cfd3f4ff397891215,True,False,,,,,,,,,,,,,NEEDS_REVIEW,0,True,-/-/fee,0,0,,behavioral,0,NEEDS_REVIEW
0x23c3765dbb11f70a5d2fe0e7cd3c1889e5edc998,base,Behavioral confirmation: bot 0xc0ffee4d20b77223b00a2ada5a59f5cfd79eca4b trapped in tx 1b0668fa658e9a9ffe8d206e102e4ce368,deployer_history,0xc0ffeefeed8b9d271445cf5d1d24d74d2ca4235e,True,False,,,,,,,,,,,,,NEEDS_REVIEW,203,False,,0,0,,behavioral,0,LIKELY_TP_RECIDIVIST
0xb1a81dd9323655336475fc4684913320d0d081c2,base,Behavioral confirmation: bot 0xc0ffeebd01000ea2bdd2851b2ff2534f2da1c9b3 trapped in tx d83cddab0dedd4c59fc3dc00b9b3ab8675,deployer_history,0xc0ffeefeed8b9d271445cf5d1d24d74d2ca4235e,True,False,,,,,,,,,,,,,NEEDS_REVIEW,203,False,,0,0,,behavioral,0,LIKELY_TP_RECIDIVIST
0x8b9565000bb1eb70974b9c02b13a3f5faa4963ba,base,Behavioral confirmation: bot 0xc0ffeefc06e7d4abc67b8fdba7ef9100b0c85f5b trapped in tx 9eaded892bef5d9b5b9b48e7412b986a37,deployer_history,0x604be06b9f6b6663f78e755db0c5965eb2337e3d,True,False,,,,,,,,,,,,,NEEDS_REVIEW,194,False,,0,0,,behavioral,0,LIKELY_TP_RECIDIVIST
0x5dc39020e9801620f852658235d25c4183e1a558,base,Self-loop: deployer 0xc594b79456a4ff713be4a86a84a3228da1fe88e5 called own contract in reverted tx at block 45314241 (BOT,bytecode_pattern,0xc594b79456a4ff713be4a86a84a3228da1fe88e5,True,False,,,,,,,,,,,,,NEEDS_REVIEW,1,False,,0,0,,self_loop,0,NEEDS_REVIEW
0x0879c3788fb3b0db62bfd21866293f5206eb433c,base,Behavioral confirmation: bot 0xc0ffeedf9dde81c4b338f960063c35b3e839524b trapped in tx f13efd23aadc448a0781b599c8b52e0d1d,deployer_history,0xc0ffeefeed8b9d271445cf5d1d24d74d2ca4235e,True,False,,,,,,,,,,,,,NEEDS_REVIEW,203,False,,0,0,,behavioral,0,LIKELY_TP_RECIDIVIST
0x2a1109d491789c6b18f0771800c46074fbab86f7,base,Behavioral confirmation: bot 0xc0ffee077edd3997c2a65ef68c71a5bc6400051a trapped in tx 61de800c386c3cef5ee543ecbec2b1d0cb,deployer_history,0xc0ffeefeed8b9d271445cf5d1d24d74d2ca4235e,True,False,,,,,,,,,,,,,NEEDS_REVIEW,203,False,,0,0,,behavioral,0,LIKELY_TP_RECIDIVIST
0x15cd93341a6e52a84cad4e3a053d3e5f495a25b3,base,Behavioral confirmation: bot 0xc0ffeebf76c7bdf6b479609eca5a622c71939c7e trapped in tx 895304d25fe7ffc75135b4deb2cbf20aac,deployer_history,0xc0ffeefeed8b9d271445cf5d1d24d74d2ca4235e,True,False,,,,,,,,,,,,,NEEDS_REVIEW,203,False,,0,0,,behavioral,0,LIKELY_TP_RECIDIVIST
0x2cf7b7af93b0f24b550a4b760561369cf1f3de74,base,Behavioral confirmation: bot 0xc0ffeef6724ba7ac5eae38deb6c707564997c050 trapped in tx 97ca0505a60f392a463f9264ef30a982b8,deployer_history,0xc0ffeefeed8b9d271445cf5d1d24d74d2ca4235e,True,False,,,,,,,,,,,,,NEEDS_REVIEW,203,False,,0,0,,behavioral,0,LIKELY_TP_RECIDIVIST
0xb1be1547350a6eb4faeca02ccaf72fd79b0332b8,base,Self-loop: deployer 0x19cbeb465cb8b3b988e4fa256a71155c3f5970f5 called own contract in reverted tx at block 45294055 (BOT,deployer_history,0x19cbeb465cb8b3b988e4fa256a71155c3f5970f5,True,False,,,,,,,,,,,,,NEEDS_REVIEW,11,False,,0,0,,self_loop,0,LIKELY_TP_RECIDIVIST
0x26dead952503a04ec4910d24aca7181925e0ca04,base,Behavioral confirmation: bot 0xba6c4ab0f5db0d3ab45b0165a28b5256ff909709 trapped in tx 1aeed134c7b03b4da7c135726d06a76fed,deployer_history,0x1f5d64f7e07258b53dd2e5876ec70fb9f094c2d1,True,True,ZeusSBT,,,,,,,,,,,,NEEDS_REVIEW,2,False,,0,0,,behavioral,0,LIKELY_TP_RECIDIVIST
0xa173517c6653bdc82518094d6983cf3621f04308,base,Self-loop: deployer 0xc594b79456a4ff713be4a86a84a3228da1fe88e5 called own contract in reverted tx at block 45306202 (BOT,bytecode_pattern,0xc594b79456a4ff713be4a86a84a3228da1fe88e5,True,False,,,,,,,,,,,,,NEEDS_REVIEW,1,False,,0,0,,self_loop,0,NEEDS_REVIEW
0x307d64f72eefdddbe93011ab0f90112c89bba206,arbitrum,Behavioral confirmation: bot 0x3f2cdae910cd13638e38b45881e7a4fc3a9fe320 trapped in tx d72eede3c60311e3a286a2a6f45a1a7481,deployer_history,0xe93d64f3fbc352131e79fc5578cbe44b66697f86,True,False,,,,,,,,,,,,,NEEDS_REVIEW,7,False,,0,0,,behavioral,0,LIKELY_TP_RECIDIVIST
0xf4df154ee9dbdf511fd3957b20c8412eeea649f9,base,Behavioral confirmation: bot 0x0f5e755486abeae7e1f68247a42e07f793de3163 trapped in tx 274f961647703c3e73bc3b9fe88f7a49a1,deployer_history,0xbad051ece2b9ce6502266f8a9880fa80ca0fba09,True,False,ConsumerPayFinTest,,,,ConsumerPayFinTest,CPFTest,ERC-20,17,,,,,NEEDS_REVIEW,15,False,,0,0,,behavioral,0,LIKELY_TP_RECIDIVIST
0xe69269565747f10c1f47ac1a40469f38c549dd4f,base,Behavioral confirmation: bot 0x57ee8b0d9eef510e3f2b80f077898f170258126a trapped in tx c4583b14da9b1ed4bb88de4585a5953eae,deployer_history,0xbad051ece2b9ce6502266f8a9880fa80ca0fba09,True,False,cpfLPbuyTest,,,,cpfLPbuyTest,LPBTest,ERC-20,2,,,,,NEEDS_REVIEW,15,False,,0,0,,behavioral,0,LIKELY_TP_RECIDIVIST
0xb22bb5b6a4c24c899bf905f33ecae3453e9e1269,base,Behavioral confirmation: bot 0x0f5e755486abeae7e1f68247a42e07f793de3163 trapped in tx 6d8c529386de66cee2386a96a4f01f1d4c,deployer_history,0xbad051ece2b9ce6502266f8a9880fa80ca0fba09,True,False,MerchantCPFTokentest,,,,MerchantCPFTokentest,mCPFtest,ERC-20,1,,,,,NEEDS_REVIEW,15,False,,0,0,,behavioral,0,LIKELY_TP_RECIDIVIST
0xfc33f8fc0920088fdf7184c263f07ea4f1c0cb72,base,Behavioral confirmation: bot 0xaf9a1b73db97a0ff2c5c5e5527c25aad0e09a3e2 trapped in tx cc4399c9b2ff8ba38d66075e666a0e14e8,bytecode_pattern,0x90b1cf6eb9b0a9c9b7cc4544f6b3fbe5973b64da,True,False,Scam Altman,,,,Scam Altman,SCAM,ERC-20,216881,,,,,LIKELY_FP,,,,,,,,,ALREADY_MIGRATED
0xa2637b166edb218c769e185dae34dbb1c5d1f31a,base,Self-loop: deployer 0xad180773c685aa0b4d5524dd1bf266a0fe848834 called own contract in reverted tx at block 45348148 (BOT,bytecode_pattern,0xad180773c685aa0b4d5524dd1bf266a0fe848834,True,False,,,,,,,,,,,,,NEEDS_REVIEW,0,False,,0,0,,self_loop,0,LIKELY_FP_WEAK
0xfb09771aea2be23d093a4ac91aa8ff01d07a7ec1,base,Behavioral confirmation: bot 0xfcbdba3490820f471cf6e8d662e86755bd04cf33 trapped in tx ccd9629cb7a35de6420353bc3a55386441,bytecode_pattern,0x38e6b1af0d75e6d6665c46e45ca8c814651ac850,True,False,Realbet,,,,Realbet,REAL,ERC-20,155516,,,,,LIKELY_FP,,,,,,,,,ALREADY_MIGRATED
0x476767bfd0c18e5178b8fa3fc8b40cb00fadaf0d,base,Behavioral confirmation: bot 0x02f0daafa6f2a8e03f1df8e63f964c09cc04527d trapped in tx 15791ee5d7b49037204097017a7cc19ce4,bytecode_pattern,0x8b75a6abc2092310d535e4ac822c63a90bcb0e99,True,True,AlgoSharesICO,,,,,,,,,,,,NEEDS_REVIEW,0,False,,0,0,,behavioral,0,NEEDS_REVIEW
0x6e504c08a0c97222866b7be4276b3aad39ee3f81,base,Behavioral confirmation: bot 0x6f327ec0defe0d25ae77fb1f1152e31cd0e89c01 trapped in tx 0ddb7458c5deeda12ef42e953abb603671,bytecode_pattern,0xb87258e1cb93cb10de2b0ecd10f9d82aee3ef66f,True,False,,,,,,,,,,,,,NEEDS_REVIEW,4,False,,0,0,,behavioral,0,LIKELY_TP_RECIDIVIST
0xc8997068ed327ab563614dde51bbcf04c9811364,base,Behavioral confirmation: bot 0xc2e4f9793cd59087748959733cf31f8c869758b6 trapped in tx f50d74bfa370a6f2f63d3c44015556eb26,bytecode_pattern,0x3c6b221f35aeb42fdcc8e86ae1d36ac9fef3d068,True,True,StarToken81,,,,Star Token,STAR,ERC-20,420,,,,,LIKELY_FP,,,,,,,,,ALREADY_MIGRATED
0xfd19fad56ca3d6facd4279a2f84f09bef8967f6a,base,Behavioral confirmation: bot 0xbe87fed7b491cd95a7d425f7d0bf7e62805bf7bf trapped in tx 8b1c34cd242b22e2f93fe2a409fd6cee02,deployer_history,0xb01dce443d052e44b7d13726c0ec9ffb7f5815b6,True,True,AgentKernel,,,,,,,,,,,,NEEDS_REVIEW,1,False,,0,0,,behavioral,0,NEEDS_REVIEW
0x30a0f7edf61c3fe81f63764b800e0edd507e9d8d,base,Self-loop: deployer 0xbc85088c3f7f0c2d4462b1b0ce9b7663ac62034f called own contract in reverted tx at block 45325155 (BOT,bytecode_pattern,0xbc85088c3f7f0c2d4462b1b0ce9b7663ac62034f,True,False,,,,,,,,,,,,,NEEDS_REVIEW,1,False,,0,0,,self_loop,0,NEEDS_REVIEW
0x9755238dc52256e011ac305c6d5b702e1cbd68b5,arbitrum,Behavioral confirmation: bot 0xfbf4884bf72371f808d20a3fdcb89589dbe8fae6 trapped in tx aa79856e1cb38846ad689c8c18902b4645,bytecode_pattern,0x7d8dcb16349ba8487caa319f387699d27d152f64,True,False,,,,,,,,,,,,,NEEDS_REVIEW,0,False,,0,0,,behavioral,0,NEEDS_REVIEW
0x7eb26c03015df1dd7c84913c70b77e5ac8e94eba,base,Behavioral confirmation: bot 0xc272260bf79676b68d9a59a4ac6ff210a6bf7393 trapped in tx a9b4cff09d9113a7e5095b8923fb987785,bytecode_pattern,0xac4132fec669a149b053b9c786a50be9eed965a3,True,False,Chimi Strategy USDC SteakhouseHighYieldTurbo,,,,Chimi Strategy USDC SteakhouseHighYieldTurbo,ysUSDC,ERC-20,1,,,,,NEEDS_REVIEW,0,False,,0,0,,behavioral,0,NEEDS_REVIEW
0x44274f447f928d3c4900986031d7a8bbb7abcfa0,base,Behavioral confirmation: bot 0x64f2d8f82be4e7fae541ae674900fc6a2dc847fd trapped in tx f3ceb67327bfe9fb54dd8ac49df7373369,bytecode_pattern,0x2e61a91ebed1b557199f42d3e843c06afb445004,True,True,TheHumanFund,,,,,,,,,,,,NEEDS_REVIEW,2,False,,0,0,,behavioral,0,LIKELY_TP_RECIDIVIST
0x539b9c5ed6c7d1dff2c72603dc1e464115ee7276,base,Behavioral confirmation: bot 0x19235feb509add2cd4599f6d38a3c2ef0633e035 trapped in tx 059780ee8dc0ce168d6830d5738d8986e5,bytecode_pattern,0x89fbb2d071df54988149b44c16750885b25a6984,True,False,,,,,,,,,,,,,NEEDS_REVIEW,2,False,,0,0,,behavioral,0,LIKELY_TP_RECIDIVIST
0x0ad2c1e17165339660b7275597a71202c50dc6da,base,Self-loop: deployer 0x38bd68fcdb3a94994227ae79008090f4c75834f3 called own contract in reverted tx at block 45415333 (BOT,bytecode_pattern,0x38bd68fcdb3a94994227ae79008090f4c75834f3,True,False,,,,,,,,,,,,,NEEDS_REVIEW,3,False,,0,0,,self_loop,0,LIKELY_TP_RECIDIVIST
0x328f20857c19cc72b5aed37b301c129fc2cd8f0a,base,Behavioral confirmation: bot 0x161dd2fcc22cc022e1f53ce3e55bee41ec44cf4f trapped in tx c85a94d7a6328d07b70addd37c15f95ba8,bytecode_pattern,0x2bdfdd894d0cd04017b7dab3d4c25e788fdefd47,True,True,ERAGE,,,,ERAGE Token,ERAGE,ERC-20,27,,,,,LIKELY_FP,,,,,,,,,ALREADY_MIGRATED
0x518dde8eaf5f0a31f0b3d464c705d36a35005b47,base,Behavioral confirmation: bot 0xab8b612548cc3f5f9f7e723823be37058d0110b2 trapped in tx cde56ac9e0b18fbdb3f68372f77d6b4316,deployer_history,0xbbba8ff71937c339009c2ce91178ebf2f88d4f75,True,False,,,,,,,,,,,,,NEEDS_REVIEW,0,False,,0,0,,behavioral,0,NEEDS_REVIEW
0xce6c39b99d2daa4d9c44bbd3231b0ab6ed5518c8,base,Behavioral confirmation: bot 0x36f746e21271f6e8cc97f41ed8957ac97a861ae0 trapped in tx 8b114e32cc1e1248f1a052425bf85973d8,bytecode_pattern,0x5eb7a6583f6386d040f83429a9d46138cb9e8ea3,True,False,,,,,,,,,,,,,NEEDS_REVIEW,17,False,,0,0,,behavioral,0,LIKELY_TP_RECIDIVIST
0x5d482e3c46841cb20cb24ef7531baf4b0d9f026d,base,Behavioral confirmation: bot 0xd43fe73d4d754e78dda0a5e6b2d365297456cd79 trapped in tx f2740e593f20f9fc88626511a91e72aac1,bytecode_pattern,0x20dae483aca895a26ac594cdb35f824f2ae3ddab,True,True,AETH,,,,ALTMANETH,AETH,ERC-20,66,,,,,LIKELY_FP,,,,,,,,,ALREADY_MIGRATED
0xa00c9248f2e10b2b0673ea0226cdb2c1224cb5f7,base,Behavioral confirmation: bot 0x181bf186f87d8da4598b6610df7fdccf0cce5fd3 trapped in tx e85a206e07b1fabd47cd0dc3837bc716d7,bytecode_pattern,0x7da1539189fec6f12d80df395f27604debce5dc0,True,False,,,,,,,,,,,,,NEEDS_REVIEW,0,False,,0,0,,behavioral,0,NEEDS_REVIEW
0xd7218ed4626a311e39599f24c4fa9ca65290bc61,base,Behavioral confirmation: bot 0x045bd7882ed9d740ed4dbc737e018505f883fea4 trapped in tx b87decb16729f5f79ab79da5d54be96294,bytecode_pattern,0xe59db59b17d59f0ca650dda0efc5f82683006300,True,False,,,,,,,,,,,,,NEEDS_REVIEW,0,False,,0,0,,behavioral,0,NEEDS_REVIEW
0xa3d0887a8ac8ccfae41ea500e9aa3f7993f1fb18,base,Behavioral confirmation: bot 0x64f2d8f82be4e7fae541ae674900fc6a2dc847fd trapped in tx b897cff67842c5af3ea694a6548a35bec5,deployer_history,0x2e61a91ebed1b557199f42d3e843c06afb445004,True,True,TheHumanFund,,,,,,,,,,,,NEEDS_REVIEW,2,False,,0,0,,behavioral,0,LIKELY_TP_RECIDIVIST
0x12dec94e7299bc39a998c31bbd72994b817f722b,base,Self-loop: deployer 0x28152a620f12d5fa06c436d2716a0fbb99e57869 called own contract in reverted tx at block 45315331 (BOT,bytecode_pattern,0x28152a620f12d5fa06c436d2716a0fbb99e57869,True,True,FlashArbitrageur,,,,,,,,,,,,NEEDS_REVIEW,0,False,,0,0,,self_loop,0,LIKELY_FP_WEAK
0x4b55eafeb08b9b8824c2c7c35f062f81a8a9de42,base,Behavioral confirmation: bot 0x291a3b3ed46328e035d854eeb364adc725d8ed4b trapped in tx 61768f517d6c7625a595fc192baf280d1f,deployer_history,0xcc57d7ab71f58a5c244e0b691d1129f17c634880,True,False,Machima V3 Positions NFT-V1,,,,Machima V3 Positions NFT-V1,MACHIMA-V3-POS,ERC-721,2,,,,,NEEDS_REVIEW,0,False,,0,0,,behavioral,0,NEEDS_REVIEW
0xddb4ca8cfb0f886831f2e7d014c7c3f27adb2167,base,Behavioral confirmation: bot 0x1fabcd716472b66816e885b1baf6b653784d8da1 trapped in tx fc8a7e359d9b5938e9dc68a9f945918b2a,bytecode_pattern,0x2187b98c254b50b2d785eaf36e333959784f6904,True,False,,,,,,,,,,,,,NEEDS_REVIEW,1,False,,0,0,,behavioral,0,NEEDS_REVIEW
0xd3a9c260bb91bcf57e4919a6e70bdc50dc256060,base,Behavioral confirmation: bot 0xe4d5fe9ffbb1cf5786d6faff0f8a9368f985c012 trapped in tx 71eb8be09b3f7700e3e4c6189dcbb89fbc,deployer_history,0x666521000c595a632fb3e99f392b12e937b77586,True,True,ERC1967Proxy,,,,,,,,,,,,NEEDS_REVIEW,11,False,,0,0,,behavioral,0,LIKELY_TP_RECIDIVIST
0xcd09caf2901d81c53afd5de8bf74f10fb199a8bc,base,Behavioral confirmation: bot 0xeae1ed50949eeb6b4f6603c7b1d02ccbf644e673 trapped in tx 6cbb480b3df15f27bb9bd9fd1162691d90,bytecode_pattern,0x4bb90478844eaf5430a6e7dc2d754cd0731c3e3f,True,False,Gensyn,,,,Gensyn,AI,ERC-20,196671,,,,,LIKELY_FP,,,,,,,,,ALREADY_MIGRATED
0xc970c50bee2ffd114f5d65ee18520b66da5f62c1,base,Behavioral confirmation: bot 0xa110e9950f5b17cc6c7fe558b89018c932bbfdab trapped in tx b844f8876ee4fc6c32dfe746bfb4927a97,bytecode_pattern,0xbfc67ed9aaecd6b3f539ec224a3dd9b9976b7896,True,False,LokiCoin,,,,LokiCoin,LOKI,ERC-20,168774,,,,,LIKELY_FP,,,,,,,,,ALREADY_MIGRATED
0x7a98e6d467716d188d2a88a990d85213646f0a04,base,Behavioral confirmation: bot 0xa34999c3c9301695871f3abc3324d64133b33e36 trapped in tx 95b7e3985d3b00ac0df672810999ebe786,bytecode_pattern,0xbed5d170be1b6fd27505f9075b55a22fa39a4834,True,False,,,,,,,,,,,,,NEEDS_REVIEW,3,False,,0,0,,behavioral,0,LIKELY_TP_RECIDIVIST
0x50e95f8c19c4c4f260a256a916f80550e3635f80,optimism,Behavioral confirmation: bot 0xe3150ab1618f9ed050b1082aa56ad7d25ce75eeb trapped in tx c6af42b21639e4f843504b1579b93aa44c,deployer_history,0x89c0a6bf7723fba9d10b9365bfb447ebaf11c6b1,True,False,,,,,,,,,,,,,NEEDS_REVIEW,0,False,,0,0,,behavioral,0,NEEDS_REVIEW
0xd06ae7c51ca09ba49bd9ab16f0ac715cc0e20d84,base,Self-loop: deployer 0x560e061648d9ff0568be971d77f2b8d6d57210ec called own contract in reverted tx at block 45329584 (BOT,bytecode_pattern,0x560e061648d9ff0568be971d77f2b8d6d57210ec,True,False,,,,,,,,,,,,,NEEDS_REVIEW,0,False,,0,0,,self_loop,0,LIKELY_FP_WEAK
0xf9d7f2c7371ecd21104abdee0d91963cca4e2004,base,Behavioral confirmation: bot 0xa34999c3c9301695871f3abc3324d64133b33e36 trapped in tx 860a17e661af5a1de09a45385d8241dbaf,bytecode_pattern,0xbed5d170be1b6fd27505f9075b55a22fa39a4834,True,False,,,,,,,,,,,,,NEEDS_REVIEW,3,False,,0,0,,behavioral,0,LIKELY_TP_RECIDIVIST
0x678dc1756b123168f23a698374c000019e38318c,base,Behavioral confirmation: bot 0x64f2d8f82be4e7fae541ae674900fc6a2dc847fd trapped in tx 06f83079fa4a72b34e2c22f13c975fe4b8,deployer_history,0x2e61a91ebed1b557199f42d3e843c06afb445004,True,True,TheHumanFund,,,,,,,,,,,,NEEDS_REVIEW,2,False,,0,0,,behavioral,0,LIKELY_TP_RECIDIVIST
0xf6592d420730a79c94102e075b7e16a71b8d0efa,base,Behavioral confirmation: bot 0xf2b5438003e5190c188eaefe02dfaae1be6a9fd1 trapped in tx 0b176726b581272112102c5099af997bef,deployer_history,0x00169219376146760298417404949075285cab72,True,False,,,,,,,,,,,,,NEEDS_REVIEW,8,False,,0,0,,behavioral,0,LIKELY_TP_RECIDIVIST
0xabcfe227e9ce1a04cc8601aa14f115401044be8f,base,Behavioral confirmation: bot 0xaefdd771878719af5f51c231be80ec1bbf690c7b trapped in tx ca8d63f26df21f28f7456082c86de7509c,bytecode_pattern,0xf192ae524b033e2a66539a7e4388423d7e994bf6,True,False,,,,,,,,,,,,,NEEDS_REVIEW,2,False,,0,0,,behavioral,0,LIKELY_TP_RECIDIVIST
0x4d1d718e47b916fc0f7dbc80b8e4478a08381fa4,base,Behavioral confirmation: bot 0x8f7a9f7046d8607c3424a43b9bb73e8fc781a804 trapped in tx 0222afc95631e79dcac9864fcc14d85bfb,bytecode_pattern,0x1aae146c13287cf4b53338ab262777dad1b07900,True,False,REALAI,,,,REALAI,REALAI,ERC-20,968,,,,,LIKELY_FP,,,,,,,,,ALREADY_MIGRATED
0x5c1b1bcba8f500e989c0ff207b6c9a66de8828ec,arbitrum,Behavioral confirmation: bot 0x089125417e97f0f1abf35063e21d5e1eb2d6ba07 trapped in tx 64be9f3435d4a81ca145481cc1e2cc1af8,bytecode_pattern,0xfc6362ec899fac3579728453d11c3e4b19bf84e6,True,False,OpenMind AGI,,,,OpenMind AGI,OMDAGI,ERC-20,2244,,,,,LIKELY_FP,,,,,,,,,ALREADY_MIGRATED
0xf142fa8a5d4a5d5378c4b95867423971a6be7faf,base,Behavioral confirmation: bot 0xd43fe73d4d754e78dda0a5e6b2d365297456cd79 trapped in tx bd8f086f696d944f294ab215599a922882,bytecode_pattern,0xab613368165f53ac0e74d4bebe0da6ae38ae6c0a,True,True,NUVALABS,,,,NUVA Labs,NUVALABS,ERC-20,67,,,,,LIKELY_FP,,,,,,,,,ALREADY_MIGRATED
0x10dbf81dfb4169c2db8635642666102786f2f6a0,base,Behavioral confirmation: bot 0x541790e90fdb8ec213baeec6656f2ee5847959f8 trapped in tx 31a8ba299a3bbe4c8ab5e627ea9566b686,bytecode_pattern,0xbd0d5003bd78690ad64ee2303231cb3029a8a31c,True,True,SwapGateway,,,,,,,,,,,,NEEDS_REVIEW,0,False,,0,0,,behavioral,0,NEEDS_REVIEW
0x5299eed1b9711d31af7dcfa74354b9c6a23335c6,base,Behavioral confirmation: bot 0xadc5deb235def9a5618b6a6ee207b4b448023e01 trapped in tx 8b27fabc0cb9c87f3104cab727084cbff9,bytecode_pattern,0xefef185e2c89bbede21a1c41427bdf1332eca392,True,False,,,,,,,,,,,,,NEEDS_REVIEW,11,False,,0,0,,behavioral,0,LIKELY_TP_RECIDIVIST
0x03856f16f82d12060819e674ae003861b7d67093,base,Behavioral confirmation: bot 0xadc5deb235def9a5618b6a6ee207b4b448023e01 trapped in tx edc15def91ff84106ee5c89ec89553433a,bytecode_pattern,0xefef185e2c89bbede21a1c41427bdf1332eca392,True,False,,,,,,,,,,,,,NEEDS_REVIEW,11,False,,0,0,,behavioral,0,LIKELY_TP_RECIDIVIST
0x530c5a0eee69b2a6d5c8cfc05e5fea1d4a9b65a2,base,Behavioral confirmation: bot 0xa34999c3c9301695871f3abc3324d64133b33e36 trapped in tx b1c7775c31a5cda62b29b0be83fb293381,bytecode_pattern,0xbed5d170be1b6fd27505f9075b55a22fa39a4834,True,False,,,,,,,,,,,,,NEEDS_REVIEW,3,False,,0,0,,behavioral,0,LIKELY_TP_RECIDIVIST
0x490aefda694ca5392edf58751e8b3b825d717f28,base,Behavioral confirmation: bot 0x5b5df3d9006618e8db472a8e60fe5db6e6c280bc trapped in tx b98b02a12ede54e0914c6d1ccf49e1828e,bytecode_pattern,0x58cda98d469a055ff5c2801d79aca9bea3c05fc2,True,False,REAL,,,,REAL,ASSET,ERC-20,181211,,,,,LIKELY_FP,,,,,,,,,ALREADY_MIGRATED
0x2a7f100c6955a92785b886d2c33aa1f4c8339de2,base,Behavioral confirmation: bot 0xb3ba0236db050da0752ddf34ad5a38cc525393e7 trapped in tx b2a5e4b476a35d94976d4c614b1d5d3394,bytecode_pattern,0x7994f08cac9e51d40c7e4a6ca7e0d2c68c3da6d5,True,True,IntentEscrow,,,,,,,,,,,,NEEDS_REVIEW,0,False,,0,0,,behavioral,0,NEEDS_REVIEW
0x18a852273002cc23264b4b0d7eed7a171509fc63,arbitrum,Behavioral confirmation: bot 0x8c7b6608278030c06feaaa2038d8dd506baa9784 trapped in tx 25c9120e596900624ed079a5f2ea4c2c22,deployer_history,0xd866b2332d4383c1bf719732177e2d9109c99dbc,True,True,CasinoData,,,,,,,,,,,,NEEDS_REVIEW,5,False,,0,0,,behavioral,0,LIKELY_TP_RECIDIVIST
0xa7e1e8ab7b7c93f9e3ceb10724843a4b74f5308c,base,Behavioral confirmation: bot 0x46f4ae4d8db16b0333ee726b9a02b583dbe58657 trapped in tx 9b5b7da519573bbd82c3aff47cb66349e4,bytecode_pattern,0xacc79e7b9f8dbb22e197c76d92ff8c0472ac81b4,True,True,FinancialIndependenceRetireEarly,,,,Financial Independence Retire Early,FIRE,ERC-20,1347,,,,,LIKELY_FP,,,,,,,,,ALREADY_MIGRATED
0x1500b398ad5f6a0ada60d1f2b433126bbfe9b0fc,arbitrum,Behavioral confirmation: bot 0x83653b679a925490552c8faf2c9982c64a985507 trapped in tx 4df571352300eeb0fb62e5e62149ef8789,deployer_history,0xd866b2332d4383c1bf719732177e2d9109c99dbc,True,True,CasinoData,,,,,,,,,,,,NEEDS_REVIEW,5,False,,0,0,,behavioral,0,LIKELY_TP_RECIDIVIST
0xa4362102450cd010d4b3ada4bd76ef38543c00d5,base,Behavioral confirmation: bot 0x054502a75c0fc3b0e899e70e4d7e3b97e22bc003 trapped in tx dc4a64a180e7c8e948d92729232984f82b,deployer_history,0x666521000c595a632fb3e99f392b12e937b77586,True,True,ERC1967Proxy,,,,,,,,,,,,NEEDS_REVIEW,11,False,,0,0,,behavioral,0,LIKELY_TP_RECIDIVIST
0xbf5526d07f612dfadda2fb1358e9136371206163,base,Behavioral confirmation: bot 0x9e8c65e53d27b84e3ecbccebe1706574e48bd00a trapped in tx e72c96ec25f89a7c700e22cfb817c1803a,bytecode_pattern,0xad0e48307e2e84a05411649a121ed2622a05034f,True,False,,,,,,,,,,,,,NEEDS_REVIEW,0,False,,0,0,,behavioral,0,NEEDS_REVIEW
0x81c94a45f5eb24551f8f7aa2ec5a05c338efcc06,base,Behavioral confirmation: bot 0xc57e561e0bd4b3ac4473095afacebdcd409ef401 trapped in tx 08a7f485c70e3df67e171133222f77138c,deployer_history,0x5851f4d600f81f5722a2841a552ce29b15ea2aeb,True,True,TesseraAuction,,,,,,,,,,,,NEEDS_REVIEW,0,False,,0,0,,behavioral,0,NEEDS_REVIEW
0xb1b169b817131dc19febd2bbecb0a791cc3e5bee,base,Behavioral confirmation: bot 0x495d760eb4c63f962ffb3238ba766da6aa1e4a76 trapped in tx 4b6d623f7787ca82554e918d98002f8502,bytecode_pattern,0x46d3540c16c3f6bfbcbccc78df70599f7845999a,True,False,,,,,,,,,,,,,NEEDS_REVIEW,0,False,,0,0,,behavioral,0,NEEDS_REVIEW
0x24a0c466e53fc13b39e1e2f7c19a6e72084b6ac4,base,Behavioral confirmation: bot 0x208169b1321a09e614a68b06b7f600dc0e007212 trapped in tx 80672595ae0080a29555e308cb49a5b553,deployer_history,0xc9ea49257ab99b4b8648df0641f15aec038c57e8,True,False,,,,,,,,,,,,,NEEDS_REVIEW,3,False,,0,0,,behavioral,0,LIKELY_TP_RECIDIVIST
0xb99f61c5f8e2e9efa226c3b65d171f49733da39b,base,Behavioral confirmation: bot 0xb10caf05b0a7677061dcb4cbcfb70c8508519023 trapped in tx a0a240e45120232a6acc37ac6a369a0e05,bytecode_pattern,0xeee3d4a14759e91af3f95011e3840fd7f6f88dcb,True,False,,,,,,,,,,,,,NEEDS_REVIEW,1,False,,0,0,,behavioral,0,NEEDS_REVIEW
0xa2e5d3af97d95fb9fedde3a2586e9ab9470f2273,base,Behavioral confirmation: bot 0xb10caf05b0a7677061dcb4cbcfb70c8508519023 trapped in tx 047825ef35efc63e00dad16cc5cda9e64e,bytecode_pattern,0xeee3d4a14759e91af3f95011e3840fd7f6f88dcb,True,False,,,,,,,,,,,,,NEEDS_REVIEW,1,False,,0,0,,behavioral,0,NEEDS_REVIEW
0x71bf19ee1e757f47dbb3ac2eafe3de6b61e2ce0b,base,Behavioral confirmation: bot 0x25627d44ab8d35b53bfd11aecef930e8e5964964 trapped in tx 2fd94efc216bf8ba2b0d0c9b61010213fd,bytecode_pattern,0x0b9678fbaa61495cfcca9b21f8dbe4b51d0d818a,True,False,,,,,,,,,,,,,NEEDS_REVIEW,0,False,,0,0,,behavioral,0,NEEDS_REVIEW
0x4bddbd3e8535871e2ac4be0d4fce2086e4b7d3fb,base,Behavioral confirmation: bot 0x5b2f90819a95421879dfcb1902f9eb1edbbd40b2 trapped in tx 0977611044b1c82ab847a422b92717a3c8,bytecode_pattern,0xf192ae524b033e2a66539a7e4388423d7e994bf6,True,False,,,,,,,,,,,,,NEEDS_REVIEW,2,False,,0,0,,behavioral,0,LIKELY_TP_RECIDIVIST
0xdb5cc5478800c389645bb0821a7ad5463387d717,arbitrum,Behavioral confirmation: bot 0x0d1472582639b6ba14244cecf4f01402848a0356 trapped in tx 08c44036d561fca2eaaf3dfb4c8f9d516b,bytecode_pattern,0x777b8bfda893b00f7586bb6a47299891c1de35c5,True,True,AntiBotToken,,,,VERY,VERY,ERC-20,5,,,,,NEEDS_REVIEW,0,True,-/-/fee,0,0,,behavioral,0,STILL_NEEDS_REVIEW
0xcd39b3ed58525832c236d9d19433a4d124668666,base,Behavioral confirmation: bot 0x8f9a14282294117ea6f6630cf377b00c4d81f5c3 trapped in tx 8d26a1ca1d0b26b93f0b1244679c3a447f,bytecode_pattern,0x54a7850722804f17cd2dc2b0141363a81a1473ed,True,True,Token,,,,QQQ (Derivatives),USTECH,ERC-20,21,,,,,LIKELY_FP,,,,,,,,,ALREADY_MIGRATED
0x79e2bf99e182b1b6056cdadf5ffefb55f679f2d0,base,Behavioral confirmation: bot 0xd3686110d8e682e08d267a376f69202313001fbf trapped in tx e737ccd5efe6c425cf67c56cb2ab2acc6b,bytecode_pattern,0xaf3237ffcd1cff1532311596789ce4a3ca3565f7,True,False,Trade With Friends Play,,,,Trade With Friends Play,PLAY,ERC-20,5,,,,,NEEDS_REVIEW,0,False,,0,0,,behavioral,0,NEEDS_REVIEW
0x4de53ccdd8e07113a42b631c186006a77095880c,base,Behavioral confirmation: bot 0xfb480340f2dd912bb6d06f5b8e9aa21b92ba93bf trapped in tx 771a772aa022d725d462d0f9bfa294ba77,deployer_history,0x00c2796b3ad3369d604e009d75204d7a15cc584b,True,True,InstantLayer,,,,,,,,,,,,NEEDS_REVIEW,1,False,,0,0,,behavioral,0,NEEDS_REVIEW
0xa56ee8d7bbdde7f2adde4e4b8fc4ef9c2e00ed0a,arbitrum,Behavioral confirmation: bot 0xa254305ad142d99195e6598de614f2c104ab223e trapped in tx 9cf23491475195bde1dbabf4a30d0e63e1,bytecode_pattern,0xb1851cfcf026588a475a9a5f1dec6373660377ee,True,True,LiquidityStrategyManager,,,,,,,,,,,,NEEDS_REVIEW,0,False,,0,0,,behavioral,0,NEEDS_REVIEW
0xd6de605e90b7a96f53705547fbf9dc4f92ac34b9,arbitrum,Behavioral confirmation: bot 0xa9ea98b1f915c6914330f6f97186ae17cfe76440 trapped in tx b6922b2d7ff20cad1d127df8f5ed1c18c8,bytecode_pattern,0xf22b184551c01a9a5f258a3c3dc84594f2a06148,True,False,MXKTIDF,,,,MXKTIDF,MXKTIDF,ERC-20,8,,,,,NEEDS_REVIEW,0,False,,2,1,2.00,behavioral,0,NEEDS_REVIEW
0xd4a318ae8c8952e8ba0ad6d16c4785d1991d9a24,base,Behavioral confirmation: bot 0x2eb2478559a8c62a32323b14b4f9318223729b66 trapped in tx 138f109e0feafff68b594273c539c0a82e,deployer_history,0x81f7ca6af86d1ca6335e44a2c28bc88807491415,True,True,MerkleDistributor,,,,,,,,,,,,NEEDS_REVIEW,25,False,,0,0,,behavioral,0,LIKELY_TP_RECIDIVIST
0x77cd662165434c0ab60ded459221f818ef31b58c,base,Behavioral confirmation: bot 0xdb94848a6c32b974c359441d208b9fc79eebda56 trapped in tx 4e514c03436ddd2e19192839cb8c3ec618,bytecode_pattern,0xe7f3fbb7473f2ed70962c8af2b10d0c2f27f9fc1,True,False,,,,,,,,,,,,,NEEDS_REVIEW,1,True,-/-/fee,0,0,,behavioral,0,NEEDS_REVIEW
0xd29ef132b730802931ffbc7faf0d5c0ab12813c4,base,Behavioral confirmation: bot 0xdb94848a6c32b974c359441d208b9fc79eebda56 trapped in tx 9218193d25d5632b572df69217c5734414,bytecode_pattern,0xe7f3fbb7473f2ed70962c8af2b10d0c2f27f9fc1,True,False,,,,,,,,,,,,,NEEDS_REVIEW,1,True,-/-/fee,0,0,,behavioral,0,NEEDS_REVIEW
0xb0580e8996253d520d4a9505ff83b06eeff7d62d,base,Behavioral confirmation: bot 0x1f2c76834aeb2815e9084dd843ca15c5e784bd31 trapped in tx 18489d727d6d79fe54c0e751a291a4b825,bytecode_pattern,0x1ac0dd67249f3f082a616f1053e16858a96344be,True,False,COL,,,,COL,COL,ERC-20,511,,,,,LIKELY_FP,,,,,,,,,ALREADY_MIGRATED
0x664d7e41fce27d23cecdd0ffaaa20f86dbf79b9d,arbitrum,Behavioral confirmation: bot 0x1fbe9c9d67ae4321e8e2172e02011ef17012d779 trapped in tx b7dd9ed455337acf21dcd596d5c4c118a3,bytecode_pattern,0x8690b9a118b5410542c4b408834c8e2b7f10a147,True,False,Crunch Lab,,,,Crunch Lab,CRULAB,ERC-20,234,,,,,LIKELY_FP,,,,,,,,,ALREADY_MIGRATED
0x0b3d767f36d402db16697f5de8d8bcacb3e5204b,base,Behavioral confirmation: bot 0x589e078f0d305202f394ab7449058d1efd344c56 trapped in tx 55adacb7f921da2bcd813a4059fb1db2e0,bytecode_pattern,0x24208afc94e4f6432c8870bd6467f9c2ecfa694a,True,True,UCITipDistribution,,,,,,,,,,,,NEEDS_REVIEW,0,False,,0,0,,behavioral,0,NEEDS_REVIEW
0xde1f06b449449e71f7a4e44d215323420ee1d99f,arbitrum,Behavioral confirmation: bot 0xc298374ab2c7c4af3adea2d9d31135f58e3f16d4 trapped in tx ea294c0119d073900651ca334f5002874b,bytecode_pattern,0x3075e0223634269590927c4f252fe29659128176,True,True,DexAggregator,,,,,,,,,,,,NEEDS_REVIEW,0,False,,0,0,,behavioral,0,NEEDS_REVIEW
0xc3affe4a933ba254faf665bd7c412dddffc016da,base,Behavioral confirmation: bot 0xc547a0000f64d4b20f494a3c4b2034e28f8d1381 trapped in tx 6d35cc6bda3071fc7107578dc6a0c2553f,bytecode_pattern,0x3c7942b94fa7d4c9a887c8a0b8e4094270d939e8,True,False,,,,,,,,,,,,,NEEDS_REVIEW,0,False,,0,0,,behavioral,0,NEEDS_REVIEW
0xa43a86af98d86f719e940f47179f2046982a7f03,base,Behavioral confirmation: bot 0x2eb2478559a8c62a32323b14b4f9318223729b66 trapped in tx ca759696ba07eb789bf3917943b48eed63,deployer_history,0x81f7ca6af86d1ca6335e44a2c28bc88807491415,True,True,MerkleDistributor,,,,,,,,,,,,NEEDS_REVIEW,25,False,,0,0,,behavioral,0,LIKELY_TP_RECIDIVIST
0x981c6b69641a0f48c53463cc733fe51edf79b223,base,Behavioral confirmation: bot 0x0f5621be87add79553542a52ddca3a637c6e1703 trapped in tx ebac6b2e31b431ededd45880381b952147,bytecode_pattern,0x4b4ca2bfaecc8bcf22a231977edca261e8302518,True,False,,,,,,,,,,,,,NEEDS_REVIEW,0,False,,0,0,,behavioral,0,NEEDS_REVIEW
0xdd56783a02bc520bb296b813cd643727f9be7901,base,Behavioral confirmation: bot 0x5b2f90819a95421879dfcb1902f9eb1edbbd40b2 trapped in tx 3e3f1f672a885a69b05eb610114b08091b,bytecode_pattern,0xf192ae524b033e2a66539a7e4388423d7e994bf6,True,False,,,,,,,,,,,,,NEEDS_REVIEW,2,False,,0,0,,behavioral,0,LIKELY_TP_RECIDIVIST
0xfa0354b1a60209cf87be886fa54af891015f8a4b,base,Behavioral confirmation: bot 0x06363da3af09f11609b259f93e3f157d50c14113 trapped in tx 562c64eb2532aa2b0e90a19846295f7dc8,bytecode_pattern,0xc5661b8b6b217f7fdb79124eb075ea5af57166cb,True,True,ERC721SeaDrop,,,,Medal of Awakening,MOAW,ERC-721,1459,,,,,LIKELY_FP,,,,,,,,,ALREADY_MIGRATED
0x0739a3832ea7fff5a793ad1050cb95346a5c854c,base,Behavioral confirmation: bot 0xf192ae524b033e2a66539a7e4388423d7e994bf6 trapped in tx c2dc08bb1cff5384b238be82141e0640e2,bytecode_pattern,0x2187b98c254b50b2d785eaf36e333959784f6904,True,False,,,,,,,,,,,,,NEEDS_REVIEW,1,False,,0,0,,behavioral,0,NEEDS_REVIEW
0x91d7d9460e8ea59c75c092cc28e724e1e03605f5,base,Behavioral confirmation: bot 0x069d202dbb0a2f2cae0e774584b92ed9cafa3561 trapped in tx 4f5d77846901d672ee470a392a1854faba,bytecode_pattern,0xf06de65a69a3aa1aa2e3b7edf1e90e9ad4ebffbc,True,False,,,,,,,,,,,,,NEEDS_REVIEW,0,False,,0,0,,behavioral,0,NEEDS_REVIEW
0xae5a300ba488c194eec633b4b476bd9bd2ccd91a,base,Behavioral confirmation: bot 0x800db1fb3705d13aea951d63ad49a655da8f0514 trapped in tx df5771fc963ce950ec69328d848915974e,bytecode_pattern,0x2d0b944fafe40fe44c258ff67c1013d94723f6d3,True,False,,,,,,,,,,,,,NEEDS_REVIEW,2,False,,0,0,,behavioral,0,LIKELY_TP_RECIDIVIST
0x8f142db986b844f917079361a1c7b05758f55909,base,Behavioral confirmation: bot 0x28d3f9f4d8cf1519fc08c26fe042f1cf0fbf4961 trapped in tx 25402c95cf158585a286b15c90b6cbdfc8,deployer_history,0x81f7ca6af86d1ca6335e44a2c28bc88807491415,True,True,MerkleDistributor,,,,,,,,,,,,NEEDS_REVIEW,25,False,,0,0,,behavioral,0,LIKELY_TP_RECIDIVIST
0x29ee1fbd722ebd31ea33dde76f090753da0468a7,base,Behavioral confirmation: bot 0x04a1f14c7dd72e305fa2b284a6e3b1d1bd366269 trapped in tx d15d364b1b3441f7654ad46c2ef7e3e6eb,bytecode_pattern,0x1a25f65ea9cae35ced366a78fdbf54b7273c325a,True,False,Gensyn,,,,Gensyn,AI,ERC-20,33448,,,,,LIKELY_FP,,,,,,,,,ALREADY_MIGRATED
0x91734696e8164cbf79b666569d2504b0e21218f6,base,Behavioral confirmation: bot 0xa199820ba026c534025cae219d019c353c80a99a trapped in tx 7729a60dd7743fcf4992c7167bbc2359c4,deployer_history,0x46a1eee3d800799726faaf18f28360eb2e97ad63,True,False,Ardinal,,,,Ardinal,ARDI,ERC-721,0,,,,,NEEDS_REVIEW,1,False,,0,0,,behavioral,0,NEEDS_REVIEW
0x21c2eba56c440c292a32f0fdd16c26be13d391bb,base,Behavioral confirmation: bot 0x631aca14ed0bac025c5a9a83b072afbcd9e77d6c trapped in tx 4404c2d09fd83b14aef907ed3795f40ae4,deployer_history,0x46a1eee3d800799726faaf18f28360eb2e97ad63,True,False,,,,,,,,,,,,,NEEDS_REVIEW,1,False,,0,0,,behavioral,0,NEEDS_REVIEW
0xd9c7db68bab3eff332e64112037caf47c8fc8688,base,Behavioral confirmation: bot 0xbbc721a939546c8f8efa30913986f63405592015 trapped in tx 172f94699893f01423bf3ef44515dc9254,bytecode_pattern,0xbd402823cbc82efe70e997b3c3be0af35dfdb151,True,False,,,,,,,,,,,,,NEEDS_REVIEW,0,False,,0,0,,behavioral,0,NEEDS_REVIEW
0x13caa1b4dbc8316344d38daa5d4f9c50737cace1,base,Behavioral confirmation: bot 0x15ed9dab72d72aaf7ac4c284ad6f7250fb974e24 trapped in tx 03bf94be08ddf25e99a325507c0bbc6ddd,deployer_history,0x529c9ec99b8c7478886f8954236c0e7c9cb9abab,True,False,,,,,,,,,,,,,NEEDS_REVIEW,2,False,,0,0,,behavioral,0,LIKELY_TP_RECIDIVIST
0x7263cc65f1688fdcf2b412983c45012171f330c2,base,Behavioral confirmation: bot 0x5832b25d36a32c81c93fc1cccccef476a487b6f5 trapped in tx a4ad5ee077b3b8d44dccad34d0c82c33fc,deployer_history,0x529c9ec99b8c7478886f8954236c0e7c9cb9abab,True,False,,,,,,,,,,,,,NEEDS_REVIEW,2,False,,0,0,,behavioral,0,LIKELY_TP_RECIDIVIST
0x866f3d8cdf3bb7344ed8748577f67299ebd5c909,base,Behavioral confirmation: bot 0x1347d7bd6c57923837a157d8d9f9141e23888888 trapped in tx 02c84064e3c34b241c8e81e5d4f5efe748,deployer_history,0x66f044518cf67ecf648b6ea59ee9d840989dcbee,True,False,,,,,,,,,,,,,NEEDS_REVIEW,0,False,,0,0,,behavioral,0,NEEDS_REVIEW
0x4b5b47903901f4b666553d905952a1880e0d0efa,base,Behavioral confirmation: bot 0xed2282a86abe1726f67f0d2dce4300d8562766ba trapped in tx 5c2ce079e60663f4e385542a3fdc3e5d06,bytecode_pattern,0x5430757ee25f25d11987b206c1789d394a779200,True,True,ClawdRain,,,,,,,,,,,,NEEDS_REVIEW,2,False,,0,0,,behavioral,0,LIKELY_TP_RECIDIVIST
0x2b8e909de6fb81d860c635999ac7f2f3a73b8fb0,arbitrum,Behavioral confirmation: bot 0x11888716817f5bc4791e904ceaaf1c8a1e3d7afc trapped in tx 4a0740b0ff3239f09d3b4310d265a17579,bytecode_pattern,0xc129f543f1e166aa26ab86f5e5d25d56ef915ffd,True,True,DmtpStakingHook,,,,,,,,,,,,NEEDS_REVIEW,2,False,,0,0,,behavioral,0,LIKELY_TP_RECIDIVIST
0x18f89114a9d161e194e8046dd2f99131124730bb,base,Self-loop: deployer 0x48d689490809f1a6967f5e58bbd26150f180b93c called own contract in reverted tx at block 45468740 (BOT,bytecode_pattern,0x48d689490809f1a6967f5e58bbd26150f180b93c,True,False,,,,,,,,,,,,,NEEDS_REVIEW,1,False,,0,0,,self_loop,0,NEEDS_REVIEW
0x4507abb4eceb56969f2478d332286473181303dd,base,Behavioral confirmation: bot 0x675a38b2a29376e1db300bba72f2fd5e2fd56dd6 trapped in tx d317d06233fd216a3a269f4dfb950470b8,bytecode_pattern,0xf8dd90bb9961c5581f7498fd264fbff44423faed,True,False,,,,,,,,,,,,,NEEDS_REVIEW,3,False,,0,0,,behavioral,0,LIKELY_TP_RECIDIVIST
0x0bf53638b1674743190ff7c4c70558f0f347d910,base,Behavioral confirmation: bot 0xd562820feb2bcea2aa06e53d758b33fd28f454e6 trapped in tx 170b3581a571c61ae18feb886221840a78,deployer_history,0x31e54d1ccc43772bd04981b8cc07e8ae6f0af327,True,False,"MI - May 10, 2024",,,,"MI - May 10, 2024",MIMAY1,ERC-721,0,,,,,NEEDS_REVIEW,0,False,,0,0,,behavioral,0,NEEDS_REVIEW
0xcda30eef3d56a96c8b010ed7d21ddf2f34f42d54,base,Behavioral confirmation: bot 0x675a38b2a29376e1db300bba72f2fd5e2fd56dd6 trapped in tx 11fe2cce54434c84ea2514a39f33bd458e,deployer_history,0x4f7636a37590ac1c5caef8b653319fb0491e9f1e,True,True,BASE6,,,,,,,,,,,,NEEDS_REVIEW,0,False,,0,0,,behavioral,0,NEEDS_REVIEW
0x29453c03fff08738e70238cebb0aec0e79e3734b,base,Behavioral confirmation: bot 0x03841e887cbc599d0b09da81980fa606ab08af7b trapped in tx 815d228ee2a5e45b8aa80949377167f19f,bytecode_pattern,0x12df64fac8093933b9993b52c705e1f62cd73cca,True,True,NestMarketplace,,,,,,,,,,,,NEEDS_REVIEW,6,False,,0,0,,behavioral,0,LIKELY_TP_RECIDIVIST
0xa327f4e4cebdc9940570a86aa9b0c8883a673433,base,Behavioral confirmation: bot 0xd43fe73d4d754e78dda0a5e6b2d365297456cd79 trapped in tx 6a62f56e113d28bf0c0d869fb242e35ec4,bytecode_pattern,0xbcd695fc0fbd6d3754171ceaf82155236eff88f6,True,True,BULLBASE,,,,BULLBASE,BULLBASE,ERC-20,0,,,,,NEEDS_REVIEW,0,False,,33,2,16.50,behavioral,0,STILL_NEEDS_REVIEW
0x2fddb4eeb8c2fb8a2213b5e888c98fc8209f89e0,base,Behavioral confirmation: bot 0xae81c12f03bb004eb5f96f4fbd464e48c358c070 trapped in tx df1f869ba6f90ec280e641034c99121cfa,bytecode_pattern,0x53305588b21e185cacb6f4c5692e676c9efb470b,True,True,DeaderalReserveProtocol,,,,,,,,,,,,NEEDS_REVIEW,0,False,,0,0,,behavioral,0,NEEDS_REVIEW
0xbb84d344039dca60f4c619667923883be48266e4,base,Behavioral confirmation: bot 0x9bf1360116fc632cc6f22371fb53e2a2dfda0e77 trapped in tx 1a6c7b5a9d01904d16f40d581f8888e0b2,deployer_history,0x5a49cc79501ca1c46457270a145fb333fe589c9a,True,True,WinStake,,,,,,,,,,,,NEEDS_REVIEW,3,False,,0,0,,behavioral,0,LIKELY_TP_RECIDIVIST
0x2a073c9e497bec9f9e5b16725149d2e6a2b7f656,base,Behavioral confirmation: bot 0x675a38b2a29376e1db300bba72f2fd5e2fd56dd6 trapped in tx 74a2b3061d8e71412dfb65047d2ca6a624,bytecode_pattern,0x48d689490809f1a6967f5e58bbd26150f180b93c,True,False,,,,,,,,,,,,,NEEDS_REVIEW,1,False,,0,0,,behavioral,0,NEEDS_REVIEW
0x256e3a59ab1d1b9a2384106b255b33099ec974d3,base,Self-loop: deployer 0x6c7c74fd97ad97929447ade7857b56a6ea23148e called own contract in reverted tx at block 46136055 (BOT,bytecode_pattern,0x6c7c74fd97ad97929447ade7857b56a6ea23148e,True,False,,,,,,,,,,,,,NEEDS_REVIEW,0,False,,0,0,,self_loop,0,LIKELY_FP_WEAK
0x5c0221cc849bf7894381e85ea34f5c5dc1e44c92,base,Behavioral confirmation: bot 0x6fbd620bc2641238bad794f9402a88200d18dca5 trapped in tx eb13637ca8c23b240d9b6df6ad1d58000d,deployer_history,0x95effb46bd4c3c84afa3dbaeed5adc275c4e9076,True,False,,,,,,,,,,,,,NEEDS_REVIEW,3,False,,0,0,,behavioral,0,LIKELY_TP_RECIDIVIST
0xf1ed41ad769454bcd457cf84f37fb25d2ec58ef4,arbitrum,Behavioral confirmation: bot 0x11888716817f5bc4791e904ceaaf1c8a1e3d7afc trapped in tx b17eb866ea6e02889196efe16b807a5ab9,deployer_history,0xc129f543f1e166aa26ab86f5e5d25d56ef915ffd,True,True,defimarketplus HIGHER-USD,,,,defimarketplus HIGHER-USD,hmUSD,ERC-20,2,,,,,NEEDS_REVIEW,2,False,,0,0,,behavioral,0,STILL_NEEDS_REVIEW
0xaa75becc8c2c4f68f7ee34c1f933f3d27b80b090,base,Behavioral confirmation: bot 0x6fbd620bc2641238bad794f9402a88200d18dca5 trapped in tx 6d9ace072fa09bddcfa55442ff8affb8f1,bytecode_pattern,0x0f58a320f46899f60342f995d683ab1fcc696ceb,True,True,BloomMining,,,,,,,,,,,,NEEDS_REVIEW,0,True,-/-/fee,0,0,,behavioral,0,NEEDS_REVIEW
0x15471983173f26478d6e4443eae01db8ff78fbad,base,Behavioral confirmation: bot 0xaa01b6073fd8a3e60261b5aab9c26f29434ccb6a trapped in tx 926f879be8cbc4884d51e814796bff65c5,deployer_history,0x3c6b221f35aeb42fdcc8e86ae1d36ac9fef3d068,True,False,,,,,,,,,,,,,NEEDS_REVIEW,2,False,,0,0,,behavioral,0,LIKELY_TP_RECIDIVIST
0x58623f7d6ec0ccf22d8a62dbceece7851fdea6d7,base,Behavioral confirmation: bot 0xc0ffee055fee1b6617322406b897c0f8a8f1dffa trapped in tx d48cbde0b439c2c71b3ec07ee126e85f27,deployer_history,0x604be06b9f6b6663f78e755db0c5965eb2337e3d,True,False,,,,,,,,,,,,,NEEDS_REVIEW,194,False,,0,0,,behavioral,0,LIKELY_TP_RECIDIVIST
0x8961b23fd519796cc760f6a399a6f0dc335bb566,base,Behavioral confirmation: bot 0x1c19621083a3a45b33514a96690e9f54a8fd32f9 trapped in tx cfae7edf4f477e439f1b1a488593309e90,deployer_history,0x3c6b221f35aeb42fdcc8e86ae1d36ac9fef3d068,True,True,GenesisPartnerManager,,,,,,,,,,,,NEEDS_REVIEW,2,False,,0,0,,behavioral,0,LIKELY_TP_RECIDIVIST
0x3b03d84fd20046e979223e04cc46c503ea5022dc,base,Behavioral confirmation: bot 0xc0ffeefc06e7d4abc67b8fdba7ef9100b0c85f5b trapped in tx 884087804e3ebb16af7941bfec4492ca9b,deployer_history,0x604be06b9f6b6663f78e755db0c5965eb2337e3d,True,False,,,,,,,,,,,,,NEEDS_REVIEW,194,False,,0,0,,behavioral,0,LIKELY_TP_RECIDIVIST
0x29e3dc1e62d28ac49b99f01ca41fa33d7172b33f,base,Behavioral confirmation: bot 0xc0ffee00010d3d8b59319624a982f6703eaa33ad trapped in tx 8a2b7047ffe3cdb1466ed00b53d0f90921,deployer_history,0x604be06b9f6b6663f78e755db0c5965eb2337e3d,True,False,,,,,,,,,,,,,NEEDS_REVIEW,194,False,,0,0,,behavioral,0,LIKELY_TP_RECIDIVIST
0x61d85ec1770eed7af032565c41c4f8aaba2df379,base,Behavioral confirmation: bot 0xc0ffee73cd222c29709a211010ad76d8b3ca55b4 trapped in tx de48af1b3d22bd1798bcde458d9333f93a,deployer_history,0xc0ffeefeed8b9d271445cf5d1d24d74d2ca4235e,True,False,,,,,,,,,,,,,NEEDS_REVIEW,203,False,,0,0,,behavioral,0,LIKELY_TP_RECIDIVIST
0x312673452c8475eb29bf4b4c3b96c73ecced862b,base,Behavioral confirmation: bot 0xc0ffee3bfeb154dcbdd42e7a935a8f6c1d4c570f trapped in tx 7afb86e3e520cb7f80690a26440115fa39,deployer_history,0x604be06b9f6b6663f78e755db0c5965eb2337e3d,True,False,,,,,,,,,,,,,NEEDS_REVIEW,194,False,,0,0,,behavioral,0,LIKELY_TP_RECIDIVIST
0xbd24145506aedd302e0207dfba0814f62ff7795c,base,Behavioral confirmation: bot 0xb75b63e27a53471f293f29bff35b9cc43057bb51 trapped in tx 703cb56fff2c7a2a28bb6cd0307b1adde4,bytecode_pattern,0x12df64fac8093933b9993b52c705e1f62cd73cca,True,True,NestMarketplace,,,,,,,,,,,,NEEDS_REVIEW,6,False,,0,0,,behavioral,0,LIKELY_TP_RECIDIVIST
0x5468efa3fc36aeef78a53bb845a3d0dc38b7fc77,base,Behavioral confirmation: bot 0x2eb2478559a8c62a32323b14b4f9318223729b66 trapped in tx 4da64e6f21d4b9d5594c53e55b4e62b10a,deployer_history,0x81f7ca6af86d1ca6335e44a2c28bc88807491415,True,True,MerkleDistributor,,,,,,,,,,,,NEEDS_REVIEW,25,False,,0,0,,behavioral,0,LIKELY_TP_RECIDIVIST
0x05d485af9cec7c969f61a3fa146774c890d3ed3a,arbitrum,Behavioral confirmation: bot 0x6f13bedd3255a01e677a5fbbaceb77e5dfa8971e trapped in tx 1d27605b6d5f2bf5b0a7cd31530e94e48b,bytecode_pattern,0xb5a92fffc497aa557baa298c2648999a02ce4166,True,False,,,,,,,,,,,,,NEEDS_REVIEW,0,True,-/-/fee,0,0,,behavioral,0,NEEDS_REVIEW
0xbf7cd21157dbba9704562179cdca365cc651db9e,base,Behavioral confirmation: bot 0x6fbd620bc2641238bad794f9402a88200d18dca5 trapped in tx 590ab8100ae5f4bc403969ed5606b8e826,bytecode_pattern,0x5760c8188a664dae3acc1047239c97052c694550,True,False,,,,,,,,,,,,,NEEDS_REVIEW,0,True,-/-/-,0,0,,behavioral,0,NEEDS_REVIEW
0xf01f83497e7317896aaa9968100b52f37a2495f7,base,Self-loop: deployer 0x19cbeb465cb8b3b988e4fa256a71155c3f5970f5 called own contract in reverted tx at block 45516458 (BOT,deployer_history,0x19cbeb465cb8b3b988e4fa256a71155c3f5970f5,True,False,,,,,,,,,,,,,NEEDS_REVIEW,11,False,,0,0,,self_loop,0,LIKELY_TP_RECIDIVIST
0x87a50b2e97364155af0e664b03c43aadfb2b560a,base,Behavioral confirmation: bot 0xe7ecafcf3f20282fec98d703184f141b4e54bb8f trapped in tx 70e4d3b6f75ea8b14cbcf98e66a11ba81a,deployer_history,0x81f7ca6af86d1ca6335e44a2c28bc88807491415,True,True,MerkleDistributor,,,,,,,,,,,,NEEDS_REVIEW,25,False,,0,0,,behavioral,0,LIKELY_TP_RECIDIVIST
0xfebec4c8c463dcb5ffda073511d0cbcb207fa614,base,Behavioral confirmation: bot 0x5832b25d36a32c81c93fc1cccccef476a487b6f5 trapped in tx 5f39037994df0801c9952486c5984ba49d,deployer_history,0x529c9ec99b8c7478886f8954236c0e7c9cb9abab,True,False,,,,,,,,,,,,,NEEDS_REVIEW,2,False,,0,0,,behavioral,0,LIKELY_TP_RECIDIVIST
0x6a4f1ca0482d2c90f486d2f32cb5317504eef210,base,Behavioral confirmation: bot 0xccc0c1b584fc5d9ec3969545dbbbab52db6ec687 trapped in tx 5203464387debd7c64171239a0760e5c7e,bytecode_pattern,0xcaccd906389c10a78a6d582c2c39f354c9baf3f9,True,False,,,,,,,,,,,,,NEEDS_REVIEW,1,False,,0,0,,behavioral,0,NEEDS_REVIEW
0x39fda29520d1e25388cd9af72578453d4a396589,base,Behavioral confirmation: bot 0x9c5626bc79bf888fda4df0c9289701682b498bb0 trapped in tx 252954260e8d4b325ba7e245b8d1fb0384,bytecode_pattern,0xf996a469417fdb2ec8cb55495a8ec7393482ea93,True,False,Billions Network,,,,Billions Network,BILL,ERC-20,72109,,,,,LIKELY_FP,,,,,,,,,ALREADY_MIGRATED
0xd3260f77cd0e38a3a4e55b6666c28257714c7101,base,Behavioral confirmation: bot 0x1d7d4da72a32b0ab37b92c773c15412381c7203a trapped in tx 5bfd5184e9aa18138d7dfab0d4aa1b1a5e,bytecode_pattern,0x9eb566cc59e3e9d42209dd2d832740a6a74f5f23,True,False,,,,,,,,,,,,,NEEDS_REVIEW,0,False,,0,0,,behavioral,0,NEEDS_REVIEW
0xbf5db1bf2cdf8a70a0b73988e856bd90181003af,base,Behavioral confirmation: bot 0x829bb1ad5bbe9e92570c739d0e19b2a1c905cf0b trapped in tx 772a619e06f9ad232e2f854f52e20b64a1,bytecode_pattern,0xcaccd906389c10a78a6d582c2c39f354c9baf3f9,True,False,,,,,,,,,,,,,NEEDS_REVIEW,1,False,,0,0,,behavioral,0,NEEDS_REVIEW
0x1f6451bd914d2b5170ad4d8d2075defaf3b3f10d,base,Self-loop: deployer 0xbc85088c3f7f0c2d4462b1b0ce9b7663ac62034f called own contract in reverted tx at block 45528629 (BOT,bytecode_pattern,0xbc85088c3f7f0c2d4462b1b0ce9b7663ac62034f,True,False,,,,,,,,,,,,,NEEDS_REVIEW,1,False,,0,0,,self_loop,0,NEEDS_REVIEW
0xaf89dc67d2111dd2fe8d3a838a4aa9d98ff467be,base,Behavioral confirmation: bot 0xc0ffee25a41fce18913fa48e6a2040a922918087 trapped in tx 6fb257ba87390005b73b16e9b2677569ad,deployer_history,0xc0ffeefeed8b9d271445cf5d1d24d74d2ca4235e,True,False,,,,,,,,,,,,,NEEDS_REVIEW,203,False,,0,0,,behavioral,0,LIKELY_TP_RECIDIVIST
0x9ee25e198e98ed64c0c30ed72b5492e20872ede7,base,Behavioral confirmation: bot 0xc0ffee6d1350e41d96e0e590acd7e11db474a59f trapped in tx 70428cb94fd0672201eb5fb79fa62f4493,deployer_history,0xc0ffeefeed8b9d271445cf5d1d24d74d2ca4235e,True,False,,,,,,,,,,,,,NEEDS_REVIEW,203,False,,0,0,,behavioral,0,LIKELY_TP_RECIDIVIST
0xbe910add90684e09d5a2254e052c27440cafa369,base,Behavioral confirmation: bot 0xc0ffeed427cbb2d1212fa92ff2cad061ecc1f3b0 trapped in tx 79caa725dcf65bf2f3652ef3c26383b737,deployer_history,0xc0ffeefeed8b9d271445cf5d1d24d74d2ca4235e,True,False,,,,,,,,,,,,,NEEDS_REVIEW,203,False,,0,0,,behavioral,0,LIKELY_TP_RECIDIVIST
0x3bcf0c5dbbb555b39ab41f67ab43064959e00eb6,base,Behavioral confirmation: bot 0xc0ffee73cd222c29709a211010ad76d8b3ca55b4 trapped in tx 7b0d1aaf5d480a84652dfa8f7de2830b8d,deployer_history,0xc0ffeefeed8b9d271445cf5d1d24d74d2ca4235e,True,False,,,,,,,,,,,,,NEEDS_REVIEW,203,False,,0,0,,behavioral,0,LIKELY_TP_RECIDIVIST
0x57efb5f9fe2d447624b499577d48c1ca2c7a6c04,base,Behavioral confirmation: bot 0xc0ffeeda864a856efcdd76833a4ce6b9152f271c trapped in tx 8500e811d18104e04ea53eb26d227fd7a0,deployer_history,0xc0ffeefeed8b9d271445cf5d1d24d74d2ca4235e,True,False,,,,,,,,,,,,,NEEDS_REVIEW,203,False,,0,0,,behavioral,0,LIKELY_TP_RECIDIVIST
0x0f9967ae66f3ec78010bc18caf7853cb14ec86af,base,Self-loop: deployer 0x02b9a078cb1f87a779eadef9d5a68a47dc44472c called own contract in reverted tx at block 45506395 (BOT,bytecode_pattern,0x02b9a078cb1f87a779eadef9d5a68a47dc44472c,True,True,MorphoExecutor,,,,,,,,,,,,NEEDS_REVIEW,0,False,,0,0,,self_loop,0,LIKELY_FP_WEAK
0x53691431d9d9e66fc30530b54ddc7ecb0035f4da,base,Behavioral confirmation: bot 0xc0ffee6d1350e41d96e0e590acd7e11db474a59f trapped in tx a94f4e884d8a9680e384beac608497fd06,deployer_history,0xc0ffeefeed8b9d271445cf5d1d24d74d2ca4235e,True,False,,,,,,,,,,,,,NEEDS_REVIEW,203,False,,0,0,,behavioral,0,LIKELY_TP_RECIDIVIST
0xe6cc6b1761675093c62dcde5a6017137305200fb,base,Behavioral confirmation: bot 0xc0ffee6d1350e41d96e0e590acd7e11db474a59f trapped in tx 06c1332fd1038cc490533a1353b72e416f,deployer_history,0x604be06b9f6b6663f78e755db0c5965eb2337e3d,True,False,,,,,,,,,,,,,NEEDS_REVIEW,194,False,,0,0,,behavioral,0,LIKELY_TP_RECIDIVIST
0xbbc97bd4d21c4d82ab66f93e22b70819442dd3ac,arbitrum,Behavioral confirmation: bot 0x93486e372e35f5b4a8ccca12826bbeb6de4fb602 trapped in tx 0157e889f20237cfa68de0468f8408966b,bytecode_pattern,0x685e0423add1d6fc31376eb2ab3ad188a3508f3d,True,False,Bagel Network,,,,Bagel Network,BGLNW,ERC-20,2235,,,,,LIKELY_FP,,,,,,,,,ALREADY_MIGRATED
0x24b418fb6563c35d0d739f9a2ba102fa8783fa2e,base,Behavioral confirmation: bot 0x317502a767017ed1e81cceba36a3c3b6ab541adb trapped in tx f4cff67bf7d3fa2de8d2d8afc016df53a3,bytecode_pattern,0x72747b3100031e3f8b88a83f6eb52c506d8a84af,True,False,NAP,,,,NAP,NAP,ERC-20,57,,,,,NEEDS_REVIEW,0,False,,150,12,12.50,behavioral,0,NEEDS_REVIEW
0x60bf264e3abc6595c92d46592ef3281eb42e8b57,base,Behavioral confirmation: bot 0xc0ffee17d520056942531cb6d4d6251ff8163bb1 trapped in tx c310da7a9873552846084d05a48da64b2d,deployer_history,0xc0ffeefeed8b9d271445cf5d1d24d74d2ca4235e,True,False,,,,,,,,,,,,,NEEDS_REVIEW,203,False,,0,0,,behavioral,0,LIKELY_TP_RECIDIVIST
0x4112ef9ac9bee240cc5e807d70dfd51b6dbb155f,base,Behavioral confirmation: bot 0xc0ffeea556179ce7a8d01211f4288a8b25f7cf49 trapped in tx a098379f66af1d060bd3c13afba16292e0,deployer_history,0x604be06b9f6b6663f78e755db0c5965eb2337e3d,True,False,,,,,,,,,,,,,NEEDS_REVIEW,194,False,,0,0,,behavioral,0,LIKELY_TP_RECIDIVIST
0xabc0debbf65dd22410fb74cf059b0c24abfcd145,base,Behavioral confirmation: bot 0xc0ffee6d1350e41d96e0e590acd7e11db474a59f trapped in tx e0895fcdee36229563f25a55aa3f3e2e92,deployer_history,0x604be06b9f6b6663f78e755db0c5965eb2337e3d,True,False,,,,,,,,,,,,,NEEDS_REVIEW,194,False,,0,0,,behavioral,0,LIKELY_TP_RECIDIVIST
0xef81e8b9e576784eb5a5d334920fcc68bacc410f,base,Behavioral confirmation: bot 0xc0ffee077edd3997c2a65ef68c71a5bc6400051a trapped in tx e6ad9e1bda9715b1b1e60fed92cbff9ff6,deployer_history,0x604be06b9f6b6663f78e755db0c5965eb2337e3d,True,False,,,,,,,,,,,,,NEEDS_REVIEW,194,False,,0,0,,behavioral,0,LIKELY_TP_RECIDIVIST
0x9036cb7445d961b8c42a0dd36525e729eed8b5e0,base,Behavioral confirmation: bot 0xe4e628ac8572a958d02ec2ed5b12648b1d6999ed trapped in tx 1da5a4e3422641419946f545bc12e2a80c,bytecode_pattern,0xe9cc759c263d6d784df530ffaacf5ba88222ca4b,True,False,,,,,,,,,,,,,NEEDS_REVIEW,0,False,,0,0,,behavioral,0,NEEDS_REVIEW
0xf27831e9b2c78df186c431489a67966cab8ec493,base,Behavioral confirmation: bot 0x356fd6258e250d4db26e7e6170a0a8be57e97434 trapped in tx f5b3c23aff94634d1f626646fb6020874f,deployer_history,0x81f7ca6af86d1ca6335e44a2c28bc88807491415,True,True,MerkleDistributor,,,,,,,,,,,,NEEDS_REVIEW,25,False,,0,0,,behavioral,0,LIKELY_TP_RECIDIVIST
0x281f77f8de0dc78eb381d1d22467ab79f99f872b,base,Behavioral confirmation: bot 0xc0ffee1864731c3c33a1967fc8e0fbf454a6a006 trapped in tx ff15417670d8e641e09ecfcaba2f274ca8,deployer_history,0x604be06b9f6b6663f78e755db0c5965eb2337e3d,True,False,,,,,,,,,,,,,NEEDS_REVIEW,194,False,,0,0,,behavioral,0,LIKELY_TP_RECIDIVIST
0x68b6b1c5321513963a93c0027a6f1146572d318d,base,Behavioral confirmation: bot 0xc0ffeefd0a8796e967233f5d673853647cf8ca14 trapped in tx d8cfc9371d472d63ef2b9b05645dea5440,deployer_history,0x604be06b9f6b6663f78e755db0c5965eb2337e3d,True,False,,,,,,,,,,,,,NEEDS_REVIEW,194,False,,0,0,,behavioral,0,LIKELY_TP_RECIDIVIST
0xd8319c87943c3dc3226d16b188173062c9f0a1f8,base,Behavioral confirmation: bot 0x02f0f958018d24b8e3ed84978a3c43878f4eea14 trapped in tx 8f606502a81c0e869f7e62f1a6268839d9,deployer_history,0xb9512eb9da2bafcf49ffdd9f0d2661d971812091,True,False,,,,,,,,,,,,,NEEDS_REVIEW,0,False,,0,0,,behavioral,0,NEEDS_REVIEW
0xfe9b8ad7226eee63f431ded33165fbd9a4dd5687,base,Behavioral confirmation: bot 0xc0ffeeb180b16d93f8e9713ac7a5d29f43338643 trapped in tx 8edfbc109cdd8b0ebc5e714d857f33c66d,deployer_history,0x604be06b9f6b6663f78e755db0c5965eb2337e3d,True,False,,,,,,,,,,,,,NEEDS_REVIEW,194,False,,0,0,,behavioral,0,LIKELY_TP_RECIDIVIST
0x42df65852e4556dc25bd3f934f69e5fb42dee13e,optimism,Behavioral confirmation: bot 0xd608b433756c510afe98b5d13f8505caae6e1f38 trapped in tx 5ae8edb6c5eb72954522b722a4f5a29875,deployer_history,0x08b8b9410cba313728d98488a84b90c89fd01a17,True,False,,,,,,,,,,,,,NEEDS_REVIEW,12,False,,0,0,,behavioral,0,LIKELY_TP_RECIDIVIST
0x7932abdebfd58d0035a77c8e16a5f7645dcffac5,base,Behavioral confirmation: bot 0xc0ffee648f2b70238b827cdd9c3f2c91170ee3b1 trapped in tx 3cab2e3f480e21a360d24e1974f741bb60,deployer_history,0xc0ffeefeed8b9d271445cf5d1d24d74d2ca4235e,True,False,,,,,,,,,,,,,NEEDS_REVIEW,203,False,,0,0,,behavioral,0,LIKELY_TP_RECIDIVIST
0xbcba1b30c0831d9010921ba6958e0c6a6a8b4331,base,Behavioral confirmation: bot 0xc0ffee1d2edbe6dad64af3d05c0421cbecdcb83a trapped in tx 45cff71190b9a423c252706688e7824437,deployer_history,0xc0ffeefeed8b9d271445cf5d1d24d74d2ca4235e,True,False,,,,,,,,,,,,,NEEDS_REVIEW,203,False,,0,0,,behavioral,0,LIKELY_TP_RECIDIVIST
0xbff5fe7c1565d61aa57ca19192ec4af81a4ab8ee,arbitrum,Behavioral confirmation: bot 0x4bdb8234ad81f26985d257f36a2d2d8c30365546 trapped in tx 86e2508581d7e24b1675e106e1000504c3,deployer_history,0x0f922eea78cf9831895c1fd95592be66f5df13f7,True,False,,,,,,,,,,,,,NEEDS_REVIEW,0,False,,0,0,,behavioral,0,NEEDS_REVIEW
0x201f8f8bc4d5b0d13ea0f61bdaea17517a96c6d8,base,Behavioral confirmation: bot 0x21dc7f245beebd631e693ffa02214a21cb71fc34 trapped in tx 732e0c9b73945c2a95e1921a8b2854a6ad,bytecode_pattern,0x202c8b326ca75bf737fd709b524a1333681f0480,True,False,TerraBase Agent,,,,TerraBase Agent,TERA,ERC-721,2,,,,,NEEDS_REVIEW,5,False,,0,0,,behavioral,0,LIKELY_TP_RECIDIVIST
0xf68425d0d451699d0d766150634e436acd2f05a1,base,Behavioral confirmation: bot 0x940d48b409b1088ef4b9bf07dcff7d43002972a9 trapped in tx ec890504d153058a399a4e3eb5ed9a6026,deployer_history,0x7ac6e9042fb5148b3f5daf9badfb8cf33ef66f43,True,False,Ardinal,,,,Ardinal,ARDI,ERC-721,142,,,,,LIKELY_FP,,,,,,,,,ALREADY_MIGRATED
0x180d7271f1e3eb8dbf635e24a1b79e9718611a65,base,Behavioral confirmation: bot 0xedcb5020dc4ef67a27e79fd051e383945ad6bb22 trapped in tx 242f6409b9ebbbcb98ec4b949b8c8fad69,deployer_history,0x7ac6e9042fb5148b3f5daf9badfb8cf33ef66f43,True,False,,,,,,,,,,,,,NEEDS_REVIEW,9,False,,0,0,,behavioral,0,LIKELY_TP_RECIDIVIST
0xa57d8e6646e063ffd6eae579d4f327b689da5dc3,base,Behavioral confirmation: bot 0x42ec70c8112ba28a5d7f9fd8f56b54ce39a64d8c trapped in tx 3ed83fbdece5f8f61c4ee46f130524b26b,deployer_history,0x7ac6e9042fb5148b3f5daf9badfb8cf33ef66f43,True,False,,,,,,,,,,,,,NEEDS_REVIEW,9,False,,0,0,,behavioral,0,LIKELY_TP_RECIDIVIST
0x07ff8bce905cb285220e4d96d8443cfcf141af8b,base,Behavioral confirmation: bot 0xd174df968ccb78c4ab3e117afb65610a06dc7793 trapped in tx 0070fae597cc39e402e52f341fc87e9e42,deployer_history,0xc129f543f1e166aa26ab86f5e5d25d56ef915ffd,True,True,ProjectTreasury,,,,,,,,,,,,NEEDS_REVIEW,2,False,,0,0,,behavioral,0,LIKELY_TP_RECIDIVIST
0x4622e578ca79864dd475cc241e623e2ba556fb1b,base,Behavioral confirmation: bot 0xaa01b6073fd8a3e60261b5aab9c26f29434ccb6a trapped in tx b3cd14d07c85aa04bbc41bb5195b8a022f,deployer_history,0x17d518736ee9341dcdc0a2498e013d33cfcdd080,True,False,,,,,,,,,,,,,NEEDS_REVIEW,0,False,,0,0,,behavioral,0,NEEDS_REVIEW
0x0a3bacb3649389522abf771586826773adeedf25,base,Behavioral confirmation: bot 0xb5533796530c1d8e4bc1d540152af9306ebefb66 trapped in tx 5b45d8810c5602fdfccca4c55bb9ad9879,deployer_history,0x81f7ca6af86d1ca6335e44a2c28bc88807491415,True,True,MerkleDistributor,,,,,,,,,,,,NEEDS_REVIEW,25,False,,0,0,,behavioral,0,LIKELY_TP_RECIDIVIST
0xb18aebbfa2a22cfd8b11ccd92ff640ff6a535001,base,Behavioral confirmation: bot 0xb8a93e644690666dc51acff76e8c19efeb64d0c4 trapped in tx e5a8a2e197adf6b5ce56d203bbe2ed8063,bytecode_pattern,0x11315cce8f009e4cb4234ffeaf2e860b84e5b0f6,True,True,M3P,,,,M3P,M3P,ERC-20,884,,,,,LIKELY_FP,,,,,,,,,ALREADY_MIGRATED
0x0e2699213f9edef691bc5bdfb68b06b14c032a4a,base,Behavioral confirmation: bot 0x36f746e21271f6e8cc97f41ed8957ac97a861ae0 trapped in tx 53226f72ce8cdd91c2a790a46126daedf2,bytecode_pattern,0x5eb7a6583f6386d040f83429a9d46138cb9e8ea3,True,False,,,,,,,,,,,,,NEEDS_REVIEW,17,False,,0,0,,behavioral,0,LIKELY_TP_RECIDIVIST
0x2dc003b01b52da12ed1264f745853ecb08e2720b,base,Behavioral confirmation: bot 0x36f746e21271f6e8cc97f41ed8957ac97a861ae0 trapped in tx 73317d08864114d6aeb7a0812ca047411d,bytecode_pattern,0x5eb7a6583f6386d040f83429a9d46138cb9e8ea3,True,False,,,,,,,,,,,,,NEEDS_REVIEW,17,False,,0,0,,behavioral,0,LIKELY_TP_RECIDIVIST
0xc8cfdb233db7114efbae5a758762b41cb4094aca,base,Behavioral confirmation: bot 0xc97551e42657cd199e7b91c692a5ef9c3243c000 trapped in tx 073a3aabe79c011cb5b26a06d3ccb6ab67,deployer_history,0x666521000c595a632fb3e99f392b12e937b77586,True,False,,,,,,,,,,,,,NEEDS_REVIEW,11,False,,0,0,,behavioral,0,LIKELY_TP_RECIDIVIST
0x20f6ee51340adeed01a59b0e65cb3703f3dc860c,arbitrum,Behavioral confirmation: bot 0xcd6b980029e6e6e0733ac8ec3e02be9410d09799 trapped in tx 1bc9d1e34eae5cc6d63e375b00d7b791e7,bytecode_pattern,0x9f2efccb4041236c7b683521de9459958977f694,True,True,DexAggregator,,,,,,,,,,,,NEEDS_REVIEW,0,False,,0,0,,behavioral,0,NEEDS_REVIEW
0x578ae59b358ecd52747404c5169574e049906609,arbitrum,Self-loop: deployer 0xe90a8bea2476641157ee4045b55f6e7890f96f24 called own contract in reverted tx at block 459063992 (BO,deployer_history,0xe90a8bea2476641157ee4045b55f6e7890f96f24,True,False,,,,,,,,,,,,,NEEDS_REVIEW,0,False,,0,0,,self_loop,0,LIKELY_FP_WEAK
0xdc2357e6f9b915b4ae0c19ec0be818d914bf4410,base,Behavioral confirmation: bot 0x2c75198547a1198bd5d4bec44370490273ee8f44 trapped in tx e2fbb5657ac4075982db9ee325b3a86e7c,deployer_history,0x0ec9902a59b5a19132d2c4f82599868698ccec67,True,True,GenFortuneMarketplace,,,,,,,,,,,,NEEDS_REVIEW,0,False,,0,0,,behavioral,0,NEEDS_REVIEW
0xed4a2b66756fb3ab0f7a4fc9d442dccf3162b68f,base,Behavioral confirmation: bot 0x8dd2f5d9193e8671990b7c2714434e8c68c653fc trapped in tx 10a4433f3a8514703e6474ef53af45a2c0,deployer_history,0x7ac6e9042fb5148b3f5daf9badfb8cf33ef66f43,True,False,,,,,,,,,,,,,NEEDS_REVIEW,9,False,,0,0,,behavioral,0,LIKELY_TP_RECIDIVIST
0x028088649924c6c277d22f79aad8a258ff80e26a,base,Behavioral confirmation: bot 0xd4d065624f7d0f2b67f454903bc7ad24d65d1d0e trapped in tx 06388e654ccddafb28e14c26841d600360,bytecode_pattern,0xf0a6975d4a1da1a328b9426350d490c6141e5adb,True,True,StakingLocker,,,,,,,,,,,,NEEDS_REVIEW,0,True,asym/-/fee,0,0,,behavioral,0,NEEDS_REVIEW
0x23344ace13a3e5bf92cff73142fda58ddd33f3b0,base,Behavioral confirmation: bot 0x542b81d019ee68b5a9cbc0a90c832477e09ee3b9 trapped in tx 162cd051337e7b7eccdb2c1fe06e961546,bytecode_pattern,0x07f9dc153d792ddf26cc57b0d28a04b155cc2b5c,True,False,,,,,,,,,,,,,NEEDS_REVIEW,0,False,,0,0,,behavioral,0,NEEDS_REVIEW
0x1a817f4e0f6398613ecc3c329c80fa7789edac5c,base,Behavioral confirmation: bot 0x1fabcd716472b66816e885b1baf6b653784d8da1 trapped in tx 012e7cbafd7170f8e0c230d0e99933df0a,bytecode_pattern,0x2f066e6ff7e01d5a559f119488f8891384741f72,True,False,,,,,,,,,,,,,NEEDS_REVIEW,0,False,,0,0,,behavioral,0,NEEDS_REVIEW
0xf9a8eadfe12a90cb375eee524f03d66ecace5daa,optimism,Behavioral confirmation: bot 0xd8119b4b10c58a3ffa93ba77f6633344e282036e trapped in tx 422d5d286f897daa21cb7391dd5a8dcf64,deployer_history,0xb835af52422a14c917d4b37b36c9a73d24770261,True,False,,,,,,,,,,,,,NEEDS_REVIEW,0,False,,0,0,,behavioral,0,NEEDS_REVIEW
0xa7679e94cb1498d9e30d2a0dc3ace4bdbdbf9bb4,base,Behavioral confirmation: bot 0xd10064c8f1ef2125002149465ab16e0efd980587 trapped in tx 11f44097597503b87942f38d2a2eb7435a,deployer_history,0x82c010b63ef0a47c7419f2261e4c70c2d4bad5e7,True,True,TransparentUpgradeableProxy,,,,Super Gacha Dev,FBP-NFT-DEV,ERC-1155,1,,,,,NEEDS_REVIEW,0,False,,0,0,,behavioral,0,STILL_NEEDS_REVIEW
0xa7fd2ea476cf2fd70c9a9c2c80299acef18a4f95,base,Behavioral confirmation: bot 0x4f321ad6ddc21ebcf9ee7213d2b41895196b6a9b trapped in tx d4ccb1f7a7f32e324e508cb353831c7219,deployer_history,0x81f7ca6af86d1ca6335e44a2c28bc88807491415,True,True,MerkleDistributor,,,,,,,,,,,,NEEDS_REVIEW,25,False,,0,0,,behavioral,0,LIKELY_TP_RECIDIVIST
0x058ab566b337ff69863fc5fb232cbcf2e7dd416e,base,Behavioral confirmation: bot 0x3fbb78da872202ced3ddc14136cd432ee5af1074 trapped in tx caddbf04a314fc215df8749f709e99b3cc,bytecode_pattern,0x747d1381d719d803ed59b6312e8870cbb91e473f,True,False,,,,,,,,,,,,,NEEDS_REVIEW,0,False,,0,0,,behavioral,0,NEEDS_REVIEW
0x1a4be352cb7e175f027e968d644fde7cab087dbb,base,Behavioral confirmation: bot 0x2a23d0650db1c536e71aeb63ecd3daa0b52e66e1 trapped in tx 159c2dd0be90810552fb7059ab216b106b,deployer_history,0x81f7ca6af86d1ca6335e44a2c28bc88807491415,True,True,CumulativeMerkleDrop,,,,,,,,,,,,NEEDS_REVIEW,25,False,,0,0,,behavioral,0,LIKELY_TP_RECIDIVIST
0x729ec058691286496210c6846df8870c710a11dd,base,Behavioral confirmation: bot 0x9903b020279b38192bc5383e301fd257793240b7 trapped in tx 7caf52235f8c6f6f64e59b1db0210668d8,deployer_history,0x81f7ca6af86d1ca6335e44a2c28bc88807491415,True,True,CumulativeMerkleDrop,,,,,,,,,,,,NEEDS_REVIEW,25,False,,0,0,,behavioral,0,LIKELY_TP_RECIDIVIST
0xa304898af13b2a2f58a72425aa12a2b99accea81,base,Behavioral confirmation: bot 0xc5f39ab1120907588bba492a056440b3d7fce156 trapped in tx 41ce9b8ef817c52ec2c1b5cb4823895cc3,deployer_history,0x81f7ca6af86d1ca6335e44a2c28bc88807491415,True,True,CumulativeMerkleDrop,,,,,,,,,,,,NEEDS_REVIEW,25,False,,0,0,,behavioral,0,LIKELY_TP_RECIDIVIST
0xefd2bb08bfcd92bb390fcdf174cef95039ab5728,base,Behavioral confirmation: bot 0xcccfbbbe5034b1d8c071ad25d7cf7b748f550225 trapped in tx fb5a10ea2b347c43396908d4bce1497cc4,deployer_history,0x81f7ca6af86d1ca6335e44a2c28bc88807491415,True,True,CumulativeMerkleDrop,,,,,,,,,,,,NEEDS_REVIEW,25,False,,0,0,,behavioral,0,LIKELY_TP_RECIDIVIST
0xe51415bf70e975caba30ac47b0774a45bad1ecae,base,Behavioral confirmation: bot 0xc545c97f37fe5bbc9ebe3abd322b50da2d75a7d1 trapped in tx 11c26b5aefffa451d14e029edd08f120e1,bytecode_pattern,0xce367fdc133402b3024b0aa1a76c4563f5ecda02,True,False,,,,,,,,,,,,,NEEDS_REVIEW,2,False,,0,0,,behavioral,0,LIKELY_TP_RECIDIVIST
0x8cc87141e985698348222f6c836f1d04adfc9460,base,Behavioral confirmation: bot 0x3380266ca63ab28009c0d1dd5f221fc1e733bb9d trapped in tx 50588cf434b06ba4cbbfbca4b55ac24b87,deployer_history,0x95a02229aa8c02841b7ca51aaa3c74e172276e94,True,True,ERC1967Proxy,,,,,,,,,,,,NEEDS_REVIEW,3,False,,0,0,,behavioral,0,LIKELY_TP_RECIDIVIST
0x765f39e0959ccd8f849937135d607494f967f1a7,base,Behavioral confirmation: bot 0x3380266ca63ab28009c0d1dd5f221fc1e733bb9d trapped in tx c213a16f9b0eae2d79a3f81e053884ce2e,deployer_history,0x95a02229aa8c02841b7ca51aaa3c74e172276e94,True,True,ERC1967Proxy,,,,teststakingPOD,testxPOD,ERC-20,2,,,,,NEEDS_REVIEW,3,False,,2,1,2.00,behavioral,0,STILL_NEEDS_REVIEW
0x3cf987c9ad05e1f4a1d4f143c6fb6dfbe4105c2d,base,Behavioral confirmation: bot 0xd43fe73d4d754e78dda0a5e6b2d365297456cd79 trapped in tx 06084170119d0433bde13eee75efcb0b39,bytecode_pattern,0xcd3daa15136384578c4cdd43a1e19c6e77cf3a80,True,True,LYNAX,,,,LYNAX,LYNAX,ERC-20,67,,,,,LIKELY_FP,,,,,,,,,ALREADY_MIGRATED
0x8fe4b10b3988277c43493c016e8bf6c0a8b9db13,base,Behavioral confirmation: bot 0xd890974185f65cda87ed14add68b154c8950cadd trapped in tx 20a7ed7f685b1c2bfa81a72a3d4928eb63,bytecode_pattern,0x714ac7a4be50ae5bc6c6a055f8749e5db2b6fca6,True,False,Billions Network,,,,Billions Network,BILL,ERC-20,93110,,,,,LIKELY_FP,,,,,,,,,ALREADY_MIGRATED
0xf21dbea34ca178d424a6f2184b094f279de915ff,base,Behavioral confirmation: bot 0x9c5626bc79bf888fda4df0c9289701682b498bb0 trapped in tx dc902ae6f36ed548e4429815a70ec733f1,bytecode_pattern,0x0125f17eb82d901ca38dd3f27f5e47c0e1658ab2,True,False,ShitToken,,,,ShitToken,SHIT,ERC-20,90826,,,,,LIKELY_FP,,,,,,,,,ALREADY_MIGRATED
0x5d247f2c5732c9b3a43ceb4db8f20f8e9bcf6892,base,Behavioral confirmation: bot 0xd44e1706479c5288e681a8f3c2045a5028d1e92e trapped in tx df4ec680d984f753dde9640cb8ad4692a1,deployer_history,0x81f7ca6af86d1ca6335e44a2c28bc88807491415,True,True,CumulativeMerkleDrop,,,,,,,,,,,,NEEDS_REVIEW,25,False,,0,0,,behavioral,0,LIKELY_TP_RECIDIVIST
0x007519e524933c0befd913b843b1d81b41ac39e0,base,Behavioral confirmation: bot 0xa0896cd680cc62f0308e0e8839261d8d0ff8f9a3 trapped in tx ca5a448d65b5ca119159700c6298050716,deployer_history,0x81f7ca6af86d1ca6335e44a2c28bc88807491415,True,True,CumulativeMerkleDrop,,,,,,,,,,,,NEEDS_REVIEW,25,False,,0,0,,behavioral,0,LIKELY_TP_RECIDIVIST
0x208e0664114880b76471fec59fdd1bead62620d3,base,Behavioral confirmation: bot 0x7eefdecacffe2deb6a3752ad0623d9a17c3a9028 trapped in tx 86d0712486da912405a0fbb3d3609b2eb4,bytecode_pattern,0x2324e8a40de0fb62e923ce5aaaabf6d42cfdbab3,True,False,I AM OUT,,,,I AM OUT,IMOUT,ERC-20,89100,,,,,LIKELY_FP,,,,,,,,,ALREADY_MIGRATED
0x8c86e97d26fbf7c77b5756714856a060596663f5,arbitrum,Behavioral confirmation: bot 0x17d9412819846756fe2f0bbd41c80fe65f71883e trapped in tx 050e9dbc62c4abf3bd5babeaffaf0d994a,bytecode_pattern,0xa71d501c52ad0dc0bcc02006a8d8dd95c2a73597,True,False,,,,,,,,,,,,,NEEDS_REVIEW,0,False,,0,0,,behavioral,0,NEEDS_REVIEW
0x61a7e716971d11d9fcabd55dfed037a3a47be3ef,base,Behavioral confirmation: bot 0xe1259391d74042659553656846a5bdce34beb6f9 trapped in tx 3b515449f9b798f5c12f07b97e0ce0d85c,deployer_history,0xe2a4a8b9d77080c57799a94ba8edeb2dd6e0ac10,True,False,,,,,,,,,,,,,NEEDS_REVIEW,2,False,,0,0,,behavioral,0,LIKELY_TP_RECIDIVIST
0xae3366a91d4589caa3bdd4be9c64b6880d3492e5,base,Behavioral confirmation: bot 0x800db1fb3705d13aea951d63ad49a655da8f0514 trapped in tx 38794f6c6f6d1ff0893519b855427d236e,bytecode_pattern,0x2d0b944fafe40fe44c258ff67c1013d94723f6d3,True,False,,,,,,,,,,,,,NEEDS_REVIEW,2,False,,0,0,,behavioral,0,LIKELY_TP_RECIDIVIST
0x082a99e38f9308c122ebf4f0c984616a3382b2f2,base,Behavioral confirmation: bot 0x322250f7f1d8b823e8c71fde03daac5f8b66c268 trapped in tx 4ee4898a46766bdd88ee4752fc4cded14a,bytecode_pattern,0x3b9e5466713910489db4b30e5b7c26c4545bf62f,True,False,,,,,,,,,,,,,NEEDS_REVIEW,0,False,,0,0,,behavioral,0,NEEDS_REVIEW
0xb25b2078b048b37d22e9ec2c6693a0408a6e930f,base,Behavioral confirmation: bot 0x558de92d01ae77fe38335f5109001d3aeeac2b85 trapped in tx 6b93bc2c75a1884e93738e0b1e1154d887,deployer_history,0x353317ea2e0331be404ef897069053bc10b46611,True,False,RogueAIAgent,,,,RogueAIAgent,RAGENT,ERC-721,52,,,,,NEEDS_REVIEW,1,False,,0,0,,behavioral,0,NEEDS_REVIEW
0x63b7275f6e8e9d7fdf156f1a3deed621981d5fa4,base,Behavioral confirmation: bot 0x36f746e21271f6e8cc97f41ed8957ac97a861ae0 trapped in tx b0ed51b7c540911588ea2dad5b733f8f7d,bytecode_pattern,0x5eb7a6583f6386d040f83429a9d46138cb9e8ea3,True,False,,,,,,,,,,,,,NEEDS_REVIEW,17,False,,0,0,,behavioral,0,LIKELY_TP_RECIDIVIST
0xc220c09eb544f6438d9da296478f90bb8f37c602,arbitrum,Behavioral confirmation: bot 0x3f2cdae910cd13638e38b45881e7a4fc3a9fe320 trapped in tx 9af0fca29eef98d68c5c161e108e526846,deployer_history,0xe93d64f3fbc352131e79fc5578cbe44b66697f86,True,False,,,,,,,,,,,,,NEEDS_REVIEW,7,False,,0,0,,behavioral,0,LIKELY_TP_RECIDIVIST
0x49f8b0f4cae5a97b86bd24c4814a8f5bd8a67f2c,base,Behavioral confirmation: bot 0xfe533e55ac2898ef33885564b841e04fa6bda9bd trapped in tx 68385940f1e6e16c56e1acf4cc8bdcbc35,deployer_history,0xc5eadeda9ed7a4aa542a62df0cdf0adbeb551813,True,False,,,,,,,,,,,,,NEEDS_REVIEW,0,False,,0,0,,behavioral,0,NEEDS_REVIEW
0x9cba66310e25b001d39eaab512ae31d44e0d6b21,base,Behavioral confirmation: bot 0xb4c3931e5ec48fb66854afe5873336652aeb078a trapped in tx c08c8b8b67ca69176a558b9d6577b06f50,bytecode_pattern,0xcd5b8d9678104732acb7447f898927994baa9c04,True,True,TicketFactory,,,,,,,,,,,,NEEDS_REVIEW,1,False,,0,0,,behavioral,0,NEEDS_REVIEW
0x48821e2da39e6ac963afcfe22e33bb38660e3f36,base,Behavioral confirmation: bot 0x675a38b2a29376e1db300bba72f2fd5e2fd56dd6 trapped in tx d9304408711ef204af3f107dd8d24f9cad,bytecode_pattern,0x8ffdd4efa051b82b13e5a86ce18eef8f8b5b7813,True,True,Token2,,,,tungtungtung,Sahur,ERC-20,6,,,,,NEEDS_REVIEW,0,False,,0,0,,behavioral,0,STILL_NEEDS_REVIEW
0xc45d858b87c48c984f7690e063b4a3302f40b6e0,base,Behavioral confirmation: bot 0x675a38b2a29376e1db300bba72f2fd5e2fd56dd6 trapped in tx 6c240c603b33021d50062877cfa428f2df,bytecode_pattern,0xd4f1254c803662c46d9c21f80f4f3c15ff57e2c9,True,False,,,,,,,,,,,,,NEEDS_REVIEW,0,True,asym/-/-,0,0,,behavioral,0,NEEDS_REVIEW
0x5e0a01cc923ad17589dbecac3c74b709ea990229,base,Behavioral confirmation: bot 0x675a38b2a29376e1db300bba72f2fd5e2fd56dd6 trapped in tx dcf51216479748ed397bc8934758fe5321,deployer_history,0x702ba46435d1e55b18440100bc81eb055574875e,True,True,PunktownDistrictControl,,,,,,,,,,,,NEEDS_REVIEW,8,False,,0,0,,behavioral,0,LIKELY_TP_RECIDIVIST
0x0f2d2eb8bc31e4086a9ee165616b5c1dc865af28,base,Behavioral confirmation: bot 0xd3e0dd5d534f78d26c7fa16f8587f6c6b1e23d21 trapped in tx a6b7ced523f221c64a1f4445cdd18d0c25,bytecode_pattern,0x9ef26fb43cfe52dd907957edcbb88f1da7aaf205,True,False,,,,,,,,,,,,,NEEDS_REVIEW,0,False,,0,0,,behavioral,0,NEEDS_REVIEW
0x75c91cc4b8384c45e324622e6afca32e08c4ef65,base,Behavioral confirmation: bot 0x675a38b2a29376e1db300bba72f2fd5e2fd56dd6 trapped in tx 85f71f56b00d408bbda88bdf1e5a8421c3,deployer_history,0x702ba46435d1e55b18440100bc81eb055574875e,True,True,PunktownVault,,,,,,,,,,,,NEEDS_REVIEW,8,False,,0,0,,behavioral,0,LIKELY_TP_RECIDIVIST
0xb5a29cc64e68f243a4c6ca2ea0553fbee5b1cf71,base,Behavioral confirmation: bot 0x675a38b2a29376e1db300bba72f2fd5e2fd56dd6 trapped in tx 071fc8231588e6006725abd7f6fa4b47d2,bytecode_pattern,0xebfeea28a85286468bdb37fd7169c37542c01ce7,True,False,,,,,,,,,,,,,NEEDS_REVIEW,0,False,,0,0,,behavioral,0,NEEDS_REVIEW
0x971f744951d5a82d7b52bfd4fcaebc5b842c8dd2,base,Behavioral confirmation: bot 0x675a38b2a29376e1db300bba72f2fd5e2fd56dd6 trapped in tx b47da5a6bcc7792a955eaae464075cb05c,deployer_history,0x702ba46435d1e55b18440100bc81eb055574875e,True,True,PunktownRegistry,,,,,,,,,,,,NEEDS_REVIEW,8,False,,0,0,,behavioral,0,LIKELY_TP_RECIDIVIST
0x9d346c87b67d547829b2930d030d1f9534c8e6ed,base,Behavioral confirmation: bot 0x675a38b2a29376e1db300bba72f2fd5e2fd56dd6 trapped in tx 5a1299ec076f392db75ff61f1bc0ce503b,deployer_history,0x702ba46435d1e55b18440100bc81eb055574875e,True,True,PunktownDistrictControl,,,,,,,,,,,,NEEDS_REVIEW,8,False,,0,0,,behavioral,0,LIKELY_TP_RECIDIVIST
0x52cc9e977ca3ea33c69383a41f87f32a71140a52,base,Behavioral confirmation: bot 0x24103ea5ea17abffda8b2904acca679c798b3695 trapped in tx 919d65bce16ce17371ec5998e02867b418,deployer_history,0x87caed4e51c36a2c2ece3aaf4ddac9693d2405e1,True,False,,,,,,,,,,,,,NEEDS_REVIEW,0,False,,0,0,,behavioral,0,NEEDS_REVIEW
0x07991fc479fa0eb4d603320eb86f779ea4d9de1f,base,Behavioral confirmation: bot 0x675a38b2a29376e1db300bba72f2fd5e2fd56dd6 trapped in tx aaebb39a69dfb2a94b7a523e080aa089b3,deployer_history,0x702ba46435d1e55b18440100bc81eb055574875e,True,True,PunktownEpochSettlement,,,,,,,,,,,,NEEDS_REVIEW,8,False,,0,0,,behavioral,0,LIKELY_TP_RECIDIVIST
0x6bcfc53af9efdd4c9b53a88acae277961a878045,base,Behavioral confirmation: bot 0x36f746e21271f6e8cc97f41ed8957ac97a861ae0 trapped in tx 255c6f1dc8e4d7cc5e4120542fe974b819,bytecode_pattern,0x5eb7a6583f6386d040f83429a9d46138cb9e8ea3,True,False,,,,,,,,,,,,,NEEDS_REVIEW,17,False,,0,0,,behavioral,0,LIKELY_TP_RECIDIVIST
0x803ee9bcde603c6f88475d86ea108fa5e17f928a,base,Behavioral confirmation: bot 0x675a38b2a29376e1db300bba72f2fd5e2fd56dd6 trapped in tx fbe0f9c6e57cd3bbbaa0ecf50f1889d254,bytecode_pattern,0xb74fc08ef58c57cc5c8d81477895a83f874d737c,True,True,IntentRegistry,,,,,,,,,,,,NEEDS_REVIEW,0,False,,0,0,,behavioral,0,NEEDS_REVIEW
0xd078148d3442a1cebaaa5780ca67a8c355a755bd,base,Behavioral confirmation: bot 0x675a38b2a29376e1db300bba72f2fd5e2fd56dd6 trapped in tx 0594e1cd57a9d1b05bdcc3686c14d0cc8a,deployer_history,0x2b2438894119339571961e7ed951a2e2bc376e45,True,True,GlobalOwner,,,,,,,,,,,,NEEDS_REVIEW,0,False,,0,0,,behavioral,0,NEEDS_REVIEW
0xea30a3c8d8d40e5c8588ea065978f3a7e0779a45,base,Behavioral confirmation: bot 0x675a38b2a29376e1db300bba72f2fd5e2fd56dd6 trapped in tx f6d3cf10e5b426d5ae1713ddbc43750303,deployer_history,0x7d43d4fe8275552e9efb8361a4c6d17eb4c9ef03,True,True,ERC20Plus,,,,,,,,,,,,NEEDS_REVIEW,1,False,,0,0,,behavioral,0,NEEDS_REVIEW
0x2a9eef446abe43272b996fa8184c626117d4b0b3,base,Behavioral confirmation: bot 0x675a38b2a29376e1db300bba72f2fd5e2fd56dd6 trapped in tx 7b0ce0a3bd7ed82192f1a5a0b59eca3542,deployer_history,0x7d43d4fe8275552e9efb8361a4c6d17eb4c9ef03,True,True,TransparentUpgradeableProxy,,,,,,,,,,,,NEEDS_REVIEW,1,False,,0,0,,behavioral,0,NEEDS_REVIEW
0xd6c4e3228bc0ee6ca413c6f9226eef3b33d42e12,base,Behavioral confirmation: bot 0x36f746e21271f6e8cc97f41ed8957ac97a861ae0 trapped in tx 5dfd7ad53a6fac7ca2c4e72fbced90c379,bytecode_pattern,0x5eb7a6583f6386d040f83429a9d46138cb9e8ea3,True,False,,,,,,,,,,,,,NEEDS_REVIEW,17,False,,0,0,,behavioral,0,LIKELY_TP_RECIDIVIST
0x1cd732156834725868397928c40ef4a0d1ecbd97,base,Behavioral confirmation: bot 0x675a38b2a29376e1db300bba72f2fd5e2fd56dd6 trapped in tx d0279ba68249325421bf34f0101d113648,bytecode_pattern,0x3e2313816e7263827202706ab8c9773ed6e3f3ba,True,True,HubStakingVault,,,,,,,,,,,,NEEDS_REVIEW,0,False,,0,0,,behavioral,0,NEEDS_REVIEW
0xe21cfd9d3812679b65637cd7e37718335971bca3,base,Behavioral confirmation: bot 0xf9cbbb4f1adcfc6850f1e68a017d107d52f52354 trapped in tx 3b644cd4051b89b131f0336b9f37d6d10b,bytecode_pattern,0x5eb7a6583f6386d040f83429a9d46138cb9e8ea3,True,False,,,,,,,,,,,,,NEEDS_REVIEW,17,False,,0,0,,behavioral,0,LIKELY_TP_RECIDIVIST
0xaf25e7cb684e31c45f63693b4e0c1ada7afbfb15,base,Behavioral confirmation: bot 0x675a38b2a29376e1db300bba72f2fd5e2fd56dd6 trapped in tx 583d936ba08cbd7bdb3442e35f61aefeb6,deployer_history,0xb41a7c117fa19c724216fa94ca0e0fbd3161bbb2,True,False,Mock USD Coin,,,,Mock USD Coin,USDC,ERC-20,3,,,,,NEEDS_REVIEW,0,False,,0,0,,behavioral,0,NEEDS_REVIEW
0xf8c2c904232e94d4b004448490968ca8a66a6cdc,base,Behavioral confirmation: bot 0x675a38b2a29376e1db300bba72f2fd5e2fd56dd6 trapped in tx 7bdcd7255ce5fa2b9fe19032afa9f26f44,bytecode_pattern,0x4df504dea3bbf5bae046204f1bb88e8534637677,True,True,BasePeg,,,,BasePeg,bPEG,ERC-20,38,,,,,LIKELY_FP,,,,,,,,,ALREADY_MIGRATED
0x4cded3959aae1026e325a3812a16a4347cba3408,base,Behavioral confirmation: bot 0x675a38b2a29376e1db300bba72f2fd5e2fd56dd6 trapped in tx d5a8a08d4aeae6fdfe324f0abb995cf4cc,bytecode_pattern,0x594407e951ee44884de1ee6e34a04c83fcb5c238,True,False,,,,,,,,,,,,,NEEDS_REVIEW,0,True,-/-/-,0,0,,behavioral,0,NEEDS_REVIEW
0xaced5f2f7b6b18035b726a47793c91717c224c36,base,Behavioral confirmation: bot 0x675a38b2a29376e1db300bba72f2fd5e2fd56dd6 trapped in tx 7746ed82bee2281a177576a0d0210fce12,bytecode_pattern,0xea5b99ca3926690ee4ec49c232595f432de8ae20,True,False,,,,,,,,,,,,,NEEDS_REVIEW,0,False,,0,0,,behavioral,0,NEEDS_REVIEW
0x04eb26c1b51bd3190211c02a99f8499195177260,base,Behavioral confirmation: bot 0x675a38b2a29376e1db300bba72f2fd5e2fd56dd6 trapped in tx 57458f1010199cae4487c78e5d1824b3ff,deployer_history,0x3bfd461aba6971dfb42f38686796b6ff3901b24d,True,False,,,,,,,,,,,,,NEEDS_REVIEW,4,False,,0,0,,behavioral,0,LIKELY_TP_RECIDIVIST
0x2ac7e12e5ff6e0e51eca2908e2bbe30879b5d8dd,base,Behavioral confirmation: bot 0x675a38b2a29376e1db300bba72f2fd5e2fd56dd6 trapped in tx 648a388c188688480c94fce648dedd19e1,bytecode_pattern,0x2e991192756b3c82ca4af3d9eb946130b3763f7f,True,True,ERC721SeaDrop,,,,NullBot ACO Test 2,NLB,ERC-721,5,,,,,NEEDS_REVIEW,0,True,asym/-/-,0,0,,behavioral,0,STILL_NEEDS_REVIEW
0xa31e29b74a31e22ed791b543da211f86fe4ed1af,base,Behavioral confirmation: bot 0x675a38b2a29376e1db300bba72f2fd5e2fd56dd6 trapped in tx c54e78a8cba6dca4f0b2a5fab8c5e98a0d,deployer_history,0x26d7dfb6285f1291405593bac002c4e03dd683b5,True,True,SynthaxAI Test,,,,SynthaxAI Test,SYNTH,ERC-20,1,,,,,NEEDS_REVIEW,0,False,,0,0,,behavioral,0,STILL_NEEDS_REVIEW
0x20bcbda9755512d46802174668b34dbc6f357a40,base,Behavioral confirmation: bot 0x6336507d4096ca0c8226da4dcf295b844ef9c277 trapped in tx 48218a89ae3ee9497c61173aeeaa2a5b5c,deployer_history,0x5e00e0ca9549f168f82bbbfb6ea9cfccef23a592,True,False,,,,,,,,,,,,,NEEDS_REVIEW,1,False,,0,0,,behavioral,0,NEEDS_REVIEW
0x989a62637e8d19fbdf163369407048c1c0e5bd21,base,Behavioral confirmation: bot 0x675a38b2a29376e1db300bba72f2fd5e2fd56dd6 trapped in tx 98f9945568196efa073e2ba1e7787edeb4,deployer_history,0x5e00e0ca9549f168f82bbbfb6ea9cfccef23a592,True,True,CompoundV3Strategy,,,,,,,,,,,,NEEDS_REVIEW,1,False,,0,0,,behavioral,0,NEEDS_REVIEW
0x173f5d687b03565a1094cd120a0016289a124c11,base,Behavioral confirmation: bot 0x675a38b2a29376e1db300bba72f2fd5e2fd56dd6 trapped in tx 8368bed043f196223ccdb9401d681f0531,deployer_history,0x4df504dea3bbf5bae046204f1bb88e8534637677,True,False,BasePeg,,,,BasePeg,bPEG,ERC-20,1,,,,,NEEDS_REVIEW,0,False,,0,0,,behavioral,0,NEEDS_REVIEW
0xdd18f45a018c8723d63f855e03078bc7c091c017,base,Behavioral confirmation: bot 0x675a38b2a29376e1db300bba72f2fd5e2fd56dd6 trapped in tx d80358031f98946df11fbd3d6a0d425f23,bytecode_pattern,0x47fef7c31e0561096ed4d31b5b16dde5ae5cf94b,True,False,SHARE,,,,SHARE,PFA,ERC-721,1,,,,,NEEDS_REVIEW,0,True,-/-/-,0,0,,behavioral,0,NEEDS_REVIEW
0xc97f035410ae159fe4ba421da6bc02bd84ff3fa9,base,Behavioral confirmation: bot 0x675a38b2a29376e1db300bba72f2fd5e2fd56dd6 trapped in tx 9875f80af99b5f3ce91b794bb12eb1c5af,bytecode_pattern,0x383a6a34c623c02dcf9bb7069fae4482967fb713,True,False,,,,,,,,,,,,,NEEDS_REVIEW,0,False,,0,0,,behavioral,0,NEEDS_REVIEW
0x8ead1460a533bdf63eb1e1bde3535b9e1caa7b59,base,Behavioral confirmation: bot 0x675a38b2a29376e1db300bba72f2fd5e2fd56dd6 trapped in tx bd41e0fdff8ccf4e2968f7fec6cd50d582,bytecode_pattern,0x9476d6596d9c4918e2e0a4b061abf4140fb4be9d,True,True,BpegToken,,,,BasePeg,bPEG,ERC-20,22,,,,,LIKELY_FP,,,,,,,,,ALREADY_MIGRATED
0x40f8809a279e38ac6a687bfb5b9c9bc91f449af3,arbitrum,Behavioral confirmation: bot 0x8b05f283f46f757959e87239922d78e108bbbf2c trapped in tx 521c0a4b80929eb4a8094572d615c966c1,deployer_history,0xd660fa35cd16f768e41c8e09729e39385b51f55c,True,False,,,,,,,,,,,,,NEEDS_REVIEW,1,False,,0,0,,behavioral,0,NEEDS_REVIEW
0x3a426753d78196aae2e9bc06b1bd9b3326fdead3,base,Behavioral confirmation: bot 0x675a38b2a29376e1db300bba72f2fd5e2fd56dd6 trapped in tx e65a86a28ac0453569fa9357289c24040b,deployer_history,0x696f619f7047ddf5fa63175a405f5925dc03ace1,True,True,MyToken,,,,Hopeum,HOPE,ERC-20,8,,,,,NEEDS_REVIEW,0,False,,1,1,1.00,behavioral,0,STILL_NEEDS_REVIEW
0xe82c9946d9f452fc757050f96b7dd875520eaaef,base,Behavioral confirmation: bot 0xa1f3aaa3a96db3b20dbde1b5f8e3bd564df8ae7c trapped in tx d59f5643d633d04b67fcb874ced8e8d399,deployer_history,0x81f7ca6af86d1ca6335e44a2c28bc88807491415,True,True,MerkleDistributor,,,,,,,,,,,,NEEDS_REVIEW,25,False,,0,0,,behavioral,0,LIKELY_TP_RECIDIVIST
0xd8c46a5b27b8fdce13c54912f353ed69a0f363ad,base,Behavioral confirmation: bot 0x675a38b2a29376e1db300bba72f2fd5e2fd56dd6 trapped in tx a3c2a2d17e163c1262ccbbaf797f3a6b12,bytecode_pattern,0x09d207d732f6c0e81e4cdafc1f2021f5e494ce57,True,False,,,,,,,,,,,,,NEEDS_REVIEW,1,True,-/rev/-,0,0,,behavioral,0,NEEDS_REVIEW
0x3021a2a8f87b047e59c66b13be3d03007b66dde0,base,Behavioral confirmation: bot 0x675a38b2a29376e1db300bba72f2fd5e2fd56dd6 trapped in tx 4c614f438bf88aa6f1473dd50f8abcb071,bytecode_pattern,0x7c1cce9f517b75694b3d0c7bd809bfa4e63e68b3,True,False,IONIX Chain,,,,IONIX Chain,IONX,ERC-20,39,,,,,NEEDS_REVIEW,0,False,,0,0,,behavioral,0,NEEDS_REVIEW
0xf9ec5513f82679221172d0ad0e07e148173e176e,base,Behavioral confirmation: bot 0x675a38b2a29376e1db300bba72f2fd5e2fd56dd6 trapped in tx 5b402e1c91920a52c870ccce2ceee58ffa,bytecode_pattern,0xd9b42f470c6adb9bd5beca3f95691327c54f6637,True,False,,,,,,,,,,,,,NEEDS_REVIEW,0,False,,0,0,,behavioral,0,NEEDS_REVIEW
0xa6c85db9aca0254210b7fd7ae9164b4dffeb66ec,base,Behavioral confirmation: bot 0x675a38b2a29376e1db300bba72f2fd5e2fd56dd6 trapped in tx c54b1c6b50caff159856000aa083199d8d,bytecode_pattern,0xd004027c4bc2e0bde51c23b06e80d63bcd279caf,True,False,,,,,,,,,,,,,NEEDS_REVIEW,0,False,,0,0,,behavioral,0,NEEDS_REVIEW
0x926f64b95649377d3c27005c5ff97cd01acb4ee2,base,Behavioral confirmation: bot 0x55c55bd253365f784bf5b97d8ce31940c5d24a5a trapped in tx 138291f4a8c1d789815977289c49ca5878,deployer_history,0x81f7ca6af86d1ca6335e44a2c28bc88807491415,True,True,MerkleDistributor,,,,,,,,,,,,NEEDS_REVIEW,25,False,,0,0,,behavioral,0,LIKELY_TP_RECIDIVIST
0xd475a18affbd994b0388e772adc25c4488d4b0e0,base,Behavioral confirmation: bot 0x675a38b2a29376e1db300bba72f2fd5e2fd56dd6 trapped in tx a239199521fd22e40c86b4859393ba70ef,deployer_history,0x7cda9e29479a0fa82d5b95985c78109d0340812d,True,True,MyToken,,,,GRTOKEN,GRT,ERC-20,1,,,,,NEEDS_REVIEW,1,False,,0,0,,behavioral,0,STILL_NEEDS_REVIEW
0x598db80f258d424f997b39bbcc603cf3be54cdb1,base,Behavioral confirmation: bot 0x675a38b2a29376e1db300bba72f2fd5e2fd56dd6 trapped in tx 2051060145480fb86452e62e1ee80e5f2f,deployer_history,0x7cda9e29479a0fa82d5b95985c78109d0340812d,True,True,MyToken,,,,PARAOOID,OID,ERC-20,1,,,,,NEEDS_REVIEW,1,False,,0,0,,behavioral,0,STILL_NEEDS_REVIEW
0x9ffef998d639a2b325eeabaa9c10a2dfa0cb39e2,base,Behavioral confirmation: bot 0x675a38b2a29376e1db300bba72f2fd5e2fd56dd6 trapped in tx ad915c947cd18a58cdfe14f4ef411b194b,bytecode_pattern,0xe03d76b50bce4baf28dc3f8c4850db7d8122274a,True,False,SHARE,,,,SHARE,PFA,ERC-721,1,,,,,NEEDS_REVIEW,0,True,-/-/-,0,0,,behavioral,0,NEEDS_REVIEW
0xaf9d79e7e583c2c027f51c8892961b96fb6fe870,base,Behavioral confirmation: bot 0x675a38b2a29376e1db300bba72f2fd5e2fd56dd6 trapped in tx fdcb0b8bc83d1ebf99b13049b24cc818da,bytecode_pattern,0x32292d7853c5651b5189575455394c7b3ea063c7,True,False,SHARE,,,,SHARE,PFA,ERC-721,1,,,,,NEEDS_REVIEW,0,True,-/-/-,0,0,,behavioral,0,NEEDS_REVIEW
0xf18c937a735ff87648a5f32ac70d40af927898b6,base,Behavioral confirmation: bot 0x675a38b2a29376e1db300bba72f2fd5e2fd56dd6 trapped in tx a15cf5ae36503876a6e1547163ca75bcb9,bytecode_pattern,0x32f9ca08e07dee73f0f5c2eb97f4f2a32e0181a5,True,False,SHARE,,,,SHARE,PFA,ERC-721,1,,,,,NEEDS_REVIEW,0,True,-/-/-,0,0,,behavioral,0,NEEDS_REVIEW
0x6fdc6098e1c4dd6dec9c5d81b9f786e407c46a19,base,Behavioral confirmation: bot 0x675a38b2a29376e1db300bba72f2fd5e2fd56dd6 trapped in tx 6d37d6b5b4337bc94a93a19eec028253da,bytecode_pattern,0x270b02fdcdf9a843e11fbc32f8e72027a6f43b51,True,False,SHARE,,,,SHARE,PFA,ERC-721,1,,,,,NEEDS_REVIEW,0,True,-/-/-,0,0,,behavioral,0,NEEDS_REVIEW
0xb936f697b1dda0749b5b89fe5f0d425cc5bb7e56,base,Behavioral confirmation: bot 0x675a38b2a29376e1db300bba72f2fd5e2fd56dd6 trapped in tx 079fa436624da45a6147deeed0e5468958,bytecode_pattern,0x84fa09f84fc522a0950036c61fbe3d059ef7ce05,True,False,,,,,,,,,,,,,NEEDS_REVIEW,0,True,asym/-/-,0,0,,behavioral,0,NEEDS_REVIEW
0xa6216ea21f4a4d190edd453a51e4e015a44e60c4,base,Behavioral confirmation: bot 0x675a38b2a29376e1db300bba72f2fd5e2fd56dd6 trapped in tx 7b69318256ec77005b8fca82f0c3e1d3e5,deployer_history,0xb05cf01231cf2ff99499682e64d3780d57c80fdd,True,False,,,,,,,,,,,,,NEEDS_REVIEW,0,False,,0,0,,behavioral,0,NEEDS_REVIEW
0x49d5dc89239c17555160c42661abc4598e6da110,base,Behavioral confirmation: bot 0x675a38b2a29376e1db300bba72f2fd5e2fd56dd6 trapped in tx fca6b448e15809f230a026461eca33c753,deployer_history,0x1d9d6e0169ae70e57beb44e4f1c18ffebd9773b9,True,False,,,,,,,,,,,,,NEEDS_REVIEW,1,False,,0,0,,behavioral,0,NEEDS_REVIEW
0x7d11f0c4670e7e67f35e158b848f4c2903929889,base,Behavioral confirmation: bot 0x675a38b2a29376e1db300bba72f2fd5e2fd56dd6 trapped in tx c978cc5226bfc466caf7ac43da422d9b54,bytecode_pattern,0x8bd68724903395e95d201df99d535bd470ede48e,True,False,,,,,,,,,,,,,NEEDS_REVIEW,1,False,,0,0,,behavioral,0,NEEDS_REVIEW
0x3b3792ededb782fe2a03320b2f1223fd4dde239d,base,Behavioral confirmation: bot 0x675a38b2a29376e1db300bba72f2fd5e2fd56dd6 trapped in tx 4d58a7f352aec3e69e0256a48ef101b352,bytecode_pattern,0xf2155b00a04564ad34a7a2bd94e691a851f1d0b1,True,True,Token2,,,,jeje,jeje,ERC-20,6,,,,,NEEDS_REVIEW,0,False,,0,0,,behavioral,0,STILL_NEEDS_REVIEW
0x3c2c6d001feec53a1dd5ce07bcf08cffd7376668,base,Behavioral confirmation: bot 0x675a38b2a29376e1db300bba72f2fd5e2fd56dd6 trapped in tx 7674f964b166b893afe6f09de6f3240d10,bytecode_pattern,0x5784ec9a05b2dbd0fdffb051d7cabab8a1d28ada,True,False,,,,,,,,,,,,,NEEDS_REVIEW,0,False,,0,0,,behavioral,0,NEEDS_REVIEW
0x163bbe9b889c5e2c8a2674b885b4bb6c15bdc3c6,base,Behavioral confirmation: bot 0x675a38b2a29376e1db300bba72f2fd5e2fd56dd6 trapped in tx 8d2b82aa10de636956ce361b4aa0df712d,bytecode_pattern,0x8f44f95f558e4124eaed83625bf905946a45cd66,True,True,ERC20,,,,Z391BLK1TXN2,Z391BLK1TXN2,ERC-20,5,,,,,NEEDS_REVIEW,0,False,,0,0,,behavioral,0,STILL_NEEDS_REVIEW
0xf4802a5d4dbfb8ad2e367e09137aa00357281687,base,Behavioral confirmation: bot 0x675a38b2a29376e1db300bba72f2fd5e2fd56dd6 trapped in tx 580c78a8c722a2545bf4fe07251b2269d6,bytecode_pattern,0x862ad86f906082de0c4820e9a28dee75f444937d,True,True,Token2,,,,titcoin,titcoin,ERC-20,7,,,,,NEEDS_REVIEW,0,False,,0,0,,behavioral,0,STILL_NEEDS_REVIEW
0x3ff1ca12fb96e4025e6f840a3592522c27783b4c,base,Behavioral confirmation: bot 0x675a38b2a29376e1db300bba72f2fd5e2fd56dd6 trapped in tx 20e2ec66586213a02f8151bbf11bde1e94,bytecode_pattern,0xf8dd90bb9961c5581f7498fd264fbff44423faed,True,False,DefiDog USDT,,,,DefiDog USDT,ddUSDT,ERC-20,1,,,,,NEEDS_REVIEW,3,False,,0,0,,behavioral,0,LIKELY_TP_RECIDIVIST
0xa09e1a792ea8101bb0a9cc12b5d85da481b9850f,base,Behavioral confirmation: bot 0x675a38b2a29376e1db300bba72f2fd5e2fd56dd6 trapped in tx dffa4a610deb02d1d6b042daa432561962,bytecode_pattern,0xf8dd90bb9961c5581f7498fd264fbff44423faed,True,False,,,,,,,,,,,,,NEEDS_REVIEW,3,True,-/rev/-,0,0,,behavioral,0,LIKELY_TP_RECIDIVIST
0x0b35384e82926dd2575f7c9a9ef5e8affb629304,base,Behavioral confirmation: bot 0x675a38b2a29376e1db300bba72f2fd5e2fd56dd6 trapped in tx 13203e8d35a619f6ba3c96238c08d98f63,bytecode_pattern,0x856a297b5fd8ce373bebe7db0a7c58801d2c8cb6,True,False,,,,,,,,,,,,,NEEDS_REVIEW,0,True,asym/-/-,0,0,,behavioral,0,NEEDS_REVIEW
0xa97206828667818707b3a7f92d07543d49963c30,base,Behavioral confirmation: bot 0x675a38b2a29376e1db300bba72f2fd5e2fd56dd6 trapped in tx 05bebc3da8ff2c0063026209a6c9ee44da,bytecode_pattern,0x0275d1d09737a46be2b40a39618f946624c02068,True,False,,,,,,,,,,,,,NEEDS_REVIEW,0,False,,0,0,,behavioral,0,NEEDS_REVIEW
0x07c6015c27625e9a8ed92ddc1846948bc20c288b,base,Behavioral confirmation: bot 0x675a38b2a29376e1db300bba72f2fd5e2fd56dd6 trapped in tx 0ca6380e91207a331771ce381d7dcff54a,bytecode_pattern,0x84b5e65467ab34671aa7b3753300c9839753189c,True,False,,,,,,,,,,,,,NEEDS_REVIEW,7,False,,0,0,,behavioral,0,LIKELY_TP_RECIDIVIST
0x5ed8ec215565c692c518b753285d340c6c1917ea,base,Behavioral confirmation: bot 0x397e698fabe63506c0ec5ffddfa39a718a862b85 trapped in tx 1b0b73751cf923caacfda1a0b0adeb1335,bytecode_pattern,0x84b5e65467ab34671aa7b3753300c9839753189c,True,False,,,,,,,,,,,,,NEEDS_REVIEW,7,False,,0,0,,behavioral,0,LIKELY_TP_RECIDIVIST
0xc3bba349c47e21c7c91016b40c09d2b731e3532c,base,Behavioral confirmation: bot 0x675a38b2a29376e1db300bba72f2fd5e2fd56dd6 trapped in tx 095b719dae5dbe86d8e763e4d95dd4d7f1,deployer_history,0x84b5e65467ab34671aa7b3753300c9839753189c,True,False,,,,,,,,,,,,,NEEDS_REVIEW,7,False,,0,0,,behavioral,0,LIKELY_TP_RECIDIVIST
0x56027baa66d5506f8bb37d0ff90341bb5e332899,base,Behavioral confirmation: bot 0xe4d8b63de53012daf1f1206d6980bdeb13f7cb61 trapped in tx e9b94548ae12785ddab29434f3dc82454d,deployer_history,0x84b5e65467ab34671aa7b3753300c9839753189c,True,False,,,,,,,,,,,,,NEEDS_REVIEW,7,False,,0,0,,behavioral,0,LIKELY_TP_RECIDIVIST
0x773c4035296fc4a0998411a2629fba60c57320d8,base,Behavioral confirmation: bot 0x3da2c9d6a6ef77e28e2a97e8b873fbdc4d5f505b trapped in tx b149858998bc4d129a148d85f026f5721a,deployer_history,0x5a49cc79501ca1c46457270a145fb333fe589c9a,True,True,WinStake,,,,,,,,,,,,NEEDS_REVIEW,3,False,,0,0,,behavioral,0,LIKELY_TP_RECIDIVIST
0x8277153a05698d5f78c296b99b7056abe13ee0b3,base,Behavioral confirmation: bot 0x675a38b2a29376e1db300bba72f2fd5e2fd56dd6 trapped in tx 74770c29da6b22283c8613e78ad7ff0f6c,bytecode_pattern,0x17e517f3494b2f9524f6bcb642a4eab3d45ed719,True,False,,,,,,,,,,,,,NEEDS_REVIEW,0,True,asym/-/-,0,0,,behavioral,0,NEEDS_REVIEW
0xa9c5e3dc27cd5beeaa61d524412e8baf3a365d42,base,Behavioral confirmation: bot 0x675a38b2a29376e1db300bba72f2fd5e2fd56dd6 trapped in tx ceaf509929631e8a9d9a19899a339793ee,deployer_history,0xc72999e9d438a4e2929160642921dbcc2d1fb37b,True,True,Mediacoin,,,,BarkCoin,BARK,ERC-1155,2,,,,,NEEDS_REVIEW,7,False,,0,0,,behavioral,0,STILL_NEEDS_REVIEW
0xedadb79e6d6bfba3cc58f96367b65b012b7b8133,base,Behavioral confirmation: bot 0x675a38b2a29376e1db300bba72f2fd5e2fd56dd6 trapped in tx 6cd01720e7e2df29f038bcc1f9eca97292,deployer_history,0x06cc8e9c35973b2563001d2a26a950a123013300,True,False,Token888,,,,Token888,8888,ERC-20,1,,,,,NEEDS_REVIEW,0,False,,0,0,,behavioral,0,NEEDS_REVIEW
0x847101786e2521e8a3ec4417d21077433eb440f4,base,Behavioral confirmation: bot 0x675a38b2a29376e1db300bba72f2fd5e2fd56dd6 trapped in tx cb42567a583b57bee0259e12d596aa902a,deployer_history,0xc72999e9d438a4e2929160642921dbcc2d1fb37b,True,True,Mediacoin,,,,Sadboi Buzz,SDBZ,ERC-1155,2,,,,,NEEDS_REVIEW,7,False,,0,0,,behavioral,0,STILL_NEEDS_REVIEW
0xa1b1331f2f4680dcc7602f77382e7c786c1060d9,base,Behavioral confirmation: bot 0x675a38b2a29376e1db300bba72f2fd5e2fd56dd6 trapped in tx 6ba4d7d402e49435b6e75397ceadc8e612,bytecode_pattern,0xf8dd90bb9961c5581f7498fd264fbff44423faed,True,False,,,,,,,,,,,,,NEEDS_REVIEW,3,False,,0,0,,behavioral,0,LIKELY_TP_RECIDIVIST
0x7fbafca488ad5476eceb428f706b3846bb21e2e1,arbitrum,Behavioral confirmation: bot 0xd4b702b51f531b50db1cddfe85270619fe46a571 trapped in tx a009ed4672b5f3658486670758bf3c3664,bytecode_pattern,0xda977393363d166e9e0441bc2e2d02bc1b53f38f,True,False,,,,,,,,,,,,,NEEDS_REVIEW,1,False,,0,0,,behavioral,0,NEEDS_REVIEW
0x6eb087202eab611c4a877383e8f9702c5abbec53,base,Behavioral confirmation: bot 0xe8e181f2fb6de4cd047aeac740330de6fc344661 trapped in tx 59c3b0bc2fead16f15d778c9dd4b5e8611,bytecode_pattern,0x050de13c2c54a5e37b008febb893b158176fe098,True,False,,,,,,,,,,,,,NEEDS_REVIEW,0,False,,0,0,,behavioral,0,NEEDS_REVIEW
0x0ff0811eae5bb5f53b0de95b901b65c642101c42,base,Behavioral confirmation: bot 0x675a38b2a29376e1db300bba72f2fd5e2fd56dd6 trapped in tx 719c8fefaa3ac26fb6a072bb78d67711b0,bytecode_pattern,0x3a1082ecae3e2d9464d0772b0149431522b3b3b8,True,False,PFA_COLLECTION,,,,PFA_COLLECTION,SHARE,ERC-721,1,,,,,NEEDS_REVIEW,1,True,-/-/-,0,0,,behavioral,0,NEEDS_REVIEW
0x190a351b061218c557077f13f0b6ed2b419173f2,base,Behavioral confirmation: bot 0x675a38b2a29376e1db300bba72f2fd5e2fd56dd6 trapped in tx 5fef296526a9c4621fff6e7d901ecef006,bytecode_pattern,0xb78c4893a315805c23ef942a2b8fa1ae3bd29a60,True,True,SatoToken,,,,sat0,sat0,ERC-20,0,,,,,NEEDS_REVIEW,0,False,,0,0,,behavioral,0,STILL_NEEDS_REVIEW
0xb882f44656734648e5d2c295cbd740b3f692e32f,base,Behavioral confirmation: bot 0x675a38b2a29376e1db300bba72f2fd5e2fd56dd6 trapped in tx aa4f7b565bdf297f64edb206e029d34f96,deployer_history,0x40fbfe5312330f278824ddbb7521ab77409192f0,True,True,PAFAccountUpgradeableProxy,,,,,,,,,,,,NEEDS_REVIEW,0,False,,0,0,,behavioral,0,NEEDS_REVIEW
0xf563a096996dc098257f6ecfd16e3857f68c3baf,base,Behavioral confirmation: bot 0x675a38b2a29376e1db300bba72f2fd5e2fd56dd6 trapped in tx 7d89e4416b6dbd89cf0c32045dbc9bad3d,deployer_history,0x3c6b221f35aeb42fdcc8e86ae1d36ac9fef3d068,True,False,,,,,,,,,,,,,NEEDS_REVIEW,2,False,,0,0,,behavioral,0,LIKELY_TP_RECIDIVIST
0xc8f8736c4c7fa77b5d27ff8352b9c4839368b224,base,Behavioral confirmation: bot 0x675a38b2a29376e1db300bba72f2fd5e2fd56dd6 trapped in tx c86f2f9698132633bf23b3336a91c3fc7f,deployer_history,0xacb1b9d369b078cf1e4db91740ac0bdbdb7744b9,True,False,,,,,,,,,,,,,NEEDS_REVIEW,1,False,,0,0,,behavioral,0,NEEDS_REVIEW
0x85f3226996b97fe3e05cdbb918956403cab5b71e,base,Behavioral confirmation: bot 0x675a38b2a29376e1db300bba72f2fd5e2fd56dd6 trapped in tx 37259d4703b9f99c637f686d4656fae055,bytecode_pattern,0x6997042c5b70394e8a3e51dbf8df4eb96ad4c94c,True,False,,,,,,,,,,,,,NEEDS_REVIEW,0,False,,0,0,,behavioral,0,NEEDS_REVIEW
0x49ea155201866b8a6b2878e84d75717ac7870eeb,base,Behavioral confirmation: bot 0x675a38b2a29376e1db300bba72f2fd5e2fd56dd6 trapped in tx 900464e04cf32d8cd86d0cf69e3ac47bb9,deployer_history,0x702ba46435d1e55b18440100bc81eb055574875e,True,False,,,,,,,,,,,,,NEEDS_REVIEW,8,False,,0,0,,behavioral,0,LIKELY_TP_RECIDIVIST
0x13954278241cbdf77a831e63eeee0bb179cfac96,base,Behavioral confirmation: bot 0x675a38b2a29376e1db300bba72f2fd5e2fd56dd6 trapped in tx 3de6408abcd364964e2ea567a5e76aeca8,deployer_history,0x8c5eeb6cbff441548ddf30793cadbdd047a68e91,True,False,,,,,,,,,,,,,NEEDS_REVIEW,0,True,asym/-/-,0,0,,behavioral,0,NEEDS_REVIEW
0xc19e145452c3b98a108a1444d54fcdb4161f0e94,base,Behavioral confirmation: bot 0x675a38b2a29376e1db300bba72f2fd5e2fd56dd6 trapped in tx c851e67dfbd917eccea25667619057f5ad,deployer_history,0xc72999e9d438a4e2929160642921dbcc2d1fb37b,True,True,Mediacoin,,,,Pixel Pup,PUPX,ERC-1155,0,,,,,NEEDS_REVIEW,7,False,,0,0,,behavioral,0,STILL_NEEDS_REVIEW
0xea5c181f541c21ed171d341e46643d2fb530e0e4,base,Behavioral confirmation: bot 0x9aebc309f317b99d93be3991be1fd406f25159a7 trapped in tx 4112596b38b0d4b8d20ca418f7fa3d292a,bytecode_pattern,0x0258b967433b0d2d5fc6d19fb983841d32ff6e6e,True,False,,,,,,,,,,,,,NEEDS_REVIEW,0,False,,0,0,,behavioral,0,NEEDS_REVIEW
0x03f066e4562426dcde928cadd467ee554f72d462,base,Behavioral confirmation: bot 0x675a38b2a29376e1db300bba72f2fd5e2fd56dd6 trapped in tx f18cc8ef27ccb7dbe6d2dd973facb40198,deployer_history,0xc72999e9d438a4e2929160642921dbcc2d1fb37b,True,True,Mediacoin,,,,LeapFrog Coin,LEAP,ERC-1155,0,,,,,NEEDS_REVIEW,7,False,,0,0,,behavioral,0,STILL_NEEDS_REVIEW
0x4e4573d707b77fa06497d57439c5e541f207f9ec,base,Behavioral confirmation: bot 0x675a38b2a29376e1db300bba72f2fd5e2fd56dd6 trapped in tx e234a97bd806dcc26478ba33c545d44a49,bytecode_pattern,0xc5482dafea419ae86b4c7feaf282e521543051fc,True,False,,,,,,,,,,,,,NEEDS_REVIEW,0,False,,0,0,,behavioral,0,NEEDS_REVIEW
0x9d7f9e4bec2dda2f778229048d5374233681fa6f,base,Behavioral confirmation: bot 0x675a38b2a29376e1db300bba72f2fd5e2fd56dd6 trapped in tx 1a0426f8346a2599c6a62bf55281115e32,bytecode_pattern,0xef5bed7c221c85a2c88e3c0223ee45482d6f037d,True,False,,,,,,,,,,,,,NEEDS_REVIEW,0,False,,0,0,,behavioral,0,NEEDS_REVIEW
0x59310eca3c571f1e1dfe214655e8b706b467b1fd,base,Behavioral confirmation: bot 0x675a38b2a29376e1db300bba72f2fd5e2fd56dd6 trapped in tx bc22dc0c0b6f13b5ebba40f82a87877260,deployer_history,0x1d9d6e0169ae70e57beb44e4f1c18ffebd9773b9,True,False,,,,,,,,,,,,,NEEDS_REVIEW,1,False,,0,0,,behavioral,0,NEEDS_REVIEW
0xc490f6edead3db83261009e4970181de170b0ac5,base,Behavioral confirmation: bot 0x675a38b2a29376e1db300bba72f2fd5e2fd56dd6 trapped in tx 6d275ac9a96fb3f1e95eeb11f2498c0b2e,bytecode_pattern,0x8bd68724903395e95d201df99d535bd470ede48e,True,False,,,,,,,,,,,,,NEEDS_REVIEW,1,False,,0,0,,behavioral,0,NEEDS_REVIEW
0xd524e968d5020575d866f8b874d2cfde7d0f3496,base,Behavioral confirmation: bot 0x675a38b2a29376e1db300bba72f2fd5e2fd56dd6 trapped in tx d7bb2af8da3d93ea112ee2ad3eb537121b,deployer_history,0xd6e19bb1c02b0a73e00db4e5d9d70067644635e9,True,False,,,,,,,,,,,,,NEEDS_REVIEW,1,False,,0,0,,behavioral,0,NEEDS_REVIEW
0xa0d0fff8cfcffc80092349c5521d1f144cda4791,base,Behavioral confirmation: bot 0x675a38b2a29376e1db300bba72f2fd5e2fd56dd6 trapped in tx 924f8a42fd9599edc7ad0b10abfe9a0c7a,deployer_history,0xd6e19bb1c02b0a73e00db4e5d9d70067644635e9,True,False,,,,,,,,,,,,,NEEDS_REVIEW,1,False,,0,0,,behavioral,0,NEEDS_REVIEW
0xc85fb3c44b02db78a423079cd25958ee24dd28a4,base,Behavioral confirmation: bot 0x675a38b2a29376e1db300bba72f2fd5e2fd56dd6 trapped in tx fde8cc42cf524bb256a5a1d83b698539f8,deployer_history,0x73c0c56bbf162e403b46285f525cdc2409a57bed,True,True,FanTokenMintBurnOFTAdapter,,,,,,,,,,,,NEEDS_REVIEW,5,False,,0,0,,behavioral,0,LIKELY_TP_RECIDIVIST
0xdcac36fd1152c8b164c1afa2bc13eddc5c356359,base,Behavioral confirmation: bot 0x675a38b2a29376e1db300bba72f2fd5e2fd56dd6 trapped in tx cf0068c95a202f2e6a961fe4e8227f1025,deployer_history,0x73c0c56bbf162e403b46285f525cdc2409a57bed,True,True,TransparentUpgradeableProxy,,,,,,,,,,,,NEEDS_REVIEW,5,False,,0,0,,behavioral,0,LIKELY_TP_RECIDIVIST
0x3fcdfaee9083686ad16f120976f68651ebf10d1e,base,Behavioral confirmation: bot 0xdcecb854b57142572d71322c643e78ee4cdd1c73 trapped in tx 88e4050586d258a2ff8d49b358ded543f9,bytecode_pattern,0xdbd91ad22be5304e385b7b0a2cfe91164e416e11,True,False,,,,,,,,,,,,,NEEDS_REVIEW,0,False,,0,0,,behavioral,0,NEEDS_REVIEW
0x40850caeade3bc205dbc611f1fb91f889ccdf48b,base,Behavioral confirmation: bot 0x675a38b2a29376e1db300bba72f2fd5e2fd56dd6 trapped in tx c526165fdebd490869005e65a9533d8607,bytecode_pattern,0xc194ae3fc3f40233c74b810478e1e47952b81cbd,True,True,GasTank,,,,,,,,,,,,NEEDS_REVIEW,1,False,,0,0,,behavioral,0,NEEDS_REVIEW
0xfbbae353dfd6000faf547618024e845ceea226d1,base,Behavioral confirmation: bot 0x675a38b2a29376e1db300bba72f2fd5e2fd56dd6 trapped in tx c8e25925a9cec9d3e39fa1b9c1e7684d70,bytecode_pattern,0xc194ae3fc3f40233c74b810478e1e47952b81cbd,True,True,BotFactory,,,,,,,,,,,,NEEDS_REVIEW,1,False,,0,0,,behavioral,0,NEEDS_REVIEW
0xa7b181381ba5b7e67cf5ca5787a8b4d10926110a,arbitrum,Behavioral confirmation: bot 0xca766ddd9fb72b5c79bd101d20732d63ab8428bf trapped in tx d58a5d8cc28fdebb87a82ce6e03e9debc4,bytecode_pattern,0x4c89f508a848462977e9b28d03888bfc66ec601e,True,False,Botanika,,,,Botanika,BTNKA,ERC-20,2243,,,,,LIKELY_FP,,,,,,,,,ALREADY_MIGRATED
0x2e0b20a4ffeacacb8d3cd0cf6b9bbe6660c4262e,base,Behavioral confirmation: bot 0x675a38b2a29376e1db300bba72f2fd5e2fd56dd6 trapped in tx b3a4070d29b86d0d323d367fc95d7b4af5,deployer_history,0xe2a4a8b9d77080c57799a94ba8edeb2dd6e0ac10,True,False,,,,,,,,,,,,,NEEDS_REVIEW,2,False,,0,0,,behavioral,0,LIKELY_TP_RECIDIVIST
0x973990d70ce83aca80cd4349ee66093c8f1ccdf3,base,Behavioral confirmation: bot 0x675a38b2a29376e1db300bba72f2fd5e2fd56dd6 trapped in tx f5d3a30afa03111c72831c338771075de6,deployer_history,0x0f5162779f6bfc140b12e7392a7770f839910299,True,False,,,,,,,,,,,,,NEEDS_REVIEW,0,False,,0,0,,behavioral,0,NEEDS_REVIEW
0xde6c4239d34de1e0fdd1d7e21dd448f5c45204a8,base,Behavioral confirmation: bot 0x675a38b2a29376e1db300bba72f2fd5e2fd56dd6 trapped in tx 4be642dd0beae05f4f2bd5a425811949e8,bytecode_pattern,0x760ed7ff190e9957c738ce7b8577de6fe072ae02,True,True,Token2,,,,Just cant prove it,DETECTIVE,ERC-20,0,,,,,NEEDS_REVIEW,0,False,,0,0,,behavioral,0,STILL_NEEDS_REVIEW
0xee80d04303e2c850cc5571a9f41077afc0ff4887,base,Behavioral confirmation: bot 0x3c59ba9b37a7951a1e8af9a8beaf2fc3cd9180e3 trapped in tx a1c53e122dce6ab7c57d5ab53295578a06,bytecode_pattern,0xa8c7ac1cdc33e1c3bf0aa04bb598ff66025207c1,True,False,Sapien,,,,Sapien,SAP,ERC-20,1,,,,,NEEDS_REVIEW,0,False,,151,17,8.88,behavioral,0,NEEDS_REVIEW
0x653f0b65d90ae74ffbaabbae72a1644f81dcb74f,base,Behavioral confirmation: bot 0x675a38b2a29376e1db300bba72f2fd5e2fd56dd6 trapped in tx 442f248442464e35e193cb35e77e2c0bfa,deployer_history,0xf58f19be7c3ab385500862dc2391f42b6596f978,True,False,Mock NFT,,,,Mock NFT,MNFT,ERC-721,0,,,,,NEEDS_REVIEW,1,False,,0,0,,behavioral,0,NEEDS_REVIEW
0xb9e74635fc00cdd0d0dd966c1fa8a6ec2d10994d,base,Behavioral confirmation: bot 0x675a38b2a29376e1db300bba72f2fd5e2fd56dd6 trapped in tx 69e5506300ac71c92c303b166532787b48,bytecode_pattern,0xbfaa504fd72be3f9b9e1171055c8a248de15ebe8,True,True,Token2,,,,Kai Grok Companion,KAI,ERC-20,0,,,,,NEEDS_REVIEW,0,False,,0,0,,behavioral,0,STILL_NEEDS_REVIEW
0xa9d5ff84285440bb2859a238e50006faa5c71bc9,base,Behavioral confirmation: bot 0x675a38b2a29376e1db300bba72f2fd5e2fd56dd6 trapped in tx dd4cfa9aee0d782eefc4a69820d2f81f8f,bytecode_pattern,0x9b0db510f9c1593ee1cef889e47104e5ac44862c,True,False,,,,,,,,,,,,,NEEDS_REVIEW,0,False,,0,0,,behavioral,0,NEEDS_REVIEW
0x1aad51b262723168fe5d19fee38ac6b0fae02372,base,Behavioral confirmation: bot 0x675a38b2a29376e1db300bba72f2fd5e2fd56dd6 trapped in tx 4824670a2612b0a8c8b33747637c39dd3f,deployer_history,0x6304541f6b91d1b0508f2ecf4b80fead713c1a22,True,False,AquaiToken,,,,AquaiToken,AQUAI,ERC-20,0,,,,,NEEDS_REVIEW,2,False,,0,0,,behavioral,0,LIKELY_TP_RECIDIVIST
0xfaf859fdc7e631d1375e5812783383154b3eaca3,base,Behavioral confirmation: bot 0x675a38b2a29376e1db300bba72f2fd5e2fd56dd6 trapped in tx 80192082907c6d0b184b74565772c4b81c,deployer_history,0xcb5a9f6c4709c3bb8e37f729be10c6c2aa66aefe,True,False,,,,,,,,,,,,,NEEDS_REVIEW,0,False,,0,0,,behavioral,0,NEEDS_REVIEW
0x7b1e489940686377af0136da1d5e66f613a53eea,base,Behavioral confirmation: bot 0x675a38b2a29376e1db300bba72f2fd5e2fd56dd6 trapped in tx 74f736bfe51ba0514b3df1560d8b3311fa,deployer_history,0x6304541f6b91d1b0508f2ecf4b80fead713c1a22,True,False,AquaiToken,,,,AquaiToken,AQUAI,ERC-20,0,,,,,NEEDS_REVIEW,2,False,,0,0,,behavioral,0,LIKELY_TP_RECIDIVIST
0x9a8f9b5fb2360f100c81d218ba427c6f42767b1b,base,Behavioral confirmation: bot 0x675a38b2a29376e1db300bba72f2fd5e2fd56dd6 trapped in tx bd5e93f1de408ae47a089f48001d2f1a6d,deployer_history,0x6304541f6b91d1b0508f2ecf4b80fead713c1a22,True,False,AquaiAgent,,,,AquaiAgent,AQUAI,ERC-721,0,,,,,NEEDS_REVIEW,2,False,,0,0,,behavioral,0,LIKELY_TP_RECIDIVIST
0x04f058f9218e67f76636c01d13de9866e45c30c6,base,Behavioral confirmation: bot 0x435815ab7a20d05cd1618a245baf02b23d43c641 trapped in tx 2f05b7d7322788d9e26aa7635f35de4a3d,bytecode_pattern,0x2aa49b946da6a5ab27ae17710efb7cece8e7c1f8,True,False,Uorm Badge,,,,Uorm Badge,UORM,ERC-721,0,,,,,NEEDS_REVIEW,0,False,,0,0,,behavioral,0,NEEDS_REVIEW
0xcc9639c4d931e130ff0f9bf52757d539983362f7,base,Behavioral confirmation: bot 0x675a38b2a29376e1db300bba72f2fd5e2fd56dd6 trapped in tx 671b567a3791b99df197fcd74b498d5424,bytecode_pattern,0xdc574b381277e6f2ac005214ce136f9afc00d19c,True,False,,,,,,,,,,,,,NEEDS_REVIEW,0,False,,0,0,,behavioral,0,NEEDS_REVIEW
0x1f836831a08eda9edb4d7028f215864d9c3eb640,base,Behavioral confirmation: bot 0x675a38b2a29376e1db300bba72f2fd5e2fd56dd6 trapped in tx a1c3fd150af76ae69bfe1f350c35b23132,bytecode_pattern,0x57ace44df303f94d378d8330f48156dc0f17bc1b,True,False,Qubetics,,,,Qubetics,TICS,ERC-20,0,,,,,NEEDS_REVIEW,1,True,-/-/fee,0,0,,behavioral,0,NEEDS_REVIEW
0x0a798fc7de0b4889e6f675a1758e80731ef191c2,base,Behavioral confirmation: bot 0x6fbd620bc2641238bad794f9402a88200d18dca5 trapped in tx 99032871d0257f0f58a0a98b9a5636ed68,bytecode_pattern,0x7baea33702b8a3905eef8429c71fd89ad4829f69,True,False,,,,,,,,,,,,,NEEDS_REVIEW,0,False,,0,0,,behavioral,0,NEEDS_REVIEW
0x79b06825fca42ba825863ad955f9ea097f84c094,base,Behavioral confirmation: bot 0x675a38b2a29376e1db300bba72f2fd5e2fd56dd6 trapped in tx 9077bd9870f7a51a3f8f97fd4620d388a6,bytecode_pattern,0x57ace44df303f94d378d8330f48156dc0f17bc1b,True,False,Qubetics,,,,Qubetics,TICS,ERC-20,0,,,,,NEEDS_REVIEW,1,True,-/-/fee,0,0,,behavioral,0,NEEDS_REVIEW
0xeea6841369e5f1ef88273f03c4aaf65ae4486280,base,Behavioral confirmation: bot 0x675a38b2a29376e1db300bba72f2fd5e2fd56dd6 trapped in tx cb03e6c778ec52b4926e5c523a4be3f941,bytecode_pattern,0xdee610dedc652aa0a8eb9d70eb415d9400fcf387,True,True,StableNairaUUPSDeployer,,,,,,,,,,,,NEEDS_REVIEW,3,True,asym/-/-,0,0,,behavioral,0,LIKELY_TP_RECIDIVIST
0x829e78ade3990fe10d7cee28ddbb4880603373c7,base,Behavioral confirmation: bot 0x675a38b2a29376e1db300bba72f2fd5e2fd56dd6 trapped in tx b948a0cd7d5ac93ef327b57b02e182edb5,deployer_history,0xdee610dedc652aa0a8eb9d70eb415d9400fcf387,True,True,MessageTransmitter,,,,,,,,,,,,NEEDS_REVIEW,3,False,,0,0,,behavioral,0,LIKELY_TP_RECIDIVIST
0x60dc3f97ebad47dcbaef8e80604bd5a5f2a31ebe,base,Behavioral confirmation: bot 0x675a38b2a29376e1db300bba72f2fd5e2fd56dd6 trapped in tx 52426f575af6691fa1637d18c418ccf421,bytecode_pattern,0x233a8ad297d03ab18148946c196114ce401f9b04,True,True,CASPReserve,,,,,,,,,,,,NEEDS_REVIEW,0,False,,0,0,,behavioral,0,NEEDS_REVIEW
0xb738b1568f08b0d6894a580ef805e9298ebfab46,base,Behavioral confirmation: bot 0x675a38b2a29376e1db300bba72f2fd5e2fd56dd6 trapped in tx 1b1d7d3e8dd6bf88ef349d62c6b03b8722,bytecode_pattern,0xa9f65861c9bf68497bce6f30c5b20d0ed64d216e,True,True,WorldToken,,,,Land Bid,LAND,ERC-20,175,753565.3782906862,,,,LIKELY_FP,,,,,,,,,ALREADY_MIGRATED
0xbc25d77953425041c3f09ea4b731a873e00036ea,base,Behavioral confirmation: bot 0x29f2930ff68f48cfd230c78976e9ba65017134e8 trapped in tx dde0d36af50a49542450e26dc302dad82f,bytecode_pattern,0xa9f65861c9bf68497bce6f30c5b20d0ed64d216e,True,False,,,,,,,,,,,,,NEEDS_REVIEW,2,False,,0,0,,behavioral,0,LIKELY_TP_RECIDIVIST
0x67273612c6700e45dbfb5db4df21c3b276ecf61b,base,Behavioral confirmation: bot 0x675a38b2a29376e1db300bba72f2fd5e2fd56dd6 trapped in tx 3f0dc78d5f43dfc066ec7bd2b62b64bd41,deployer_history,0x00f884b294766d858db5c7cf70a806820a8d15f0,True,False,,,,,,,,,,,,,NEEDS_REVIEW,0,False,,0,0,,behavioral,0,NEEDS_REVIEW
0x1c0bb70681a7fb1fe06e71807eec1b7a04200ae1,base,Behavioral confirmation: bot 0x21b731c39d4399ccca72915d789b9a4f47c7e061 trapped in tx ceda4bb175db8f9850a9010ef055d1ef65,deployer_history,0x153fc8ee524f51967e457a90c0e7d1af103606a2,True,False,,,,,,,,,,,,,NEEDS_REVIEW,0,False,,0,0,,behavioral,0,NEEDS_REVIEW
0x9696d8c61d4dac0512dbc021bfd3b6aa55679a48,base,Behavioral confirmation: bot 0x675a38b2a29376e1db300bba72f2fd5e2fd56dd6 trapped in tx 4fe95a374e31de20c9744db53fc985405d,bytecode_pattern,0x6f9a0fcd04008ca4575572ed01c5cad55f0b676b,True,True,Token2,,,,Uranus,Uranus,ERC-20,0,,,,,NEEDS_REVIEW,0,False,,0,0,,behavioral,0,STILL_NEEDS_REVIEW
0xf4086fbd0c81b5a3eed2a0addd41ae66b76b5007,base,Behavioral confirmation: bot 0x675a38b2a29376e1db300bba72f2fd5e2fd56dd6 trapped in tx 040602a095b6b47bde271fb80c3bc698f4,deployer_history,0x7ac6e9042fb5148b3f5daf9badfb8cf33ef66f43,True,False,,,,,,,,,,,,,NEEDS_REVIEW,9,False,,0,0,,behavioral,0,LIKELY_TP_RECIDIVIST
0x2f65eb7584c6ad35ab046a5b1e2fe14cbcbfbac3,base,Behavioral confirmation: bot 0x675a38b2a29376e1db300bba72f2fd5e2fd56dd6 trapped in tx 152e0c4d7095bb9381d598059e0edde1d3,deployer_history,0xdf8d48e98be68f31057ba9f32bea69ea92f8382c,True,False,,,,,,,,,,,,,NEEDS_REVIEW,19,False,,0,0,,behavioral,0,LIKELY_TP_RECIDIVIST
0xe38fefedd1dad3d4cfa92df93f8c70be4d41bb8d,base,Behavioral confirmation: bot 0x675a38b2a29376e1db300bba72f2fd5e2fd56dd6 trapped in tx d3e045b84a8fc62f4f4add99e354134f28,deployer_history,0xdf8d48e98be68f31057ba9f32bea69ea92f8382c,True,False,,,,,,,,,,,,,NEEDS_REVIEW,19,False,,0,0,,behavioral,0,LIKELY_TP_RECIDIVIST
0xbac48edc12c2035be989d4ecaaa80dadcbd394c0,base,Behavioral confirmation: bot 0x675a38b2a29376e1db300bba72f2fd5e2fd56dd6 trapped in tx a784c1302b12b845b7d1bd9df91207334e,deployer_history,0xdee610dedc652aa0a8eb9d70eb415d9400fcf387,True,True,StableNairaUUPSDeployer,,,,,,,,,,,,NEEDS_REVIEW,3,True,asym/-/-,0,0,,behavioral,0,LIKELY_TP_RECIDIVIST
0xe3a1b533239bb27eeb06c134bd951c0095fe473b,base,Behavioral confirmation: bot 0x675a38b2a29376e1db300bba72f2fd5e2fd56dd6 trapped in tx 7726527c53d16bed243db368debfb67516,deployer_history,0xdee610dedc652aa0a8eb9d70eb415d9400fcf387,True,True,ValidatorRegistry,,,,,,,,,,,,NEEDS_REVIEW,3,False,,0,0,,behavioral,0,LIKELY_TP_RECIDIVIST
0x30df99bfbad57e50215c86318068b08839670c52,base,Behavioral confirmation: bot 0xae4e7b5691e658870e355614050d97abb5c8e45c trapped in tx 6e634f24b7af714b993ab1f4f14b762e44,bytecode_pattern,0x666c0de666b21cc56f950042e2efc7884f2ee186,True,False,,,,,,,,,,,,,NEEDS_REVIEW,2,False,,0,0,,behavioral,0,LIKELY_TP_RECIDIVIST
0xc2b0c4ca3aecc5f61913d661af2998b6b2807e02,base,Behavioral confirmation: bot 0x675a38b2a29376e1db300bba72f2fd5e2fd56dd6 trapped in tx a11a60731e366e6633901d8d0b1ee80765,bytecode_pattern,0x480ede04b09e86d8e9dd5042edfc270d78b38f35,True,False,,,,,,,,,,,,,NEEDS_REVIEW,0,False,,0,0,,behavioral,0,NEEDS_REVIEW
0x5503eca7c4e453f42ae3151e7026754f84daa40c,base,Behavioral confirmation: bot 0x675a38b2a29376e1db300bba72f2fd5e2fd56dd6 trapped in tx 209c9f4c5179b5a152de29368ac0168efb,bytecode_pattern,0x3981859234be4e44ea1ff1b4b37e4b745f6800ed,True,True,Zeta2,,,,,,,,,,,,NEEDS_REVIEW,0,False,,0,0,,behavioral,0,NEEDS_REVIEW
0xb7ae357fff97d85636e6d64f84105711eba5f495,base,Behavioral confirmation: bot 0x675a38b2a29376e1db300bba72f2fd5e2fd56dd6 trapped in tx 5c33f6832497fd2d78a20ec851b00f9200,deployer_history,0xdf8d48e98be68f31057ba9f32bea69ea92f8382c,True,False,,,,,,,,,,,,,NEEDS_REVIEW,19,True,asym/rev/-,0,0,,behavioral,0,LIKELY_TP_RECIDIVIST
0xcd908ee164c171f07b99d1b1626c996769cfbbeb,base,Behavioral confirmation: bot 0x675a38b2a29376e1db300bba72f2fd5e2fd56dd6 trapped in tx 2427de604b5214c818ea567f600fedb5cb,deployer_history,0xdf8d48e98be68f31057ba9f32bea69ea92f8382c,True,False,,,,,,,,,,,,,NEEDS_REVIEW,19,False,,0,0,,behavioral,0,LIKELY_TP_RECIDIVIST
0x1817acedea1bb9a3a2e8f27337a9e5c8932631dd,base,Behavioral confirmation: bot 0x675a38b2a29376e1db300bba72f2fd5e2fd56dd6 trapped in tx ab059c93487dd46fe972bd239d2825c043,deployer_history,0xdf8d48e98be68f31057ba9f32bea69ea92f8382c,True,True,ERC1967Proxy,,,,,,,,,,,,NEEDS_REVIEW,19,False,,0,0,,behavioral,0,LIKELY_TP_RECIDIVIST
0x429624bbcf560dadd0560ffd14dd27e3143f6e00,base,Behavioral confirmation: bot 0x675a38b2a29376e1db300bba72f2fd5e2fd56dd6 trapped in tx aafbac46d8b5734e83fd0bc82d3d234063,deployer_history,0xdf8d48e98be68f31057ba9f32bea69ea92f8382c,True,False,,,,,,,,,,,,,NEEDS_REVIEW,19,False,,0,0,,behavioral,0,LIKELY_TP_RECIDIVIST
0x99296e87a5e45b38d7581cef73604f949ab9431b,arbitrum,Behavioral confirmation: bot 0xd319317606e640c7552cd6fbf70257491030da62 trapped in tx f44bd49066c2ba773c72553621d8e8acc6,bytecode_pattern,0x0df74d8e669bad2508c4baff04b594dc252b7535,True,False,,,,,,,,,,,,,NEEDS_REVIEW,0,True,-/-/-,0,0,,behavioral,0,NEEDS_REVIEW
0x68dd76a2145a50bd664322cbe2b799b57e3f3056,base,Behavioral confirmation: bot 0xae4e7b5691e658870e355614050d97abb5c8e45c trapped in tx d3e4bb6ebf804bf064fe9fd68962778cfc,bytecode_pattern,0x666c0de666b21cc56f950042e2efc7884f2ee186,True,False,,,,,,,,,,,,,NEEDS_REVIEW,2,False,,0,0,,behavioral,0,LIKELY_TP_RECIDIVIST
0x67316110717389623651044113c55d3cb33cebcf,base,Behavioral confirmation: bot 0x675a38b2a29376e1db300bba72f2fd5e2fd56dd6 trapped in tx edfb2965189db7e57e1d4e40b92cd9c5aa,bytecode_pattern,0xeeb55db419b81d30d189e575c35417088713a6f1,True,True,ZooContract,,,,,,,,,,,,NEEDS_REVIEW,0,False,,0,0,,behavioral,0,NEEDS_REVIEW
0x48a7a5742230e5c8f98dde00b7b53af0e5809ff8,base,Behavioral confirmation: bot 0x675a38b2a29376e1db300bba72f2fd5e2fd56dd6 trapped in tx ca9cb5bd7470b9efa3e8921beb27ada990,deployer_history,0xdf8d48e98be68f31057ba9f32bea69ea92f8382c,True,False,,,,,,,,,,,,,NEEDS_REVIEW,19,True,asym/rev/-,0,0,,behavioral,0,LIKELY_TP_RECIDIVIST
0x8d044036c45896aae7e2c879df38cb61156172b0,base,Behavioral confirmation: bot 0x675a38b2a29376e1db300bba72f2fd5e2fd56dd6 trapped in tx bbff530f7b8dad6966b38c7e729191def2,deployer_history,0x7ac6e9042fb5148b3f5daf9badfb8cf33ef66f43,True,False,,,,,,,,,,,,,NEEDS_REVIEW,9,False,,0,0,,behavioral,0,LIKELY_TP_RECIDIVIST
0xf4616d1526c44b1ca2be2d4448894f28bf2d1780,base,Behavioral confirmation: bot 0x675a38b2a29376e1db300bba72f2fd5e2fd56dd6 trapped in tx 50c2e7ad59d380b39edb89a6979177e58f,bytecode_pattern,0x64ae4355fdbcb05a0952b5836ceb096cd1bb80c2,True,True,Token2,,,,LC SHIB,LC,ERC-20,0,,,,,NEEDS_REVIEW,0,False,,0,0,,behavioral,0,STILL_NEEDS_REVIEW
0x46c459c4ac30365f86c70724319a43ed98d521f8,base,Behavioral confirmation: bot 0x675a38b2a29376e1db300bba72f2fd5e2fd56dd6 trapped in tx ab3bcdc00ab7e10cbd945a3f93e2e6b274,deployer_history,0xdf8d48e98be68f31057ba9f32bea69ea92f8382c,True,True,Factory,,,,,,,,,,,,NEEDS_REVIEW,19,True,asym/rev/fee,0,0,,behavioral,0,LIKELY_TP_RECIDIVIST
0xb94ce9a053db36c70a2d9640ab39e27f61957139,base,Behavioral confirmation: bot 0x675a38b2a29376e1db300bba72f2fd5e2fd56dd6 trapped in tx ac4cd436c45a1ad15286275d40d435ab98,deployer_history,0x8703d5bf97d344805cc9a7c025390cadcf4ff143,True,False,,,,,,,,,,,,,NEEDS_REVIEW,1,False,,0,0,,behavioral,0,NEEDS_REVIEW
0xee050f57a4a23fefd72a3a1341f0c80c2572e771,base,Behavioral confirmation: bot 0x675a38b2a29376e1db300bba72f2fd5e2fd56dd6 trapped in tx c68b4707edf2ec5c0f6c9788b8e479e42b,deployer_history,0x8703d5bf97d344805cc9a7c025390cadcf4ff143,True,False,,,,,,,,,,,,,NEEDS_REVIEW,1,False,,0,0,,behavioral,0,NEEDS_REVIEW
0xb857118d7a9213babb8be8bb7ba1430bcd1c33a7,base,Behavioral confirmation: bot 0x675a38b2a29376e1db300bba72f2fd5e2fd56dd6 trapped in tx d5137223dc6d7597c2812a64ad492721d4,bytecode_pattern,0x1ca2fcabd73f86f184d829069de53f00f535fad9,True,True,TupleStabilizer,,,,,,,,,,,,NEEDS_REVIEW,0,False,,0,0,,behavioral,0,NEEDS_REVIEW
0x97ad0033a4a206187b80c411ce2bac75f5b675fb,base,Behavioral confirmation: bot 0x91d1cd5bcff6def314d9e57c3dc77bc066ff228a trapped in tx b46cafd2daad0c49972a1b10529f434e7b,bytecode_pattern,0xad5698aed829bdbc070686797dff45c5be0bd729,True,False,,,,,,,,,,,,,NEEDS_REVIEW,2,False,,0,0,,behavioral,0,LIKELY_TP_RECIDIVIST
0xb9cfe85c4ac69e01d1b5474bd31ee5da2dcfb3c0,arbitrum,Behavioral confirmation: bot 0x6b4db669cb16653d94a2a27808fce8b8c34f9268 trapped in tx b9a446ba2ec88338092f725a1787e79ab7,deployer_history,0x62d8f07c80163fea2e2f9a17b8cffc8989cba0f5,True,False,,,,,,,,,,,,,NEEDS_REVIEW,1,False,,0,0,,behavioral,0,NEEDS_REVIEW
0x5f88f0a82b5c015f5a40f22d90bd2d454ff4768f,optimism,Behavioral confirmation: bot 0x675a38b2a29376e1db300bba72f2fd5e2fd56dd6 trapped in tx 388994c6a3425f261a1c2a3b0f3d860315,bytecode_pattern,0x52388497633a31dc8be827950cf968be94d80e9c,True,False,,,,,,,,,,,,,NEEDS_REVIEW,1,True,-/-/-,0,0,,behavioral,0,NEEDS_REVIEW
0x94eb7d3eb3a0781fda95d5349b59146c66af7786,base,Behavioral confirmation: bot 0x675a38b2a29376e1db300bba72f2fd5e2fd56dd6 trapped in tx 947b4a40d33c2b11a418d37c40178620a6,bytecode_pattern,0x39e67b9238b874f74233692454e2d04e9fc68363,True,True,StableNairaUUPSDeployer,,,,,,,,,,,,NEEDS_REVIEW,0,True,asym/-/-,0,0,,behavioral,0,NEEDS_REVIEW
0xed3e9cfa783a694650cfd7d8a25b2873e191e358,base,Behavioral confirmation: bot 0x675a38b2a29376e1db300bba72f2fd5e2fd56dd6 trapped in tx 18add8c28d6d34dcc6648cea65da861441,bytecode_pattern,0x4f8ef095596f61691e0bae004088a86c6a2e04c6,True,True,MedievalMemoryNFT,,,,Medieval Memory Relic,RELIC,ERC-721,0,,,,,NEEDS_REVIEW,0,False,,0,0,,behavioral,0,STILL_NEEDS_REVIEW
0x6252f44e1c92f3dd614b11cc6e8699a8ccf26558,base,Behavioral confirmation: bot 0xfe968de21eb0e77d5877477c31a04a3075c0086e trapped in tx d1b2086884c21ef3161e9c1b0bd47d3c14,bytecode_pattern,0x5430757ee25f25d11987b206c1789d394a779200,True,True,VaultID,,,,LeftClaw VaultID,VAULTID,ERC-721,0,,,,,NEEDS_REVIEW,2,False,,0,0,,behavioral,0,STILL_NEEDS_REVIEW
0x67bd2c6da2d8acf708f09d30fc34d773891be947,base,Behavioral confirmation: bot 0x675a38b2a29376e1db300bba72f2fd5e2fd56dd6 trapped in tx 54e7ce19b2110ed19ff348ad05cdf460f0,deployer_history,0x52388497633a31dc8be827950cf968be94d80e9c,True,False,,,,,,,,,,,,,NEEDS_REVIEW,1,False,,0,0,,behavioral,0,NEEDS_REVIEW
0xda8f9076f965f8d9d4d0791192d5c100220ed79e,base,Behavioral confirmation: bot 0x3380266ca63ab28009c0d1dd5f221fc1e733bb9d trapped in tx 3c2fa973269caa90dda1a50b6953aa7f49,deployer_history,0x95a02229aa8c02841b7ca51aaa3c74e172276e94,True,True,ERC1967Proxy,,,,Bondingv2test,TestBONDv2,ERC-20,0,,,,,NEEDS_REVIEW,3,False,,0,0,,behavioral,0,STILL_NEEDS_REVIEW
0xfa76ee1b83870b3d636bef624d4f321fd5296791,base,Behavioral confirmation: bot 0x675a38b2a29376e1db300bba72f2fd5e2fd56dd6 trapped in tx 29e41b86803713bf7726056c60678b4954,bytecode_pattern,0xf87e5d9d67bcc333dd58d7e6fcf5c1a4efc8c567,True,True,ERC20,,,,Base Goat Token,GOAT,ERC-20,0,,,,,NEEDS_REVIEW,0,False,,0,0,,behavioral,0,STILL_NEEDS_REVIEW
0xeaf78552f395341d001dda3b043a6a95a51a1487,base,Behavioral confirmation: bot 0x675a38b2a29376e1db300bba72f2fd5e2fd56dd6 trapped in tx 5b8e3d87012a9952886c36d43d741f4278,bytecode_pattern,0x6f18fc92e4d16256a0c99eaee5034d667cd98f2f,True,True,ERC20,,,,Father Wojak,FARWOJAK,ERC-20,0,,,,,NEEDS_REVIEW,0,False,,0,0,,behavioral,0,STILL_NEEDS_REVIEW
0x13abd773e065079da096f3efab7beb22c0992470,base,Behavioral confirmation: bot 0x675a38b2a29376e1db300bba72f2fd5e2fd56dd6 trapped in tx e8e5b56ec4b89128dec172867a1403ed01,bytecode_pattern,0xcd5f6927cf065a4ecb321f76535475ebf912ff20,True,True,ERC20,,,,Quick Jargon,QUICKJARGON,ERC-20,0,,,,,NEEDS_REVIEW,0,False,,0,0,,behavioral,0,STILL_NEEDS_REVIEW
0xc8fbde4ef5dc8fc218103b0e630f8ed11aa13258,base,Behavioral confirmation: bot 0x675a38b2a29376e1db300bba72f2fd5e2fd56dd6 trapped in tx 8c6660b2a8b0c06f1027c732abf594e9df,bytecode_pattern,0x7acc29c4abe90f4f714b0d0c9de28a590b6f94a9,True,True,ERC20,,,,Make Trump Great Again,MTGA,ERC-20,0,,,,,NEEDS_REVIEW,0,False,,0,0,,behavioral,0,STILL_NEEDS_REVIEW
0xb5b41e0355cd4ecdb27ace59d18ae806f212f01d,base,Behavioral confirmation: bot 0x675a38b2a29376e1db300bba72f2fd5e2fd56dd6 trapped in tx f797851e043bd7396d595f3ecb1d2bc03c,bytecode_pattern,0x5d2455aae669d17ed6f93dbbc0f26d403040e873,True,True,ERC20,,,,Tinder Doge,TINDERDOGE,ERC-20,0,,,,,NEEDS_REVIEW,0,False,,0,0,,behavioral,0,STILL_NEEDS_REVIEW
0x973d283bff94ace22c96ce03067eb89bc4a1bdc4,base,Behavioral confirmation: bot 0x675a38b2a29376e1db300bba72f2fd5e2fd56dd6 trapped in tx b2b4b7f960d22e4b174144707413e1896e,bytecode_pattern,0xc51f376a1c96a1acf0eab0918c0bfcf3611b8ce3,True,True,ERC20,,,,Lonly Hippo 2.0,LONLYHIPPO2.0,ERC-20,0,,,,,NEEDS_REVIEW,0,False,,0,0,,behavioral,0,STILL_NEEDS_REVIEW
0x1e1c8b9d5de657d9285a99d5c92729fe3ef4f302,base,Behavioral confirmation: bot 0x675a38b2a29376e1db300bba72f2fd5e2fd56dd6 trapped in tx 55e95860f0235c527ec89046ffb3f176e3,bytecode_pattern,0x51d81f7eed2ee61ffd27ec230a4663a538e404ae,True,True,Tipping,,,,,,,,,,,,NEEDS_REVIEW,0,False,,0,0,,behavioral,0,NEEDS_REVIEW
0xa33b99b74253cb5ec4916592c25468d9bb780188,base,Behavioral confirmation: bot 0x675a38b2a29376e1db300bba72f2fd5e2fd56dd6 trapped in tx 3d597c4ff81abfd144ed0e5292e029d5e4,bytecode_pattern,0xdc07251ee538e8e352f700c4f9dac2627c9bb1b9,True,True,Token2,,,,Milady,Milady,ERC-20,0,,,,,NEEDS_REVIEW,0,False,,0,0,,behavioral,0,STILL_NEEDS_REVIEW
0xc638dbde57cd3caf4044b52da774b1750271041c,base,Behavioral confirmation: bot 0x675a38b2a29376e1db300bba72f2fd5e2fd56dd6 trapped in tx 4ed0b849746689ddefe99ce81624f51a44,bytecode_pattern,0x006c0a01db3eedc205ca400b5f6400edd41a5ca9,True,False,,,,,,,,,,,,,NEEDS_REVIEW,2,False,,0,0,,behavioral,0,LIKELY_TP_RECIDIVIST
0xecfa09061e84ad06cc4903ec3de2993f09ea4bb5,base,Behavioral confirmation: bot 0xb637a7250ff665aef88bbf2b1a2327fe208ce05a trapped in tx 7cbc33bca4dcddc318807a1d19f5b2b596,deployer_history,0x95a02229aa8c02841b7ca51aaa3c74e172276e94,True,True,ERC1967Proxy,,,,,,,,,,,,NEEDS_REVIEW,3,False,,0,0,,behavioral,0,LIKELY_TP_RECIDIVIST
0xe7074c462a9ef94a9381e1da704f8b14caaa09f1,base,Behavioral confirmation: bot 0x675a38b2a29376e1db300bba72f2fd5e2fd56dd6 trapped in tx 8a7978e813fbd6c9c39aca6197674dfcbe,deployer_history,0xdf8d48e98be68f31057ba9f32bea69ea92f8382c,True,False,,,,,,,,,,,,,NEEDS_REVIEW,19,False,,0,0,,behavioral,0,LIKELY_TP_RECIDIVIST
0x4d6025f3db7f81331feb272d416cb75686f37e04,base,Behavioral confirmation: bot 0x675a38b2a29376e1db300bba72f2fd5e2fd56dd6 trapped in tx 4e110705f9d5bbcb81b4452c51aa99ad74,deployer_history,0xdf8d48e98be68f31057ba9f32bea69ea92f8382c,True,False,,,,,,,,,,,,,NEEDS_REVIEW,19,True,asym/rev/-,0,0,,behavioral,0,LIKELY_TP_RECIDIVIST
0x5f742e43943481013d36a412749f1aec750af705,base,Behavioral confirmation: bot 0x675a38b2a29376e1db300bba72f2fd5e2fd56dd6 trapped in tx 39751ddd3c8ff7afc0f50612b5a06ac53e,deployer_history,0xdf8d48e98be68f31057ba9f32bea69ea92f8382c,True,False,,,,,,,,,,,,,NEEDS_REVIEW,19,False,,0,0,,behavioral,0,LIKELY_TP_RECIDIVIST
0xe69eda5a921a3d9cbb4ae71a19ead4bce31bad61,base,Behavioral confirmation: bot 0x675a38b2a29376e1db300bba72f2fd5e2fd56dd6 trapped in tx 369c9fe99c56cbf49a0463ca5c7e7227d0,deployer_history,0x702ba46435d1e55b18440100bc81eb055574875e,True,True,PunktownRegistry,,,,,,,,,,,,NEEDS_REVIEW,8,False,,0,0,,behavioral,0,LIKELY_TP_RECIDIVIST
0x24797d20b65f89da4bef22822c76b66dfcf77789,base,Behavioral confirmation: bot 0x675a38b2a29376e1db300bba72f2fd5e2fd56dd6 trapped in tx 74739c2d0273a14b2b2cd616c1d65d1e8f,deployer_history,0xacb1b9d369b078cf1e4db91740ac0bdbdb7744b9,True,False,,,,,,,,,,,,,NEEDS_REVIEW,1,False,,0,0,,behavioral,0,NEEDS_REVIEW
0x032fe85decd3cc91f1258054cf44cdd4cbb0fe9a,base,Behavioral confirmation: bot 0x675a38b2a29376e1db300bba72f2fd5e2fd56dd6 trapped in tx 18a51e7136f1449db5703366473e584a31,bytecode_pattern,0x006c0a01db3eedc205ca400b5f6400edd41a5ca9,True,False,,,,,,,,,,,,,NEEDS_REVIEW,2,False,,0,0,,behavioral,0,LIKELY_TP_RECIDIVIST
0x86e8f613bab4e97cdb821054c866c953182e1f2f,base,Behavioral confirmation: bot 0x675a38b2a29376e1db300bba72f2fd5e2fd56dd6 trapped in tx 45516574849607110eac8cc21959e3f9f1,deployer_history,0x702ba46435d1e55b18440100bc81eb055574875e,True,False,,,,,,,,,,,,,NEEDS_REVIEW,8,False,,0,0,,behavioral,0,LIKELY_TP_RECIDIVIST
0x055d84908672b9be53275963862614aea9cdb98b,base,Behavioral confirmation: bot 0x675a38b2a29376e1db300bba72f2fd5e2fd56dd6 trapped in tx e5415f793cb34ab9743c779213f854ebad,deployer_history,0xf58f19be7c3ab385500862dc2391f42b6596f978,True,False,Mock NFT,,,,Mock NFT,MNFT,ERC-721,0,,,,,NEEDS_REVIEW,1,False,,0,0,,behavioral,0,NEEDS_REVIEW
0x919bb308e15d4b6a8a3d54fb3098e9725e0e8152,arbitrum,Behavioral confirmation: bot 0x7d7fe52925115a1a5cf789774fc128eb669ae1f5 trapped in tx 0a1d591a32ad8ba62287e45c186be05b01,bytecode_pattern,0xe81d41f54a70a9633109720f9d1c44150e2af0e4,True,False,,,,,,,,,,,,,NEEDS_REVIEW,0,False,,0,0,,behavioral,0,NEEDS_REVIEW
0xd7de99ebbd8d34a8f1c76cb3d55feb04d44bddfc,base,Behavioral confirmation: bot 0x675a38b2a29376e1db300bba72f2fd5e2fd56dd6 trapped in tx f787be8e3b664bf17dc4bc30bf8b5fd79f,bytecode_pattern,0x7699285ee9b37fc96bae07918ebd52ce064c956a,True,False,,,,,,,,,,,,,NEEDS_REVIEW,0,True,asym/-/-,0,0,,behavioral,0,NEEDS_REVIEW
0x46bdd081f64812da63f39b6a0da241a504f3e212,base,Behavioral confirmation: bot 0x675a38b2a29376e1db300bba72f2fd5e2fd56dd6 trapped in tx d5badf7cca81d3928c256f14c86bf92231,deployer_history,0xea2117b24f7947647bec60527b68f4244ae40c01,True,False,,,,,,,,,,,,,NEEDS_REVIEW,1,False,,0,0,,behavioral,0,NEEDS_REVIEW
0x83c2163af09834d27df7acaa33ee483f991a9fe6,base,Behavioral confirmation: bot 0x675a38b2a29376e1db300bba72f2fd5e2fd56dd6 trapped in tx 0813a4fcb78def2be29f154b73d8ee61b6,bytecode_pattern,0xe16e6b04d5d8a5b3835d93fe5e6addaa0d72e682,True,True,Token2,,,,fog,fog,ERC-20,0,,,,,NEEDS_REVIEW,0,False,,0,0,,behavioral,0,STILL_NEEDS_REVIEW
0x9bb6141ed1ac260a79a7623db7622b63a298d16b,base,Behavioral confirmation: bot 0x675a38b2a29376e1db300bba72f2fd5e2fd56dd6 trapped in tx 862be904aecc20fb36646f814e96175cab,bytecode_pattern,0x819fec2168eeed0be582621cc991aa38df6d296c,True,False,,,,,,,,,,,,,NEEDS_REVIEW,0,True,-/-/-,0,0,,behavioral,0,NEEDS_REVIEW
0x884b553995873d9d515e2dab8b28d5f3e4f9e51b,base,Behavioral confirmation: bot 0x675a38b2a29376e1db300bba72f2fd5e2fd56dd6 trapped in tx d8c85aebab080e06e17714b9d08438d93e,deployer_history,0xdf8d48e98be68f31057ba9f32bea69ea92f8382c,True,True,Factory,,,,,,,,,,,,NEEDS_REVIEW,19,True,asym/rev/fee,0,0,,behavioral,0,LIKELY_TP_RECIDIVIST
0x1d0b345cd59d90a2a6731a73b4553c53c3383fc1,base,Behavioral confirmation: bot 0x675a38b2a29376e1db300bba72f2fd5e2fd56dd6 trapped in tx 46cfa31fc7bc7bcd25128eb58f663d4d24,deployer_history,0xdf8d48e98be68f31057ba9f32bea69ea92f8382c,True,True,ERC1967Proxy,,,,,,,,,,,,NEEDS_REVIEW,19,False,,0,0,,behavioral,0,LIKELY_TP_RECIDIVIST
0xb0d6e71a82b16a9f44516ee2cbb2fbea5adad845,base,Behavioral confirmation: bot 0x675a38b2a29376e1db300bba72f2fd5e2fd56dd6 trapped in tx f42436de2689a411700a979796d97718d8,bytecode_pattern,0x70a36bbae8d408de8c962f206293bf9118ace6c1,True,True,VALTStakingVault,,,,,,,,,,,,NEEDS_REVIEW,0,False,,0,0,,behavioral,0,NEEDS_REVIEW
0xa558533a48f97e145783470ca2fee1d17b230c94,base,Behavioral confirmation: bot 0x675a38b2a29376e1db300bba72f2fd5e2fd56dd6 trapped in tx 650fdbbd4236340ab740679c8a89a640a4,bytecode_pattern,0x7911934a7357a5814e7deafddc336abf59ae9942,True,False,HASH98,,,,HASH98,HASH98,ERC-20,0,,,,,NEEDS_REVIEW,0,False,,0,0,,behavioral,0,NEEDS_REVIEW
0xfec37fae6ec1de0c06f57c54ec6b8a6eea0dc8fd,base,Behavioral confirmation: bot 0x3fd023228b9abc068f8a8c3494ed0141a706c4be trapped in tx 3de624c953ced9308fcc55fae31e1ee316,deployer_history,0xb01dce443d052e44b7d13726c0ec9ffb7f5815b6,True,False,,,,,,,,,,,,,NEEDS_REVIEW,1,False,,0,0,,behavioral,0,NEEDS_REVIEW
0xf1f9acf149dd8450c5cd3c8e59b7957c688902ee,base,Behavioral confirmation: bot 0x675a38b2a29376e1db300bba72f2fd5e2fd56dd6 trapped in tx bdf9a3fae4acf52c111b153e0360dd6c01,bytecode_pattern,0x006c0a01db3eedc205ca400b5f6400edd41a5ca9,True,False,,,,,,,,,,,,,NEEDS_REVIEW,2,False,,0,0,,behavioral,0,LIKELY_TP_RECIDIVIST
0x98e0caa8e75b95c8014288245a2f7025972e8254,base,Behavioral confirmation: bot 0x675a38b2a29376e1db300bba72f2fd5e2fd56dd6 trapped in tx 8006bd42ae149ae300f3659795493af8b4,bytecode_pattern,0x159a753db06231a013ba8404f14bf71650ce0dbd,True,False,Token_512,,,,Token_512,TKN512,ERC-20,0,,,,,NEEDS_REVIEW,0,True,-/-/fee,0,0,,behavioral,0,NEEDS_REVIEW
0x61544f2ad4b83353f20b38057a5c74c5385085ab,base,Behavioral confirmation: bot 0x675a38b2a29376e1db300bba72f2fd5e2fd56dd6 trapped in tx eee3eb2166ddf9427bfd43cd4add9de225,deployer_history,0x07029499d002f0bac847de418c26ede67ecfc9f2,True,True,USDS,,,,,,,,,,,,NEEDS_REVIEW,1,False,,0,0,,behavioral,0,NEEDS_REVIEW
0x2fe3de1cd16712f23cc0a94020d5f251fea4e972,base,Behavioral confirmation: bot 0x675a38b2a29376e1db300bba72f2fd5e2fd56dd6 trapped in tx 450db063a46eaece280b0ca77372015ef8,deployer_history,0xdf8d48e98be68f31057ba9f32bea69ea92f8382c,True,True,ERC1967Proxy,,,,,,,,,,,,NEEDS_REVIEW,19,False,,0,0,,behavioral,0,LIKELY_TP_RECIDIVIST
0xb2deeaccaaee706db5111ddec9aa3c785263750d,base,Behavioral confirmation: bot 0x675a38b2a29376e1db300bba72f2fd5e2fd56dd6 trapped in tx d5f9c2d671e03086469ef8c5244971f886,bytecode_pattern,0x1607863e2d3c089c845c25b010fe5a1e51bd416f,True,False,Token_7517,,,,Token_7517,TKN7517,ERC-20,0,,,,,NEEDS_REVIEW,0,True,-/-/fee,0,0,,behavioral,0,NEEDS_REVIEW
0x08b3c861a3f353cb47bc092bf3ccd890344086a5,base,Behavioral confirmation: bot 0x675a38b2a29376e1db300bba72f2fd5e2fd56dd6 trapped in tx fa1a97064a2c8f661d54d7d85de6cbb855,deployer_history,0x07029499d002f0bac847de418c26ede67ecfc9f2,True,True,USDS,,,,,,,,,,,,NEEDS_REVIEW,1,False,,0,0,,behavioral,0,NEEDS_REVIEW
0xc3a2cf3a2384f673927e4e2a997f68452dd65133,base,Behavioral confirmation: bot 0x675a38b2a29376e1db300bba72f2fd5e2fd56dd6 trapped in tx 199d884a912cd740404a3f28d1e9674974,bytecode_pattern,0x925c8c4bf83169bc9cdfcbd54be05fb7f351332a,True,False,,,,,,,,,,,,,NEEDS_REVIEW,0,True,asym/-/-,0,0,,behavioral,0,NEEDS_REVIEW
0x27c16aa1074e6ed686a0e1c22231d3df85caf1c3,base,Behavioral confirmation: bot 0x675a38b2a29376e1db300bba72f2fd5e2fd56dd6 trapped in tx 48d4a830005a218e7cc77973ca679de770,bytecode_pattern,0xbe96fb12585bd1cd2822ae451a69ea5e8970806f,True,False,,,,,,,,,,,,,NEEDS_REVIEW,0,True,asym/-/-,0,0,,behavioral,0,NEEDS_REVIEW
0xfa582e34a4af16f6a9c81776c2462ef46228dfd2,base,Behavioral confirmation: bot 0x675a38b2a29376e1db300bba72f2fd5e2fd56dd6 trapped in tx 83dfb7dda79a9bb0c67c521d165cadc952,deployer_history,0xdf8d48e98be68f31057ba9f32bea69ea92f8382c,True,False,,,,,,,,,,,,,NEEDS_REVIEW,19,True,asym/rev/-,0,0,,behavioral,0,LIKELY_TP_RECIDIVIST
0xa199c51398712226a8c0f317e2b30b330778526c,base,Behavioral confirmation: bot 0x675a38b2a29376e1db300bba72f2fd5e2fd56dd6 trapped in tx 1eb02d79570d859c7ee5b9d614c73793b7,deployer_history,0xa0277bc37abe8b07f6ba43403b5e9920cb502b9b,True,True,USDS,,,,,,,,,,,,NEEDS_REVIEW,3,False,,0,0,,behavioral,0,LIKELY_TP_RECIDIVIST
0xfb2d4de23917ccccb306d7fcc6a3b936bdfd6578,base,Behavioral confirmation: bot 0x675a38b2a29376e1db300bba72f2fd5e2fd56dd6 trapped in tx ef9ad2898d64f639dd3a936ddddde57fa9,deployer_history,0xa0277bc37abe8b07f6ba43403b5e9920cb502b9b,True,True,USDS,,,,,,,,,,,,NEEDS_REVIEW,3,False,,0,0,,behavioral,0,LIKELY_TP_RECIDIVIST
0x701220a63f49d98263f235e6c63f1571fcdacbbd,base,Behavioral confirmation: bot 0x675a38b2a29376e1db300bba72f2fd5e2fd56dd6 trapped in tx 538f817882d90d8bdffe2464cdc253e9ee,deployer_history,0xa0277bc37abe8b07f6ba43403b5e9920cb502b9b,True,False,,,,,,,,,,,,,NEEDS_REVIEW,3,False,,0,0,,behavioral,0,LIKELY_TP_RECIDIVIST
0xff6237322e833b02a20b0b1938afbe57a9c348c8,base,Behavioral confirmation: bot 0x675a38b2a29376e1db300bba72f2fd5e2fd56dd6 trapped in tx 0003bd2799da68de7ea04e39c980f13b50,deployer_history,0xa0277bc37abe8b07f6ba43403b5e9920cb502b9b,True,True,USDS,,,,,,,,,,,,NEEDS_REVIEW,3,False,,0,0,,behavioral,0,LIKELY_TP_RECIDIVIST
0xedb25e74071223606ba89c2bf97f6df6c28e55fe,base,Behavioral confirmation: bot 0x675a38b2a29376e1db300bba72f2fd5e2fd56dd6 trapped in tx 8e2c72ed2d71949cdd36c737a4386f3f3f,bytecode_pattern,0xf639c7151eedb9818e7ba6c74f7794fd0244f0dd,True,False,,,,,,,,,,,,,NEEDS_REVIEW,0,True,-/-/fee,0,0,,behavioral,0,NEEDS_REVIEW
0xb76ffc8926ee2e1ee4caf52a4b0a71f63bf438b6,base,Behavioral confirmation: bot 0x675a38b2a29376e1db300bba72f2fd5e2fd56dd6 trapped in tx 59fcdc27d23d7002c481a0806b5ec28934,deployer_history,0xdf8d48e98be68f31057ba9f32bea69ea92f8382c,True,False,,,,,,,,,,,,,NEEDS_REVIEW,19,True,asym/rev/-,0,0,,behavioral,0,LIKELY_TP_RECIDIVIST
0xa0d9cbad590ee14e40d88d5afdda22c7d71913d0,base,Behavioral confirmation: bot 0x675a38b2a29376e1db300bba72f2fd5e2fd56dd6 trapped in tx be395b3ef64a7bbfce5045f21b8bc795c3,deployer_history,0xdf8d48e98be68f31057ba9f32bea69ea92f8382c,True,True,ERC1967Proxy,,,,,,,,,,,,NEEDS_REVIEW,19,False,,0,0,,behavioral,0,LIKELY_TP_RECIDIVIST
0x0fab8fdd2e791e13e56fb7b1027c098a1d51207e,base,Self-loop: deployer 0xa0350f0c6cd4b8f02af832d37a6b7c939a9f8794 called own contract in reverted tx at block 45620807 (BOT,bytecode_pattern,0xa0350f0c6cd4b8f02af832d37a6b7c939a9f8794,True,False,,,,,,,,,,,,,NEEDS_REVIEW,3,False,,0,0,,self_loop,0,LIKELY_TP_RECIDIVIST
0xe3464f9d819aa91deecec04af3e4894fb9e420ac,base,Behavioral confirmation: bot 0x675a38b2a29376e1db300bba72f2fd5e2fd56dd6 trapped in tx d822f581ee7840f1112ef9651fea60057e,deployer_history,0x3bfd461aba6971dfb42f38686796b6ff3901b24d,True,False,,,,,,,,,,,,,NEEDS_REVIEW,4,False,,0,0,,behavioral,0,LIKELY_TP_RECIDIVIST
0xcca778ee783234ccb121120b987582027fd33632,base,Behavioral confirmation: bot 0x675a38b2a29376e1db300bba72f2fd5e2fd56dd6 trapped in tx f3820728fae80d453cb107e2584c233a20,bytecode_pattern,0x18ffe0ef3ab518d59e29d672fddef0d0131578a0,True,True,PulseDaily,,,,,,,,,,,,NEEDS_REVIEW,0,True,-/-/-,0,0,,behavioral,0,NEEDS_REVIEW
0x9b5e40f98bd770d8297b11f8e6bf04056e42b0ac,base,Behavioral confirmation: bot 0x675a38b2a29376e1db300bba72f2fd5e2fd56dd6 trapped in tx e9e040dac28be6807c0a2c008935f4e93d,deployer_history,0x39e7dfbe6783fb0436876c9986f5091ce4bfc3c6,True,False,StealthOS Sample ERC721,,,,StealthOS Sample ERC721,SOS721,ERC-721,0,,,,,NEEDS_REVIEW,0,False,,0,0,,behavioral,0,NEEDS_REVIEW
0x6ec749dfbf8540a3212bbbff5c68e0eebbc368a5,base,Behavioral confirmation: bot 0x675a38b2a29376e1db300bba72f2fd5e2fd56dd6 trapped in tx b148fd03b651c3f39f2555d02c4b490833,deployer_history,0xc72999e9d438a4e2929160642921dbcc2d1fb37b,True,True,Mediacoin,,,,HopCoin,HOP,ERC-1155,0,,,,,NEEDS_REVIEW,7,False,,0,0,,behavioral,0,STILL_NEEDS_REVIEW
0x583d9dea92fc60b00c0046b2bdaf3f66d8d50d90,base,Behavioral confirmation: bot 0x675a38b2a29376e1db300bba72f2fd5e2fd56dd6 trapped in tx 59f736ce8709b6bb4b62f7c54253aa4a80,bytecode_pattern,0x2bf5e0206cc73d60b059d14cc6334a63f5808675,True,False,,,,,,,,,,,,,NEEDS_REVIEW,0,True,asym/-/-,0,0,,behavioral,0,NEEDS_REVIEW
0xe24a3ee065ebe8da4e851943f5f0a4bc89ef93c4,base,Behavioral confirmation: bot 0x675a38b2a29376e1db300bba72f2fd5e2fd56dd6 trapped in tx 33df29e68a3c52e807a6ea6ea1fe06f05c,bytecode_pattern,0xb6f2f4e4db4af865428f832a7faab2a6112a0c78,True,False,,,,,,,,,,,,,NEEDS_REVIEW,0,False,,0,0,,behavioral,0,NEEDS_REVIEW
0x1505e57d128c5fa7c8cda7bc5c6449972f3a59cf,base,Behavioral confirmation: bot 0x675a38b2a29376e1db300bba72f2fd5e2fd56dd6 trapped in tx 50c0ea44841c301340a1ab6ea1a6cf9d8e,bytecode_pattern,0x886503459c8b60482dde87b28d9f9330be941616,True,True,MIRROR,,,,MIRROR,MIRROR,ERC-20,0,,,,,NEEDS_REVIEW,0,False,,0,0,,behavioral,0,STILL_NEEDS_REVIEW
0x7ef5f65d9cf07a384b4332dff6a6fbb78c193dbc,base,Behavioral confirmation: bot 0x675a38b2a29376e1db300bba72f2fd5e2fd56dd6 trapped in tx 221513d2e880f7d161735ab64a8229c096,bytecode_pattern,0xfd5a58d70bee70a4a20891f388bcb9ea016eea35,True,True,Factory,,,,,,,,,,,,NEEDS_REVIEW,1,True,asym/rev/fee,0,0,,behavioral,0,NEEDS_REVIEW
0x4ba8eed3c6efbe199f63ddd0e3ae9c5fad9f698f,base,Behavioral confirmation: bot 0x675a38b2a29376e1db300bba72f2fd5e2fd56dd6 trapped in tx 05054eeee34e08a3f7f2198f11b212ac4d,deployer_history,0xfd5a58d70bee70a4a20891f388bcb9ea016eea35,True,False,,,,,,,,,,,,,NEEDS_REVIEW,1,False,,0,0,,behavioral,0,NEEDS_REVIEW
0x2ac35feec40878d2d48c6bc9416c70394f9d9933,base,Behavioral confirmation: bot 0x675a38b2a29376e1db300bba72f2fd5e2fd56dd6 trapped in tx 7d76ec1431f5991787d8316d1ca20dcd29,bytecode_pattern,0x33333333333c2b9875b341d0c60b1f402feb9952,True,False,,,,,,,,,,,,,NEEDS_REVIEW,0,False,,0,0,,behavioral,0,NEEDS_REVIEW
0xbf7ef07cd0baf5ed03a91726c1af8d5933743db2,base,Behavioral confirmation: bot 0x675a38b2a29376e1db300bba72f2fd5e2fd56dd6 trapped in tx 97bb8402a6ee3ed14088a1b51a785a99d9,deployer_history,0xdf8d48e98be68f31057ba9f32bea69ea92f8382c,True,False,,,,,,,,,,,,,NEEDS_REVIEW,19,False,,0,0,,behavioral,0,LIKELY_TP_RECIDIVIST
0x2cc835486fd0c25130b52646d8f6f82a987497f6,base,Self-loop: deployer 0x28edd45d4987ac531093cd28be5a7c25b767dd89 called own contract in reverted tx at block 45609266 (BOT,bytecode_pattern,0x28edd45d4987ac531093cd28be5a7c25b767dd89,True,False,,,,,,,,,,,,,NEEDS_REVIEW,2,False,,0,0,,self_loop,0,LIKELY_TP_RECIDIVIST
0xd26a0bf1fc29a710a6a69264940111cb0cc20b3a,base,Behavioral confirmation: bot 0x675a38b2a29376e1db300bba72f2fd5e2fd56dd6 trapped in tx 2f2ff1c90a060964fe456e1ee2435db5e4,bytecode_pattern,0xe16a455258ea59b55b4c1a1950a9e3fc781c9d78,True,True,Token2,,,,AI DO MY WORK,WORK,ERC-20,0,,,,,NEEDS_REVIEW,0,False,,0,0,,behavioral,0,STILL_NEEDS_REVIEW
0x0f6b6ed5121df355c6a3219ef1adb1ad36b836c7,base,Behavioral confirmation: bot 0x675a38b2a29376e1db300bba72f2fd5e2fd56dd6 trapped in tx fd899377bdb54a7587d780f8c7aa178f57,deployer_history,0xc72999e9d438a4e2929160642921dbcc2d1fb37b,True,True,Mediacoin,,,,DogeCoin,DOGX,ERC-20,0,,,,,NEEDS_REVIEW,7,False,,0,0,,behavioral,0,STILL_NEEDS_REVIEW
0xcd9d2f2c71070f3141719e1fb1628972e032825d,base,Behavioral confirmation: bot 0x675a38b2a29376e1db300bba72f2fd5e2fd56dd6 trapped in tx 90b23068ffcd614ec1401027166ac6efbd,deployer_history,0xc72999e9d438a4e2929160642921dbcc2d1fb37b,True,True,Mediacoin,,,,DOGECOIN,DOGE,ERC-20,0,,,,,NEEDS_REVIEW,7,False,,0,0,,behavioral,0,STILL_NEEDS_REVIEW
0xa87fe69beeb6462a978e2bac9c6c05cce38fbeb4,base,Self-loop: deployer 0x28edd45d4987ac531093cd28be5a7c25b767dd89 called own contract in reverted tx at block 45609397 (BOT,bytecode_pattern,0x28edd45d4987ac531093cd28be5a7c25b767dd89,True,False,,,,,,,,,,,,,NEEDS_REVIEW,2,False,,0,0,,self_loop,0,LIKELY_TP_RECIDIVIST
0xf286dbd18b5be5332b25ff017323a80eb76db7ca,base,Behavioral confirmation: bot 0x675a38b2a29376e1db300bba72f2fd5e2fd56dd6 trapped in tx 8b581aa45fb54ef5c05e2c4e95595d9171,deployer_history,0xc72999e9d438a4e2929160642921dbcc2d1fb37b,True,True,Mediacoin,,,,DogeCoin,DOGECOIN,ERC-20,0,,,,,NEEDS_REVIEW,7,False,,0,0,,behavioral,0,STILL_NEEDS_REVIEW
0x7a36295e713d45bce6b0f9f4a6cb13cfe67f5111,base,Behavioral confirmation: bot 0x675a38b2a29376e1db300bba72f2fd5e2fd56dd6 trapped in tx bf1c07ca824a7b774208568559c2e5c9fe,bytecode_pattern,0xb0eead51baa5fd1a31be56f8bc47ef97dbf03bcd,True,False,TestDog,,,,TestDog,TDOG,ERC-20,0,,,,,NEEDS_REVIEW,0,False,,0,0,,behavioral,0,NEEDS_REVIEW
0xa85687c68b803e4031a5197c1d55b36900de454a,base,Behavioral confirmation: bot 0x9fb572175df135e9a1593fd08689c6fc49576b93 trapped in tx a35bf65ead4ecbcf50974fc7e28b5428a4,deployer_history,0xd9fc333accfa566bf1b21c1dc3b959f2bb6640c1,True,False,,,,,,,,,,,,,NEEDS_REVIEW,4,False,,0,0,,behavioral,0,LIKELY_TP_RECIDIVIST
0xf786bfa7318ec0625cc8befc984d8d3f3677f5f1,base,Behavioral confirmation: bot 0x675a38b2a29376e1db300bba72f2fd5e2fd56dd6 trapped in tx 04672554deee14793a9dcc256ac36872ff,bytecode_pattern,0xd182cf2946fa5ef123c760bce288099cf3bf2431,True,False,,,,,,,,,,,,,NEEDS_REVIEW,0,False,,0,0,,behavioral,0,NEEDS_REVIEW
0x75c73a0a7031a634aa8ab5080701999359a2b47b,base,Self-loop: deployer 0x28edd45d4987ac531093cd28be5a7c25b767dd89 called own contract in reverted tx at block 45609724 (BOT,bytecode_pattern,0x28edd45d4987ac531093cd28be5a7c25b767dd89,True,False,,,,,,,,,,,,,NEEDS_REVIEW,2,False,,0,0,,self_loop,0,LIKELY_TP_RECIDIVIST
0x6b718ff22d895f87c831beb011a98a0d778bb445,base,Behavioral confirmation: bot 0x700539c51a9bae5121162cbc77d45c28a32626cf trapped in tx 50455f1fbbae6e34d90c8fee491d07ae44,bytecode_pattern,0x12df64fac8093933b9993b52c705e1f62cd73cca,True,True,YieldDistributor,,,,,,,,,,,,NEEDS_REVIEW,6,False,,0,0,,behavioral,0,LIKELY_TP_RECIDIVIST
0x13727b7746e6d6d77a1e1ecbf274dc6569ca6236,base,Behavioral confirmation: bot 0x675a38b2a29376e1db300bba72f2fd5e2fd56dd6 trapped in tx 4a761cb4f895fbb5db4fef99bdb2f71268,deployer_history,0x3bfd461aba6971dfb42f38686796b6ff3901b24d,True,False,,,,,,,,,,,,,NEEDS_REVIEW,4,False,,0,0,,behavioral,0,LIKELY_TP_RECIDIVIST
0x415a09f4096306d0f0772e08421b0b3b6b17753a,base,Behavioral confirmation: bot 0x675a38b2a29376e1db300bba72f2fd5e2fd56dd6 trapped in tx 00627f7f4a29aa4e13d619f94056184026,deployer_history,0x702ba46435d1e55b18440100bc81eb055574875e,True,True,PunktownStreetRuns,,,,,,,,,,,,NEEDS_REVIEW,8,False,,0,0,,behavioral,0,LIKELY_TP_RECIDIVIST
0x1c50aab45c939b18c66d780031c2e07aa93e73a1,arbitrum,Behavioral confirmation: bot 0xb037f6cb00f48379869507af56759ca3f7e44f04 trapped in tx 2e29e011090ec5a2652cd836bf2bf39400,bytecode_pattern,0xc10d8ac264e0e4e8c24c72e009635f6bbcfe4224,True,False,,,,,,,,,,,,,NEEDS_REVIEW,0,False,,0,0,,behavioral,0,NEEDS_REVIEW
0x8fd5f3ff3c8fdb7354814bb1507c672cbc6bc170,base,Behavioral confirmation: bot 0x675a38b2a29376e1db300bba72f2fd5e2fd56dd6 trapped in tx 530ce0e63e0dd96cb160c409b8dbf89f45,bytecode_pattern,0xf540f5579d9ceb53ef2679348f0bb9faf9e9f998,True,False,,,,,,,,,,,,,NEEDS_REVIEW,1,False,,0,0,,behavioral,0,NEEDS_REVIEW
0x405b368c055f06e8f189a2fa67e38d04dfede9ff,base,Behavioral confirmation: bot 0x675a38b2a29376e1db300bba72f2fd5e2fd56dd6 trapped in tx 5bea4cf6d58a19eed7aaab75b252da3d4b,bytecode_pattern,0x0b545b2dd5ab27c51615cca32e27309d7d23176b,True,False,,,,,,,,,,,,,NEEDS_REVIEW,0,False,,0,0,,behavioral,0,NEEDS_REVIEW
0xdeefddfa197f3382a7ff121b8185259097716a80,base,Behavioral confirmation: bot 0x675a38b2a29376e1db300bba72f2fd5e2fd56dd6 trapped in tx cc4fe3222b8da38e4a09aa4cc2e1206fff,bytecode_pattern,0xf540f5579d9ceb53ef2679348f0bb9faf9e9f998,True,False,,,,,,,,,,,,,NEEDS_REVIEW,1,False,,0,0,,behavioral,0,NEEDS_REVIEW
0xae2ef8b751d1facc6dd473cd019ed92b31cb575a,base,Behavioral confirmation: bot 0x675a38b2a29376e1db300bba72f2fd5e2fd56dd6 trapped in tx adab4577df2f87353f409a735b898b3a2c,bytecode_pattern,0x9e22627a33ae9adfd8b49c77d222b4339554e023,True,True,AITOKEN2,,,,AI TOKEN 2,AITOKEN2,ERC-20,0,,,,,NEEDS_REVIEW,0,True,-/-/fee,0,0,,behavioral,0,STILL_NEEDS_REVIEW
0x6217cf2f6618b6f68cdf35bda403c22acf330fed,base,Behavioral confirmation: bot 0x675a38b2a29376e1db300bba72f2fd5e2fd56dd6 trapped in tx de524716655cab8ff4665ae2411b404e6b,bytecode_pattern,0x4f80b5c475fced34fc9a07ffccf39e1adc1406bf,True,False,,,,,,,,,,,,,NEEDS_REVIEW,0,True,asym/-/-,0,0,,behavioral,0,NEEDS_REVIEW
0xff7af2a2b1adf41fb3121fbe942eb08c2d87d490,base,Behavioral confirmation: bot 0x675a38b2a29376e1db300bba72f2fd5e2fd56dd6 trapped in tx 792706b019ba26d6e8c52afe026dfb86e2,bytecode_pattern,0x5376c84a35a93a4e525c65e3dd3ec4f6e5d285dd,True,False,,,,,,,,,,,,,NEEDS_REVIEW,0,True,-/-/-,0,0,,behavioral,0,NEEDS_REVIEW
0xbcdc1c5bf983f02105a586bf2245a479aa527d70,base,Behavioral confirmation: bot 0x675a38b2a29376e1db300bba72f2fd5e2fd56dd6 trapped in tx 4c95f0866a0eb17f768826d6d219f4bc28,bytecode_pattern,0xc6f0d55828126d9e4ca4b07272ab3161402e9608,True,True,Nice,,,,Nice Token,NICE,ERC-20,0,,,,,NEEDS_REVIEW,0,False,,0,0,,behavioral,0,STILL_NEEDS_REVIEW
0xd0c42fe0cd25659504fc1fc5e961dcf8c4b4cc60,optimism,Behavioral confirmation: bot 0x6e929a197e47976a5527f3d5edbf5539e501e381 trapped in tx 261b6031b8e2fa3f7ff71de25ea75a2111,deployer_history,0x08b8b9410cba313728d98488a84b90c89fd01a17,True,False,,,,,,,,,,,,,NEEDS_REVIEW,12,False,,0,0,,behavioral,0,LIKELY_TP_RECIDIVIST
0x2b63617a82e444278530e3ff06aeae9f456d2021,base,Behavioral confirmation: bot 0x675a38b2a29376e1db300bba72f2fd5e2fd56dd6 trapped in tx 33b38b14f87b2fa2ea85a66d0c29f0df1b,deployer_history,0xdf8d48e98be68f31057ba9f32bea69ea92f8382c,True,False,,,,,,,,,,,,,NEEDS_REVIEW,19,True,asym/rev/-,0,0,,behavioral,0,LIKELY_TP_RECIDIVIST
0x6262e58df92ed24a45bf1b7792641c41108b95e2,base,Behavioral confirmation: bot 0x675a38b2a29376e1db300bba72f2fd5e2fd56dd6 trapped in tx d48df2202a4f2df5c349d320934eee4947,deployer_history,0xdf8d48e98be68f31057ba9f32bea69ea92f8382c,True,False,,,,,,,,,,,,,NEEDS_REVIEW,19,False,,0,0,,behavioral,0,LIKELY_TP_RECIDIVIST
0xe6311f1dedec3ac9cc15641443014889d9af7b87,base,Behavioral confirmation: bot 0x675a38b2a29376e1db300bba72f2fd5e2fd56dd6 trapped in tx d39b0f6ba27941e1d6660d0007cf44b777,deployer_history,0x3bfd461aba6971dfb42f38686796b6ff3901b24d,True,False,,,,,,,,,,,,,NEEDS_REVIEW,4,False,,0,0,,behavioral,0,LIKELY_TP_RECIDIVIST
0xa485c5d10c4c7b6ec546ebf4af568d82381dc7d3,base,Behavioral confirmation: bot 0x675a38b2a29376e1db300bba72f2fd5e2fd56dd6 trapped in tx cf86aae953231961728c4e0d042d8dbf48,deployer_history,0x3bfd461aba6971dfb42f38686796b6ff3901b24d,True,False,,,,,,,,,,,,,NEEDS_REVIEW,4,False,,0,0,,behavioral,0,LIKELY_TP_RECIDIVIST
0x26b2449285d91f7c67f7cecfd72b71f79124ce40,arbitrum,Behavioral confirmation: bot 0xeec85b3c146b9fd0bcb741e894619fb443e1a21e trapped in tx 2d58be5310ce5e665c43df7168b99fe284,deployer_history,0x08b8b9410cba313728d98488a84b90c89fd01a17,True,False,,,,,,,,,,,,,NEEDS_REVIEW,12,False,,0,0,,behavioral,0,LIKELY_TP_RECIDIVIST
0xe1e6a4aff3507237bc15f0ce189598e6979f9659,base,Behavioral confirmation: bot 0x675a38b2a29376e1db300bba72f2fd5e2fd56dd6 trapped in tx 26ae5390064d91ec932584dba718b90f3e,bytecode_pattern,0x8710f7397380951aaafbfb9391156d80207e5201,True,False,,,,,,,,,,,,,NEEDS_REVIEW,0,True,asym/-/-,0,0,,behavioral,0,NEEDS_REVIEW
0x6c3a2a2a5160dac23f39d194dbc15fc8836028fc,base,Behavioral confirmation: bot 0x675a38b2a29376e1db300bba72f2fd5e2fd56dd6 trapped in tx 004f4543f33665c244fd84166956a7f299,bytecode_pattern,0x78de409a6306550882328e2a67160471368387ff,True,True,OverUnderGame,,,,,,,,,,,,NEEDS_REVIEW,2,False,,0,0,,behavioral,0,LIKELY_TP_RECIDIVIST
0x089fdf3d93819cb96f1fb236212ad02e701dfd2d,base,Behavioral confirmation: bot 0x675a38b2a29376e1db300bba72f2fd5e2fd56dd6 trapped in tx 0e684d7945970718303e91260c346c89d9,deployer_history,0xf4a055d04f5ed171b586135d49f7a98cb78a37a0,True,True,ERC1967Proxy,,,,,,,,,,,,NEEDS_REVIEW,0,False,,0,0,,behavioral,0,NEEDS_REVIEW
0x56090c8e0523c7c10e8e6d9f176a79df2bdab69a,base,Behavioral confirmation: bot 0x675a38b2a29376e1db300bba72f2fd5e2fd56dd6 trapped in tx c2fcb9525c92026d09ff542e3ca1b66c44,bytecode_pattern,0xc8e1f80e0acc99c2deb9393aa5e85c07ada33c63,True,False,Token_189,,,,Token_189,TKN189,ERC-20,0,,,,,NEEDS_REVIEW,0,True,-/-/fee,0,0,,behavioral,0,NEEDS_REVIEW
0x8ef6f583dbc444d16cace1be1cac6851caa4ddcd,base,Behavioral confirmation: bot 0x675a38b2a29376e1db300bba72f2fd5e2fd56dd6 trapped in tx 293fb635cc49a5384531e65b2b69ef5339,bytecode_pattern,0x3e7f30ff4bbc253a7fd13b1ffa4e44c3980acdcf,True,True,Token2,,,,LABUBU,LABUBU,ERC-20,0,,,,,NEEDS_REVIEW,0,False,,0,0,,behavioral,0,STILL_NEEDS_REVIEW
0x651dd92b31a9f1607cbf51bd3be6ccf3861e1b87,base,Behavioral confirmation: bot 0x675a38b2a29376e1db300bba72f2fd5e2fd56dd6 trapped in tx 35bdf02e927510fe26a82b804ed9fafe71,bytecode_pattern,0xbde5575b9af9d7d1b4dfdb99028f57da2088846d,True,True,BigF,,,,BigF,BIGF,ERC-20,0,,,,,NEEDS_REVIEW,0,False,,0,0,,behavioral,0,STILL_NEEDS_REVIEW
0xaec4f65f61bce38d8f54dcaf6217ae4403a5ca55,base,Behavioral confirmation: bot 0x675a38b2a29376e1db300bba72f2fd5e2fd56dd6 trapped in tx d4c7f5f25e821adc115cf3a7e4e4110497,bytecode_pattern,0xf16dd5883c4417d4a4fdaa6e37d006229765f55c,True,False,,,,,,,,,,,,,NEEDS_REVIEW,0,False,,0,0,,behavioral,0,NEEDS_REVIEW
0x6d980ec5d051b65a5fe6d9502448f1b2a1aaca89,base,Behavioral confirmation: bot 0xbdaa643437bc26c6229a289aa8a83cf2cc06aadc trapped in tx 0a3eb1c2c87fd4b84e682850e0a6470487,bytecode_pattern,0x84631a26fab1525449063c7dce50019c6ceedc9c,True,True,AgentStakingV15,,,,,,,,,,,,NEEDS_REVIEW,0,False,,0,0,,behavioral,0,NEEDS_REVIEW
0xdbf88aac97d7a9813c116f406924700259ddb628,base,Behavioral confirmation: bot 0x675a38b2a29376e1db300bba72f2fd5e2fd56dd6 trapped in tx 82e971d24b8d66bce0769f074627ed3835,bytecode_pattern,0xcdaba8deab48d6c8dbeb93fb691c838def26ba4b,True,False,BASELINGS,,,,BASELINGS,BASELING,ERC-20,0,,,,,NEEDS_REVIEW,0,False,,0,0,,behavioral,0,NEEDS_REVIEW
0xf669aa058e5329edc831fd3ef0fb33a51d971284,base,Behavioral confirmation: bot 0x675a38b2a29376e1db300bba72f2fd5e2fd56dd6 trapped in tx 54fc0eded4f37e2c8dfdca463457e90073,bytecode_pattern,0xe9b0cebef9e93cac7727a06d5ed5f8e3ae71e5f8,True,True,AVA_EcosystemBridge,,,,,,,,,,,,NEEDS_REVIEW,0,False,,0,0,,behavioral,0,NEEDS_REVIEW
0xa5746f361c7cb2cd421df43e728211f1ba0ecd30,base,Behavioral confirmation: bot 0xd2d30acab3c7bb08405957b0db35f6dad74cc026 trapped in tx 9690567ef6130db6ce0840f06e046dcb38,bytecode_pattern,0xbdb902244f1235fc686b2af74f0e73163d47fa08,True,False,,,,,,,,,,,,,NEEDS_REVIEW,0,False,,0,0,,behavioral,0,NEEDS_REVIEW
0x86808ffd1204c2bd9ad5b79022968d11408d3efc,optimism,Behavioral confirmation: bot 0xe733359f263b678e35438bdc270ee4a0cd0c2e1c trapped in tx 4fb61953bbd7fe1df799954a1a5c3fe1de,bytecode_pattern,0x0e86d8afaa0b77d732d89bd5cec3dc9003b321da,True,True,CreditSale,,,,,,,,,,,,NEEDS_REVIEW,0,False,,0,0,,behavioral,0,NEEDS_REVIEW
0xa41af22a823d8756911e58e0603763d934ac4038,base,Behavioral confirmation: bot 0x675a38b2a29376e1db300bba72f2fd5e2fd56dd6 trapped in tx 53fb0d1e4007789a28e04bab9da4d6b693,bytecode_pattern,0x0377067b250b6ccbe64c8fce1ded23458c41ec77,True,True,UMYOVault,,,,USDC Morpho Yield Optimizer,vUMYO,ERC-20,0,,,,,NEEDS_REVIEW,0,False,,0,0,,behavioral,0,STILL_NEEDS_REVIEW
0x11bad5dac6508e4f8ff8c41215488d04b805cb11,base,Behavioral confirmation: bot 0x11a968128adb249441d9d279a4ddd8968e158a11 trapped in tx 89ad53ce2d28c867246f27591e326a27fe,bytecode_pattern,0x74f9c13a24d4e49a986c0f114c9e1ec7a69fda65,True,False,,,,,,,,,,,,,NEEDS_REVIEW,0,False,,0,0,,behavioral,0,NEEDS_REVIEW
0x426ce839cddebece56e5852682ce600055694a2d,base,Behavioral confirmation: bot 0x675a38b2a29376e1db300bba72f2fd5e2fd56dd6 trapped in tx 3203b3571a97a759d636ed98678f03a5ad,deployer_history,0xe1ce66ce4d2dbe8596057fdbfa1e144e770aaa00,True,False,,,,,,,,,,,,,NEEDS_REVIEW,0,False,,0,0,,behavioral,0,NEEDS_REVIEW
0x6d51735994df30d1a5d5b7c9aa2337c4667c37b2,base,Behavioral confirmation: bot 0x675a38b2a29376e1db300bba72f2fd5e2fd56dd6 trapped in tx 628a815f41cec57c206bde6f32f9c93de2,bytecode_pattern,0xbba0207b4faaa8b933508f2f65d2dfaa1a25f189,True,True,CheckingContract,,,,,,,,,,,,NEEDS_REVIEW,0,False,,0,0,,behavioral,0,NEEDS_REVIEW
0xb69356e71a5e4453755eb2a21c05b82b7c6146a3,base,Behavioral confirmation: bot 0x675a38b2a29376e1db300bba72f2fd5e2fd56dd6 trapped in tx 1c85ae0481419ac1c3a63a20b858cf0efb,deployer_history,0xa04336f7d292c8632c27fb555beb7aec6d61e1d8,True,False,,,,,,,,,,,,,NEEDS_REVIEW,0,False,,0,0,,behavioral,0,NEEDS_REVIEW
0xc26e6242de9ed5705f348e5a1c5509e423d4e98d,base,Behavioral confirmation: bot 0xe95f2e2f470286e01c26acf5fe773a1bba84a513 trapped in tx 9851dcc78219257c054659e8a0e442ab4d,deployer_history,0xd9fc333accfa566bf1b21c1dc3b959f2bb6640c1,True,False,,,,,,,,,,,,,NEEDS_REVIEW,4,False,,0,0,,behavioral,0,LIKELY_TP_RECIDIVIST
0x0660e2272cd52e66689ab030a5b42fd777a1dd62,base,Behavioral confirmation: bot 0x675a38b2a29376e1db300bba72f2fd5e2fd56dd6 trapped in tx 2cbaa6c197a892876a4aff501d2f887f9f,deployer_history,0xd9fc333accfa566bf1b21c1dc3b959f2bb6640c1,True,False,,,,,,,,,,,,,NEEDS_REVIEW,4,False,,0,0,,behavioral,0,LIKELY_TP_RECIDIVIST
0xe4c6656b6c248b20bd2c5ddf9168a4531aabd2a1,base,Behavioral confirmation: bot 0x675a38b2a29376e1db300bba72f2fd5e2fd56dd6 trapped in tx 84664f3299a55e5bbb9e749352b4a5c8bb,bytecode_pattern,0x8c54783849a2c042544efc37c4657ee98a411fb7,True,False,,,,,,,,,,,,,NEEDS_REVIEW,0,False,,0,0,,behavioral,0,NEEDS_REVIEW
0xd6cd943bfc0711125bc01cff7b7dfb87be1d10c8,arbitrum,Behavioral confirmation: bot 0x61d571e1cbfcfece57575b69153d046511d0e132 trapped in tx 90211411588dd1e4322a63f08ca41faafd,bytecode_pattern,0xfbf44e969d4fc5cbad62870207341c976f9e38f9,True,False,Yupp AI,,,,Yupp AI,YUPP,ERC-20,419,,,,,LIKELY_FP,,,,,,,,,ALREADY_MIGRATED
0x75682ac9d721250c2e677bd25ad5cb4133e0a09b,arbitrum,Behavioral confirmation: bot 0x6b4db669cb16653d94a2a27808fce8b8c34f9268 trapped in tx aeafe07be4d188acffc9395d93981152b7,deployer_history,0x62d8f07c80163fea2e2f9a17b8cffc8989cba0f5,True,True,SLIQCore,,,,,,,,,,,,NEEDS_REVIEW,1,False,,0,0,,behavioral,0,NEEDS_REVIEW
0xe47f8bbcbecf08f70e2c30c1e81c9a094a3e416b,base,Behavioral confirmation: bot 0x675a38b2a29376e1db300bba72f2fd5e2fd56dd6 trapped in tx 0ff99bc5e79051384b8901ed31ea772a20,deployer_history,0x73c0c56bbf162e403b46285f525cdc2409a57bed,True,True,TransparentUpgradeableProxy,,,,,,,,,,,,NEEDS_REVIEW,5,False,,0,0,,behavioral,0,LIKELY_TP_RECIDIVIST
0xb7f6b05089133dfd481814802e7dd6693349de6c,base,Behavioral confirmation: bot 0x675a38b2a29376e1db300bba72f2fd5e2fd56dd6 trapped in tx d60f4b282597bf0a96d7d4d5df460c6a3e,deployer_history,0x73c0c56bbf162e403b46285f525cdc2409a57bed,True,True,FanTokenMintBurnOFTAdapter,,,,,,,,,,,,NEEDS_REVIEW,5,False,,0,0,,behavioral,0,LIKELY_TP_RECIDIVIST
0x3e78a9919e8eb5a8dc52c1b3b0aa943bbe58189e,base,Behavioral confirmation: bot 0x675a38b2a29376e1db300bba72f2fd5e2fd56dd6 trapped in tx ab5fc5ed5ef318464b592ce58277d86066,deployer_history,0x73c0c56bbf162e403b46285f525cdc2409a57bed,True,True,TransparentUpgradeableProxy,,,,,,,,,,,,NEEDS_REVIEW,5,False,,0,0,,behavioral,0,LIKELY_TP_RECIDIVIST
0x42515afdfc02af5875262af55b561c122cd5e266,arbitrum,Behavioral confirmation: bot 0x8224d492ec12564edebe060a7ffd76296760ad4e trapped in tx 717b5c0d075fc6650b2d33cea99c8ffc25,deployer_history,0x85fe59cd064c46711616e44cff7ae0d99785d87f,True,False,,,,,,,,,,,,,NEEDS_REVIEW,1,False,,0,0,,behavioral,0,NEEDS_REVIEW
0x5141d7a8110764ef9dfe4fe7bc487a5857a49d15,base,Behavioral confirmation: bot 0x675a38b2a29376e1db300bba72f2fd5e2fd56dd6 trapped in tx f50400cbaa25d3853308e6b7137ab2d1ae,bytecode_pattern,0xc2b316c07084b2ef2b347c928adf96a843ae0851,True,False,j3sse,,,,j3sse,j3sse,ERC-20,0,,,,,NEEDS_REVIEW,0,True,asym/-/-,0,0,,behavioral,0,NEEDS_REVIEW
0x8daaf5095bb64ad423cfc994b1c3e5291960ff0d,base,Behavioral confirmation: bot 0x675a38b2a29376e1db300bba72f2fd5e2fd56dd6 trapped in tx e259b88759a4acd9ceef69b676481d04bf,bytecode_pattern,0xdba474fef81bc7475f70e28dfc12410f032a83db,True,True,OETHbHydrexAMOStrategy,,,,,,,,,,,,NEEDS_REVIEW,0,True,-/-/fee,0,0,,behavioral,0,NEEDS_REVIEW
0x4c8fdec9a153c238b7e1e545d62eec3873dda070,base,Behavioral confirmation: bot 0x476137bfa34bffdaa28accdc1c8e48e042f73ca2 trapped in tx 3d26f024be4d40cdcf4e5785b75092d74a,bytecode_pattern,0xce5fcfa975c65e9cb275634bc78353ba8dd8765a,True,False,,,,,,,,,,,,,NEEDS_REVIEW,0,False,,0,0,,behavioral,0,NEEDS_REVIEW
0x25e96c17a1518c30823e8ce7b1cd4e338334e6f8,base,Behavioral confirmation: bot 0x675a38b2a29376e1db300bba72f2fd5e2fd56dd6 trapped in tx 0d017208eea2fa0c411f0313033ca7d219,bytecode_pattern,0x7452ca3b04ea6278dfd9ba3c4e6c14dc530a92c2,True,False,,,,,,,,,,,,,NEEDS_REVIEW,0,True,asym/-/-,0,0,,behavioral,0,NEEDS_REVIEW
0x06786f5c5334085b28dbea297b182336346e7007,base,Behavioral confirmation: bot 0x675a38b2a29376e1db300bba72f2fd5e2fd56dd6 trapped in tx ca14342f05409453974a0653783b382135,bytecode_pattern,0x3a1082ecae3e2d9464d0772b0149431522b3b3b8,True,False,GRACE,,,,GRACE,GRACE,ERC-721,0,,,,,NEEDS_REVIEW,1,True,-/-/-,0,0,,behavioral,0,NEEDS_REVIEW
0xf60ab07ee73de2068ab1b97f436bf49b57637bd7,base,Behavioral confirmation: bot 0xfe9d1b6461d87ababf7412110f5290dac1d33ba8 trapped in tx 36f9609b6d8fe0a1681db00969f892aee5,bytecode_pattern,0xafe059891f247f88f6e14f7d482df72544ea2011,True,False,KAIO,,,,KAIO,KAIO,ERC-20,1012,,,,,LIKELY_FP,,,,,,,,,ALREADY_MIGRATED
0x4da9619fc9cbe579e50e731ff1d21801f8c55a8b,base,Behavioral confirmation: bot 0x675a38b2a29376e1db300bba72f2fd5e2fd56dd6 trapped in tx 19e8658c8d960f44a581624d120b791e55,bytecode_pattern,0xdfe920705f589a11a5d7ced9b470694fa1e91499,True,True,FairdropFactory,,,,,,,,,,,,NEEDS_REVIEW,0,False,,0,0,,behavioral,0,NEEDS_REVIEW
0xddf1fa81397657448304e810bfda2eea88d153f8,base,Behavioral confirmation: bot 0x5555553ac2954137d5147c48cb7b47a494c6c8a8 trapped in tx 765af83a965664eb7eb18d1db63055ca6c,deployer_history,0x00169219376146760298417404949075285cab72,True,False,,,,,,,,,,,,,NEEDS_REVIEW,8,False,,0,0,,behavioral,0,LIKELY_TP_RECIDIVIST
0x9714691290ad60e209c71fe818737e4fd9e6e48d,base,Behavioral confirmation: bot 0x233e2047833c8a2c3862f0de396a96f4532981a5 trapped in tx fe7ee8984653c36d0771b0fee9fc3b7c34,bytecode_pattern,0x12df64fac8093933b9993b52c705e1f62cd73cca,True,False,,,,,,,,,,,,,NEEDS_REVIEW,6,False,,0,0,,behavioral,0,LIKELY_TP_RECIDIVIST
0xe09c9208b29ad28fcc6ac6bf6334c1f12a9bea3a,optimism,Behavioral confirmation: bot 0x580e5174bdcfa0c13aed9e9f1901c4af1e09fe60 trapped in tx 4cec76bb8e3db15cd08ced69196cced6da,deployer_history,0xd4627ecb405b64448ee6b07dcf860bf55590c83d,True,True,NftFarmStrategy,,,,,,,,,,,,NEEDS_REVIEW,1,False,,0,0,,behavioral,0,NEEDS_REVIEW
0x326e6746fb95f0c2de39a1175a20d8eda8a581a8,arbitrum,Behavioral confirmation: bot 0x40e64cf2a1a1fe6f8a21c64c97f1e75e33159dd7 trapped in tx d0dec47868619146dbd2eb54fa403085e3,deployer_history,0xd4627ecb405b64448ee6b07dcf860bf55590c83d,True,True,NftFarmStrategy,,,,,,,,,,,,NEEDS_REVIEW,1,False,,0,0,,behavioral,0,NEEDS_REVIEW
0x3cb038fa55b87fab72b10154e735b36a5e5efc99,arbitrum,Behavioral confirmation: bot 0xb656b71b4748ebfca119251837a858c2991ee456 trapped in tx 43ec31ec95482d7a08af0cdc071e052d50,bytecode_pattern,0x2db5b8a97b77990cb619701c83f7f048656fcad1,True,False,,,,,,,,,,,,,NEEDS_REVIEW,1,False,,0,0,,behavioral,0,NEEDS_REVIEW
0x631347ae0178b14e216ed11b9559e334657063b4,base,Behavioral confirmation: bot 0x7ffd3ed43ac2953ede6d4a78e0a659635296ec95 trapped in tx 54a5cbaa3f5fe2a099d72bfdd2803b319e,deployer_history,0x78de409a6306550882328e2a67160471368387ff,True,True,MinesGame,,,,,,,,,,,,NEEDS_REVIEW,2,False,,0,0,,behavioral,0,LIKELY_TP_RECIDIVIST
0x28e5ce9136aedd016bee1d1abb72eefdda3b7bfe,arbitrum,Behavioral confirmation: bot 0x8224d492ec12564edebe060a7ffd76296760ad4e trapped in tx 2ae9ad4edf85cce87517f76aa428adc2e9,deployer_history,0x85fe59cd064c46711616e44cff7ae0d99785d87f,True,False,,,,,,,,,,,,,NEEDS_REVIEW,1,False,,0,0,,behavioral,0,NEEDS_REVIEW
0x8195039e51dc5a03c2cbd7a9902e25dc784ffc70,base,Behavioral confirmation: bot 0x800db1fb3705d13aea951d63ad49a655da8f0514 trapped in tx 8f67590a23747e146652c99263bd4f5c62,bytecode_pattern,0x2d0b944fafe40fe44c258ff67c1013d94723f6d3,True,False,,,,,,,,,,,,,NEEDS_REVIEW,2,False,,0,0,,behavioral,0,LIKELY_TP_RECIDIVIST
0x0b5230bde7c7ec52b52c0230a076200f8bee8142,base,Behavioral confirmation: bot 0x2a23d0650db1c536e71aeb63ecd3daa0b52e66e1 trapped in tx 4a211dc21e4607c0640ce204b0c34006e3,deployer_history,0x81f7ca6af86d1ca6335e44a2c28bc88807491415,True,True,MerkleDistributor,,,,,,,,,,,,NEEDS_REVIEW,25,False,,0,0,,behavioral,0,LIKELY_TP_RECIDIVIST
0xc8884f565faeba9a5e6540e5bac2b3607d5ec9b8,base,Behavioral confirmation: bot 0x36f746e21271f6e8cc97f41ed8957ac97a861ae0 trapped in tx a4378a88f2aab48380656f7ebd63130181,bytecode_pattern,0x5eb7a6583f6386d040f83429a9d46138cb9e8ea3,True,False,,,,,,,,,,,,,NEEDS_REVIEW,17,False,,0,0,,behavioral,0,LIKELY_TP_RECIDIVIST
0xf3e9b04f3f52a295edd92b68ea560eed729a77ac,arbitrum,Self-loop: deployer 0x8e38ed96b1bc66528273bf91640ce5ea19c86cbc called own contract in reverted tx at block 460414641 (BO,bytecode_pattern,0x8e38ed96b1bc66528273bf91640ce5ea19c86cbc,True,False,,,,,,,,,,,,,NEEDS_REVIEW,1,False,,0,0,,self_loop,0,NEEDS_REVIEW
0x48a287f299255cac9df1d3a12fedbe4b20f1154e,base,Self-loop: deployer 0xd86d0545637ef7266e3506449525c16c8a271512 called own contract in reverted tx at block 45653941 (BOT,bytecode_pattern,0xd86d0545637ef7266e3506449525c16c8a271512,True,False,,,,,,,,,,,,,NEEDS_REVIEW,1,False,,0,0,,self_loop,0,NEEDS_REVIEW
0xd25deade4c3694d984744f7085796cfa61937bce,base,Behavioral confirmation: bot 0x9654271fbf6035afc556edec97c9b1af41a48f3e trapped in tx 038ea571805a68ca32bbb2b090a08e3925,bytecode_pattern,0xd86d0545637ef7266e3506449525c16c8a271512,True,False,,,,,,,,,,,,,NEEDS_REVIEW,1,False,,0,0,,behavioral,0,NEEDS_REVIEW
0xb7f67cea20c7c574e5fb0096530187726ba66f7e,base,Behavioral confirmation: bot 0x1f09d6edf533b1634ce80b3056ec1206722690f8 trapped in tx dd8f9715af140f80050c59416a0a2d6b75,bytecode_pattern,0xcd5b8d9678104732acb7447f898927994baa9c04,True,True,TicketFactory,,,,,,,,,,,,NEEDS_REVIEW,1,False,,0,0,,behavioral,0,NEEDS_REVIEW
0x74e64503b1be73ccd4c7ed82491fcc517ff61eba,base,Self-loop: deployer 0x58e3054e6ec579f99b6ad6bd8408948dfede8b0a called own contract in reverted tx at block 45725410 (BOT,bytecode_pattern,0x58e3054e6ec579f99b6ad6bd8408948dfede8b0a,True,False,,,,,,,,,,,,,NEEDS_REVIEW,0,False,,0,0,,self_loop,0,LIKELY_FP_WEAK
0x8c81caeca48f521df24b65f1c22c11150830f088,base,Behavioral confirmation: bot 0x8d6fb6c5f77155fef58629325ad62e295329e22d trapped in tx 0fe84196f6bc52c51dbd8af43c49a953a9,bytecode_pattern,0x5430757ee25f25d11987b206c1789d394a779200,True,False,,,,,,,,,,,,,NEEDS_REVIEW,2,False,,0,0,,behavioral,0,LIKELY_TP_RECIDIVIST
0x6e2b046e1b1eaaee628bebd6ca4af994c80ccb60,arbitrum,Behavioral confirmation: bot 0x675a38b2a29376e1db300bba72f2fd5e2fd56dd6 trapped in tx 2bfed17f5969424c63e13c891e36e37fd8,deployer_history,0xea2117b24f7947647bec60527b68f4244ae40c01,True,True,TransparentUpgradeableProxy,,,,,,,,,,,,NEEDS_REVIEW,1,False,,0,0,,behavioral,0,NEEDS_REVIEW
0xaba7692e9197a4a59a7afacdab2a22b876c8ddec,base,Behavioral confirmation: bot 0xd59f9370b391360f592b82b09aaeddc41682c020 trapped in tx 53bc501564a74c843dfdc22934b827838b,deployer_history,0x666521000c595a632fb3e99f392b12e937b77586,True,False,,,,,,,,,,,,,NEEDS_REVIEW,11,False,,0,0,,behavioral,0,LIKELY_TP_RECIDIVIST
0x32751a8b69d425b10ff9d366b2b1eca5af753ecc,base,Behavioral confirmation: bot 0x94bb24e50cc163c979c33ed18a588f18d132d5bb trapped in tx aa56a8de5bd95660a2ad3455effa6119e6,bytecode_pattern,0xec0e95b1bf9d0a1d0e24267aba2014c62dcfe1df,True,False,,,,,,,,,,,,,NEEDS_REVIEW,0,True,asym/-/-,0,0,,behavioral,0,NEEDS_REVIEW
0x4bc73f9cc7c7a84b5cf20e1469ad65f8b5448336,optimism,Behavioral confirmation: bot 0x5080064081fc8ea176384df3b93c8586c1a94c21 trapped in tx 52152abb0f52225b430014034028f94217,deployer_history,0x46db55ad42da6ba3c29a3c1522ebbf8e16960725,True,False,,,,,,,,,,,,,NEEDS_REVIEW,1,False,,0,0,,behavioral,0,NEEDS_REVIEW
0xaf995db3955419e9e2086fd02891580f8a025481,optimism,Behavioral confirmation: bot 0xb4ca5085c485e9392fbf29e0a9f7d2321f12376c trapped in tx 1a86805788e5e85d91748a195770cee447,deployer_history,0x46db55ad42da6ba3c29a3c1522ebbf8e16960725,True,False,,,,,,,,,,,,,NEEDS_REVIEW,1,False,,0,0,,behavioral,0,NEEDS_REVIEW
0x6ec0552f71b78aee3d456e6639eb3ae6c557ed30,base,Behavioral confirmation: bot 0x6f327ec0defe0d25ae77fb1f1152e31cd0e89c01 trapped in tx fd3859252f25541432152e9e260856bfbb,bytecode_pattern,0xb87258e1cb93cb10de2b0ecd10f9d82aee3ef66f,True,False,,,,,,,,,,,,,NEEDS_REVIEW,4,False,,0,0,,behavioral,0,LIKELY_TP_RECIDIVIST
0x65da26398fef2cee20af137da5b85caeacddbecd,base,Behavioral confirmation: bot 0xae4e7b5691e658870e355614050d97abb5c8e45c trapped in tx cab4576e167855e5bfc98c5c9f24cf5ae9,bytecode_pattern,0x666c0de666b21cc56f950042e2efc7884f2ee186,True,False,,,,,,,,,,,,,NEEDS_REVIEW,2,False,,0,0,,behavioral,0,LIKELY_TP_RECIDIVIST
0x444d50311cb42297a97cc39defc29acdeca60682,base,Behavioral confirmation: bot 0x55555306d9d2a90f52045cfe03aae908dcb08d66 trapped in tx 62245e3030a1c06f775edab6e3f5ab540f,deployer_history,0x00169219376146760298417404949075285cab72,True,False,,,,,,,,,,,,,NEEDS_REVIEW,8,False,,0,0,,behavioral,0,LIKELY_TP_RECIDIVIST
0xcf8fabb9e96088de90320f48d9faff65009a99db,arbitrum,Behavioral confirmation: bot 0xeabaad2fb8f2fcca04ce84ae177227f4dc7c881b trapped in tx b50850be77b8e1a4784cd1db334d661535,bytecode_pattern,0xd943214ecf438388ece5035855598010766aaac1,True,False,Apyee USDC Vault,,,,Apyee USDC Vault,apUSDC,ERC-20,4,,,,,NEEDS_REVIEW,0,False,,0,0,,behavioral,0,NEEDS_REVIEW
0xc8367b47922188d3939a40b8f7e7b9cf6dd5dd5b,base,Behavioral confirmation: bot 0xddbad9c5cc71936fb26f9b005e06d15ebbc8c026 trapped in tx 91741b4087674738b4619fceb21fe94600,deployer_history,0x666521000c595a632fb3e99f392b12e937b77586,True,False,,,,,,,,,,,,,NEEDS_REVIEW,11,False,,0,0,,behavioral,0,LIKELY_TP_RECIDIVIST
0x9a3509f324293507c0db5d08383eb35868000c2d,base,Behavioral confirmation: bot 0xc3bd156486aa42f671061a8cbd1f9cb4be50c001 trapped in tx ca37818af25cef0ce19bce2ec0f82fafb0,deployer_history,0x666521000c595a632fb3e99f392b12e937b77586,True,True,ERC1967Proxy,,,,,,,,,,,,NEEDS_REVIEW,11,False,,0,0,,behavioral,0,LIKELY_TP_RECIDIVIST
0x75a033f699b32d74c3a03e42fe62c44688f0fa86,base,Behavioral confirmation: bot 0xc0ffeeee46499a3f63426763fbc0e8344162fc97 trapped in tx 823a20c8609085b45c7e0e07afd635a0ea,deployer_history,0x604be06b9f6b6663f78e755db0c5965eb2337e3d,True,False,,,,,,,,,,,,,NEEDS_REVIEW,194,False,,0,0,,behavioral,0,LIKELY_TP_RECIDIVIST
0xaf2e2c68ee0ffd03199bba9a967ea5fc5388f270,base,Behavioral confirmation: bot 0xc5f39ab1120907588bba492a056440b3d7fce156 trapped in tx 632e58119c64536f81a2ee37c5e6dcab79,deployer_history,0x81f7ca6af86d1ca6335e44a2c28bc88807491415,True,True,MerkleDistributor,,,,,,,,,,,,NEEDS_REVIEW,25,False,,0,0,,behavioral,0,LIKELY_TP_RECIDIVIST
0xed61e6b2b988f9d96ec1be2684aba87dac90bb07,base,Behavioral confirmation: bot 0x55555306d9d2a90f52045cfe03aae908dcb08d66 trapped in tx aee99b5420b085ba397c4df3f6e9846188,deployer_history,0x00169219376146760298417404949075285cab72,True,False,,,,,,,,,,,,,NEEDS_REVIEW,8,False,,0,0,,behavioral,0,LIKELY_TP_RECIDIVIST
0xe6b790941655861005d21bae15990b7b0fbc8ba4,base,Behavioral confirmation: bot 0xc0ffee59f94f54f4f293f01672976408bc1cad7f trapped in tx 5669fb54621af7b04cfc0afd5a71730961,deployer_history,0x604be06b9f6b6663f78e755db0c5965eb2337e3d,True,False,,,,,,,,,,,,,NEEDS_REVIEW,194,False,,0,0,,behavioral,0,LIKELY_TP_RECIDIVIST
0x74f822d950aa5101ed8e91e3379a18a41b138657,optimism,Behavioral confirmation: bot 0xf8958e5d243762060ef482feb49f5f1fa6e87378 trapped in tx 8b8b6ace853de7a06d82e386fb30223f3c,bytecode_pattern,0x2d15f3c7458f4307b0f7c80a649eec8a83c28210,True,False,,,,,,,,,,,,,NEEDS_REVIEW,0,False,,0,0,,behavioral,0,NEEDS_REVIEW
0x955b2c75efffa1ee9ee54e21e9c5c7cf772fdcb0,arbitrum,Behavioral confirmation: bot 0x9bb6ef0dac3c9c8794a5532c8332f216a4da6251 trapped in tx d9ad9dd9947c670e5f37857d4db746d541,bytecode_pattern,0x44a2ee1369c3eecf86f8de7c73c3e3602523a198,True,False,Futureverse,,,,Futureverse,FUEVER,ERC-20,2247,,,,,LIKELY_FP,,,,,,,,,ALREADY_MIGRATED
0xcf840b16eb3828dac715de537b2e4ec70da833e5,base,Behavioral confirmation: bot 0xc0ffee384d912eb9a883dbd6b846c1e363c97fc0 trapped in tx f86965f1cfe216fa9d02c12c0554edd81d,deployer_history,0x604be06b9f6b6663f78e755db0c5965eb2337e3d,True,False,,,,,,,,,,,,,NEEDS_REVIEW,194,False,,0,0,,behavioral,0,LIKELY_TP_RECIDIVIST
0xd636dcb32df5f4f7f9bac84a6f6b05a92f9a3b1b,arbitrum,Behavioral confirmation: bot 0x869981574213fe29d86d4ba74b7ff43e184e70af trapped in tx 4d12cb1f4ca035591c9f5cd0a8643dc026,bytecode_pattern,0xa902479cab22abf7c2b3008b20919405a8c961da,True,False,,,,,,,,,,,,,NEEDS_REVIEW,0,True,asym/-/fee,0,0,,behavioral,0,NEEDS_REVIEW
0x2f8bbca59fb2dfab99556c146d06b35ef591d475,base,Self-loop: deployer 0x8e38ed96b1bc66528273bf91640ce5ea19c86cbc called own contract in reverted tx at block 45699014 (BOT,deployer_history,0x8e38ed96b1bc66528273bf91640ce5ea19c86cbc,True,False,,,,,,,,,,,,,NEEDS_REVIEW,1,False,,0,0,,self_loop,0,NEEDS_REVIEW
0xd016d9f269c214e413a25bfcdcc8ce18e1016399,base,Behavioral confirmation: bot 0x6f327ec0defe0d25ae77fb1f1152e31cd0e89c01 trapped in tx 0bcfe47165d9aa9eff43acf9330b17e1b0,bytecode_pattern,0xb87258e1cb93cb10de2b0ecd10f9d82aee3ef66f,True,False,,,,,,,,,,,,,NEEDS_REVIEW,4,False,,0,0,,behavioral,0,LIKELY_TP_RECIDIVIST
0x136bed3c9b8e5259ae9215a68798186ae35fd2c5,base,Behavioral confirmation: bot 0xc0ffeef2a20f16d8ef3f88206dff938915be44d5 trapped in tx 57023673ef557ced630940ae2b6f18f21c,deployer_history,0xc0ffeefeed8b9d271445cf5d1d24d74d2ca4235e,True,False,,,,,,,,,,,,,NEEDS_REVIEW,203,False,,0,0,,behavioral,0,LIKELY_TP_RECIDIVIST
0x7986ab4493dcbbb22bb82822581f66b993870162,base,Behavioral confirmation: bot 0xaa980e9b1e1b70cd0d5a7ec91b5f00987023b5cb trapped in tx 099d8b5b6bab693267983c594b2836cc41,deployer_history,0x81f7ca6af86d1ca6335e44a2c28bc88807491415,True,True,MerkleDistributor,,,,,,,,,,,,NEEDS_REVIEW,25,False,,0,0,,behavioral,0,LIKELY_TP_RECIDIVIST
0xc084986dc55eece468e480aa9998968bbde4b509,base,Behavioral confirmation: bot 0xc0ffee3bfeb154dcbdd42e7a935a8f6c1d4c570f trapped in tx c40e5fbf67480047b1abf5cdc661876ece,deployer_history,0xc0ffeefeed8b9d271445cf5d1d24d74d2ca4235e,True,False,,,,,,,,,,,,,NEEDS_REVIEW,203,False,,0,0,,behavioral,0,LIKELY_TP_RECIDIVIST
0x8a6ebf125802d5bd14b6d7a995837bf5224445d0,arbitrum,Behavioral confirmation: bot 0xb656b71b4748ebfca119251837a858c2991ee456 trapped in tx df40a0c675c988a7510b70c6ced9c8d870,bytecode_pattern,0x2db5b8a97b77990cb619701c83f7f048656fcad1,True,False,,,,,,,,,,,,,NEEDS_REVIEW,1,True,-/-/-,0,0,,behavioral,0,NEEDS_REVIEW
0x58f9d1c1ecb60b3e8c9548bd020562a06a4a9d6a,base,Behavioral confirmation: bot 0xacc4f457295b25381f2c7ca66985212b209fb23c trapped in tx 1759c19970089d254695b1de6f39bfdd9e,deployer_history,0x6249a8154e7fc8eb6ca86e6ac77564cf7dcbddd4,True,False,Colour League Red,,,,Colour League Red,COLRED,ERC-20,6,,,,,NEEDS_REVIEW,1,True,-/rev/-,0,0,,behavioral,0,NEEDS_REVIEW
0x6b5df69bd79faef13b755254953a13ba4d0fb94a,base,Behavioral confirmation: bot 0xaf333f56262dda5851c6586f6575627bd3ea56ac trapped in tx d857dbad98f2550afa2c8b1d84bd24b36c,deployer_history,0x6249a8154e7fc8eb6ca86e6ac77564cf7dcbddd4,True,False,,,,,,,,,,,,,NEEDS_REVIEW,1,False,,0,0,,behavioral,0,NEEDS_REVIEW
0x13b1f3509da5694335c04c3bcc9e315e0c9473b6,base,Behavioral confirmation: bot 0x3e3a4d2a69e8df4d7f49720c300d23cb90e3387e trapped in tx 898eaad6a4965405971de16a8f2a8fffa2,deployer_history,0x81f7ca6af86d1ca6335e44a2c28bc88807491415,True,True,MerkleDistributor,,,,,,,,,,,,NEEDS_REVIEW,25,False,,0,0,,behavioral,0,LIKELY_TP_RECIDIVIST
0x56cb500f1b2a28d45a32e8f3a20e7817874a41bb,base,Behavioral confirmation: bot 0x6f327ec0defe0d25ae77fb1f1152e31cd0e89c01 trapped in tx 09595a0853c869717806c8c7ed5c4f2b7e,bytecode_pattern,0xb87258e1cb93cb10de2b0ecd10f9d82aee3ef66f,True,False,,,,,,,,,,,,,NEEDS_REVIEW,4,False,,0,0,,behavioral,0,LIKELY_TP_RECIDIVIST
0x99878fbd96fb4fecdd784e3862f509d26f0dfa57,base,Behavioral confirmation: bot 0xc4210bfd73206c3208ae1f0854ee146ed8f1271b trapped in tx a724ec047e3257ed2b8d6bfefae7bb3e3e,bytecode_pattern,0xd1328d1a8b4957f75fed05f1c45a4b9829e94f01,True,True,EstateToken,,,,Estate,ESTATE,ERC-20,6,,,,,NEEDS_REVIEW,0,False,,0,0,,behavioral,0,STILL_NEEDS_REVIEW
0xb6e38746afd8c1db4481c709aebf0e3b2794f752,base,Behavioral confirmation: bot 0x7aed0a2a333478566b1effdb4ce6a142c667dddc trapped in tx 521eff1080c9f8e37dc25a927ccc88ba4f,bytecode_pattern,0x98b57062fb10a22a4e8336072906d87ec43797cf,True,False,Block Sec Arena,,,,Block Sec Arena,BSA,ERC-20,1077,,,,,LIKELY_FP,,,,,,,,,ALREADY_MIGRATED
0xd80f17e22cc6a0d6c30557e7b4326879dfac4ba3,base,Self-loop: deployer 0x0015c001abd77efd583954790f8b5c816fdb81fc called own contract in reverted tx at block 45707072 (BOT,bytecode_pattern,0x0015c001abd77efd583954790f8b5c816fdb81fc,True,True,BaseMegaBot,,,,,,,,,,,,NEEDS_REVIEW,0,False,,0,0,,self_loop,0,LIKELY_FP_WEAK
0x1a11fdce91fcc4b04f6cd1cb5124028932a57e34,base,Behavioral confirmation: bot 0x4e7be9a8343f6fac55e2f9554415a1e8efaa3b07 trapped in tx 164f7f2c6670b5a6dfc16497142d78e4ea,bytecode_pattern,0xa9f65861c9bf68497bce6f30c5b20d0ed64d216e,True,False,,,,,,,,,,,,,NEEDS_REVIEW,2,False,,0,0,,behavioral,0,LIKELY_TP_RECIDIVIST
0x6b06a2900a0b1c4d96cbafb0773b0c9b91c04fd8,base,Behavioral confirmation: bot 0x6fbd620bc2641238bad794f9402a88200d18dca5 trapped in tx f4ec12c560b3f2f09d8ffd548cb0b575d3,deployer_history,0xffaabcef9bde634127360c6b139c357748c0a223,True,False,,,,,,,,,,,,,NEEDS_REVIEW,1,False,,0,0,,behavioral,0,NEEDS_REVIEW
0xb17ff2ae846696a43e3a36a470620560ded08093,base,Behavioral confirmation: bot 0x6fbd620bc2641238bad794f9402a88200d18dca5 trapped in tx b08f2ff010d27f4834013982e5287670b7,deployer_history,0xffaabcef9bde634127360c6b139c357748c0a223,True,False,,,,,,,,,,,,,NEEDS_REVIEW,1,False,,0,0,,behavioral,0,NEEDS_REVIEW
0x24758c89c9775e6ac6f312a8ff961cc313a6c74f,base,Behavioral confirmation: bot 0xc0ffee384d912eb9a883dbd6b846c1e363c97fc0 trapped in tx 97a55f709acca5463c8bb210300667f985,deployer_history,0x604be06b9f6b6663f78e755db0c5965eb2337e3d,True,False,,,,,,,,,,,,,NEEDS_REVIEW,194,False,,0,0,,behavioral,0,LIKELY_TP_RECIDIVIST
0x783bfdcf79f995a5c5f85e1a8fb44bcaa61badff,base,Behavioral confirmation: bot 0xc0ffee6719ae392dc1cbfad30cdac3a46837fcf1 trapped in tx a676c21e5883239157c3df5ce8e0a335b0,deployer_history,0xc0ffeefeed8b9d271445cf5d1d24d74d2ca4235e,True,False,,,,,,,,,,,,,NEEDS_REVIEW,203,False,,0,0,,behavioral,0,LIKELY_TP_RECIDIVIST
0x9c81064fbb9eeb4f9db75405805fe3a2faee8fc5,base,Behavioral confirmation: bot 0x1fabcd716472b66816e885b1baf6b653784d8da1 trapped in tx d8e3dfd43ef25ae9c0a019d4c6d1583bb4,bytecode_pattern,0x2e00b8296c218112b7a67af22a5d0ffefe7cd45f,True,False,,,,,,,,,,,,,NEEDS_REVIEW,0,False,,0,0,,behavioral,0,NEEDS_REVIEW
0xd416a3a15c8c44af24580cfeeec0bbd5880a2f2f,arbitrum,Behavioral confirmation: bot 0x16bffd02726ccb2c55c6a19a863349b1e44e23a9 trapped in tx c56f68b1952d48b4a0aac0727b6affa2f7,deployer_history,0x0fcb8d4c87345b5bed22f6cc150d823c847c861e,True,False,,,,,,,,,,,,,NEEDS_REVIEW,0,False,,0,0,,behavioral,0,NEEDS_REVIEW
0xa271d84d7fcfb07a77912353c4bd3fdfb4c0dd75,arbitrum,Behavioral confirmation: bot 0x93fe65a9662768a20791b313cb0057e189901111 trapped in tx 2dbd5d3c0590950421b8ce51ede4544f5b,bytecode_pattern,0xf9b615dd17d2461e8234701f19ed473909888888,True,False,,,,,,,,,,,,,NEEDS_REVIEW,0,False,,0,0,,behavioral,0,NEEDS_REVIEW
0xfaea6187138006fa4012b84410ee0ee8fdc56a5c,optimism,Behavioral confirmation: bot 0xd866b2332d4383c1bf719732177e2d9109c99dbc trapped in tx 30d525a2f2c727a2a5fd58711e8bc7e314,bytecode_pattern,0x34ad8d8c3e12b5a500fe983c43f2a0306dcf0ad1,True,False,,,,,,,,,,,,,NEEDS_REVIEW,0,False,,0,0,,behavioral,0,NEEDS_REVIEW
0x621285cc10ce0dd441d880adc5953da3c7e78cf9,base,Self-loop: deployer 0x4372200bd337d2bf287618eaa5f6425369a13c3c called own contract in reverted tx at block 45768289 (BOT,deployer_history,0x4372200bd337d2bf287618eaa5f6425369a13c3c,True,False,,,,,,,,,,,,,NEEDS_REVIEW,0,False,,0,0,,self_loop,0,LIKELY_FP_WEAK
0xa870231cf27b855cc57d7de7f2910ce3189f2a32,base,Behavioral confirmation: bot 0xf9cbbb4f1adcfc6850f1e68a017d107d52f52354 trapped in tx e860f5f0ef4a47b64ba091760df2e0d9f8,bytecode_pattern,0x5eb7a6583f6386d040f83429a9d46138cb9e8ea3,True,False,,,,,,,,,,,,,NEEDS_REVIEW,17,False,,0,0,,behavioral,0,LIKELY_TP_RECIDIVIST
0x20a6aad4e32d41ebb9b8e00b4a7673c896e7d357,base,Behavioral confirmation: bot 0x356fd6258e250d4db26e7e6170a0a8be57e97434 trapped in tx 9c3af2f68f8f38729d7bc33cb4e3df5b52,deployer_history,0x81f7ca6af86d1ca6335e44a2c28bc88807491415,True,True,MerkleDistributor,,,,,,,,,,,,NEEDS_REVIEW,25,False,,0,0,,behavioral,0,LIKELY_TP_RECIDIVIST
0xae13765ab2e804b756c394dfc960ffbea6bafe7a,arbitrum,Behavioral confirmation: bot 0x4403e79f52e3a5e43d7fed42103565501d81186f trapped in tx 288f295a3d4f05d2bd2fc8113d058d1196,bytecode_pattern,0x537e54514200384d8fa9d07fd7213d74845716d0,True,False,,,,,,,,,,,,,NEEDS_REVIEW,2,False,,0,0,,behavioral,0,LIKELY_TP_RECIDIVIST
0x3338fa9d700fa81431901877eccea7112cca6e70,base,Behavioral confirmation: bot 0xa5c60a516b192c038db45e9f3e61130b3e527dc0 trapped in tx 20af6ebd19f8c67523baa82af4c4a64930,deployer_history,0x81f7ca6af86d1ca6335e44a2c28bc88807491415,True,True,MerkleDistributor,,,,,,,,,,,,NEEDS_REVIEW,25,False,,0,0,,behavioral,0,LIKELY_TP_RECIDIVIST
0xf3bcbe4ee118ecc57c17820a2f03f46a750ab319,base,Behavioral confirmation: bot 0x304839c29f389cf83bd2420bc169a11bd4128e7c trapped in tx ffec93e1ce8abb9cd9d7c2f6353622bf90,bytecode_pattern,0xc2d1b57f9551331538b4992b6b7a90d4c6c0c2e6,True,True,NationWars,,,,NationWars,NWARS,ERC-20,4,,,,,NEEDS_REVIEW,1,False,,0,0,,behavioral,0,STILL_NEEDS_REVIEW
0x2e82680509162148e10036317ab8a5cca2b638ec,base,Behavioral confirmation: bot 0x606dcbca5d2f72c034e9556ddee1702844bd1311 trapped in tx 5e32909e9805198b45e93cfacb656bc048,bytecode_pattern,0xe8c057cd3967dca016c78655079d2a5787894a6c,True,False,,,,,,,,,,,,,NEEDS_REVIEW,0,False,,0,0,,behavioral,0,NEEDS_REVIEW
0xcecaeda56f230ee35b289a97b831da1700e74dba,base,Behavioral confirmation: bot 0xdfde92c393b7eee20aceafe0383ba0bc87d804d9 trapped in tx a366e2218097517c1f3688617e294570c5,bytecode_pattern,0xc2d1b57f9551331538b4992b6b7a90d4c6c0c2e6,True,False,,,,,,,,,,,,,NEEDS_REVIEW,1,False,,0,0,,behavioral,0,NEEDS_REVIEW
0xc149c611197c31405bb74ffd60169eb2c5ae575c,base,Behavioral confirmation: bot 0x6fbd620bc2641238bad794f9402a88200d18dca5 trapped in tx 07bb174f4f987a34acd289056dea6cab98,bytecode_pattern,0x309f2c2e931866e69febacdee37a0ad1301d50a2,True,False,,,,,,,,,,,,,NEEDS_REVIEW,1,False,,0,0,,behavioral,0,NEEDS_REVIEW
0xc066fa65fbe0a1b12d135821efb6ff61993061b5,base,Self-loop: deployer 0x9cd0622afd9b29a3daed4f38e166d66dce26f69e called own contract in reverted tx at block 45811157 (BOT,bytecode_pattern,0x9cd0622afd9b29a3daed4f38e166d66dce26f69e,True,False,,,,,,,,,,,,,NEEDS_REVIEW,0,False,,0,0,,self_loop,0,LIKELY_FP_WEAK
0x5e6bb513ce4b7a22e96d427037e8276ec59dcba1,base,Behavioral confirmation: bot 0x3228b55fae7975d8c20cd83920f619147e8fefb3 trapped in tx beff0df5c27fff74864f6f92abf6c46286,bytecode_pattern,0xff530642b6b945f27ef486f7120e31ad017db890,True,False,,,,,,,,,,,,,NEEDS_REVIEW,0,False,,0,0,,behavioral,0,NEEDS_REVIEW
0xf0e75412c01fde8344f57e272329e30a3221ffc1,base,Behavioral confirmation: bot 0x712fb98782f3bed61d19a294832882b860ca9158 trapped in tx 7af76a3f443e4e7d15e38e36ec35e27968,deployer_history,0xd9007b55f1932e460b558b2e9eb6cbf8f0ea7792,True,True,ERC1967Proxy,,,,,,,,,,,,NEEDS_REVIEW,0,False,,0,0,,behavioral,0,NEEDS_REVIEW
0x7253808009f47eca77db3e7254f692df1a8c5ee5,base,Behavioral confirmation: bot 0x64f2d8f82be4e7fae541ae674900fc6a2dc847fd trapped in tx ce6a544fc9519de0f38397efc50c4fbfcb,bytecode_pattern,0xffea30b0dbdad460b9b6293fb51a059129fccdaf,True,True,CostanzaTokenAdapter,,,,,,,,,,,,NEEDS_REVIEW,0,False,,0,0,,behavioral,0,NEEDS_REVIEW
0xf93ec7eb18330607e67d06d5d7d335d5b0f46b6f,base,Behavioral confirmation: bot 0xe27e545277d4aaabe09f06a90cb017896fdc1423 trapped in tx 2b308c9cb9e55c68065b669a3b49dbc76f,deployer_history,0x12df64fac8093933b9993b52c705e1f62cd73cca,True,True,GameController,,,,,,,,,,,,NEEDS_REVIEW,6,False,,0,0,,behavioral,0,LIKELY_TP_RECIDIVIST
0x9613de2fd0c4dc44af796df6905137f88ae8992d,base,Self-loop: deployer 0x353317ea2e0331be404ef897069053bc10b46611 called own contract in reverted tx at block 45757966 (BOT,deployer_history,0x353317ea2e0331be404ef897069053bc10b46611,True,False,,,,,,,,,,,,,NEEDS_REVIEW,1,False,,0,0,,self_loop,0,NEEDS_REVIEW
0x6475830904555c9d510dd188d35edc00f092997d,base,Self-loop: deployer 0xc51c8c75481bb43e893fdd27bc9e8f0e40855f29 called own contract in reverted tx at block 45747769 (BOT,bytecode_pattern,0xc51c8c75481bb43e893fdd27bc9e8f0e40855f29,False,False,,,,,,,,,,,,,NEEDS_REVIEW,0,False,,0,0,,self_loop,0,LIKELY_FP_WEAK
0x347c8004840ec14fe8dc82ff1bb23c5d74c189d9,base,Behavioral confirmation: bot 0x6729261a3720a0d1ce344a712dc276cf1bf5fb08 trapped in tx 996f045a07e724244a3efd3c1cc96b05a9,deployer_history,0xed3325ea6e4641f330216a8722c639130a133167,True,True,SAFEToken,,,,JackCo,SAFE,ERC-20,0,,,,,NEEDS_REVIEW,0,True,-/-/-,0,0,,behavioral,0,STILL_NEEDS_REVIEW
0x267b92506a2184610ed05af6c5e4e0bfd32ac75a,base,Behavioral confirmation: bot 0x6739ee87497341b8bfef2f9fddfe21d2f850a336 trapped in tx a9b888bda1dece609a9e168e31c75fd588,bytecode_pattern,0x92beff26eb13714e83c674b0fd1e175c20e85617,True,False,,,,,,,,,,,,,NEEDS_REVIEW,0,False,,0,0,,behavioral,0,NEEDS_REVIEW
0x80b52b26434e2d61d2cb9a80b4371e8397b519cf,base,Behavioral confirmation: bot 0x675a38b2a29376e1db300bba72f2fd5e2fd56dd6 trapped in tx 60a880c7058eb734c165f5fb587de9b5a4,deployer_history,0x8e3972484eb502184258346410eb9ea97d68b5e9,True,False,,,,,,,,,,,,,NEEDS_REVIEW,2,False,,0,0,,behavioral,0,LIKELY_TP_RECIDIVIST
0xf91b701666f068478cb5411d56b251a7d2bd9ee7,base,Behavioral confirmation: bot 0x675a38b2a29376e1db300bba72f2fd5e2fd56dd6 trapped in tx 8eb97703f66ee221fb280d2ef29cbea5d7,deployer_history,0x8e3972484eb502184258346410eb9ea97d68b5e9,True,False,,,,,,,,,,,,,NEEDS_REVIEW,2,False,,0,0,,behavioral,0,LIKELY_TP_RECIDIVIST
0x8706fa6d2d8068d1ab18c07bb1deb9a05a8bb6c5,base,Behavioral confirmation: bot 0xc0ffeee584eb20398de87cd4c22333c4d2b7559a trapped in tx 00a22c3ebd9e34f24f57f797bfdb8eda77,deployer_history,0xc0ffeefeed8b9d271445cf5d1d24d74d2ca4235e,True,False,,,,,,,,,,,,,NEEDS_REVIEW,203,False,,0,0,,behavioral,0,LIKELY_TP_RECIDIVIST
0x1506ecf552171e2a936170a52bec9087a5e55a4f,base,Behavioral confirmation: bot 0x675a38b2a29376e1db300bba72f2fd5e2fd56dd6 trapped in tx d4532800864c4fa48d101d3f093834fdad,deployer_history,0x8e3972484eb502184258346410eb9ea97d68b5e9,True,False,,,,,,,,,,,,,NEEDS_REVIEW,2,False,,0,0,,behavioral,0,LIKELY_TP_RECIDIVIST
0xb3f47ff5457413e4aa7d6f01becf67c46f82f05f,base,Behavioral confirmation: bot 0x6fbd620bc2641238bad794f9402a88200d18dca5 trapped in tx ca2b96c8e53ba3b6885a0cdbc24765b8ca,bytecode_pattern,0xf047b952225bf90cf65b1c0915a8b42c3556bacd,True,False,,,,,,,,,,,,,NEEDS_REVIEW,0,False,,0,0,,behavioral,0,NEEDS_REVIEW
0x03c57a5d79cebcf8f60a68da1c291a3ab7e969fb,base,Behavioral confirmation: bot 0x287e514d6e8851f0e0e7c27b05b98f247c9b1006 trapped in tx 640f77d8aa1ef4557b8c557b51fe094d0e,deployer_history,0x7ac6e9042fb5148b3f5daf9badfb8cf33ef66f43,True,False,,,,,,,,,,,,,NEEDS_REVIEW,9,False,,0,0,,behavioral,0,LIKELY_TP_RECIDIVIST
0x01d18441594d67e150e0e6a4f6259b1e7128d415,base,Behavioral confirmation: bot 0xa5c60a516b192c038db45e9f3e61130b3e527dc0 trapped in tx 105d7c32e05cd3508cd5260875dbc5a12f,deployer_history,0x81f7ca6af86d1ca6335e44a2c28bc88807491415,True,True,MerkleDistributor,,,,,,,,,,,,NEEDS_REVIEW,25,False,,0,0,,behavioral,0,LIKELY_TP_RECIDIVIST
0x0ddcdee36e0fde1c1d0da69d199573c9d30c34fc,base,Behavioral confirmation: bot 0xc0ffee077edd3997c2a65ef68c71a5bc6400051a trapped in tx 5a3f4099908b262da7d66aae1e5b92c805,deployer_history,0xc0ffeefeed8b9d271445cf5d1d24d74d2ca4235e,True,False,,,,,,,,,,,,,NEEDS_REVIEW,203,False,,0,0,,behavioral,0,LIKELY_TP_RECIDIVIST
0xaf9e26aa16e0df1f8872a7e0c9d40562373b327f,base,Behavioral confirmation: bot 0xc0ffee29315bafc6117fe7887a0468bad71c8424 trapped in tx 1ed65746fcb7e0cc089f71fcad9f599618,deployer_history,0x604be06b9f6b6663f78e755db0c5965eb2337e3d,True,False,,,,,,,,,,,,,NEEDS_REVIEW,194,False,,0,0,,behavioral,0,LIKELY_TP_RECIDIVIST
0xb49c9c515fd07ef7483a71e5ff2b2410860e80dc,base,Behavioral confirmation: bot 0xc0ffeeee46499a3f63426763fbc0e8344162fc97 trapped in tx 3e12084e144fd24433ccea50bd1c76725b,deployer_history,0x604be06b9f6b6663f78e755db0c5965eb2337e3d,True,False,,,,,,,,,,,,,NEEDS_REVIEW,194,False,,0,0,,behavioral,0,LIKELY_TP_RECIDIVIST
0x10eed33595a3dc91ca3e3d90df52de9b3e4914e9,base,Behavioral confirmation: bot 0xc0ffeef2a20f16d8ef3f88206dff938915be44d5 trapped in tx b045b9edd246685e45e4d4a8336d757fc3,deployer_history,0x604be06b9f6b6663f78e755db0c5965eb2337e3d,True,False,,,,,,,,,,,,,NEEDS_REVIEW,194,False,,0,0,,behavioral,0,LIKELY_TP_RECIDIVIST
0x9b279b5c2e5f5c98a6b143392c76bad2a6327481,base,Behavioral confirmation: bot 0xc0ffee1d2edbe6dad64af3d05c0421cbecdcb83a trapped in tx 2aeca059ba34ae4095580cd088d739b6d2,deployer_history,0xc0ffeefeed8b9d271445cf5d1d24d74d2ca4235e,True,False,,,,,,,,,,,,,NEEDS_REVIEW,203,False,,0,0,,behavioral,0,LIKELY_TP_RECIDIVIST
0x089232f09a0d784ae5d0b976378bc1a88759cef3,base,Behavioral confirmation: bot 0xc0ffeedf747b7794faa9441287ec4633b80b77ac trapped in tx 9a93ca6e35217a20082b293150c928775d,deployer_history,0x604be06b9f6b6663f78e755db0c5965eb2337e3d,True,False,,,,,,,,,,,,,NEEDS_REVIEW,194,False,,0,0,,behavioral,0,LIKELY_TP_RECIDIVIST
0xc41c496f951b47b7174a1e8f6c25d96bbf3f0c64,arbitrum,Behavioral confirmation: bot 0x0981382a4968ad2b9d45c104e4586dcc6a40cd08 trapped in tx 5bebaeb953532fc59a320ac9d178f46281,bytecode_pattern,0x1cac0d1449dfc9e83e2cd2e53543f7d737e28e9c,True,False,Rena Labs,,,,Rena Labs,RENLAB,ERC-20,2236,,,,,LIKELY_FP,,,,,,,,,ALREADY_MIGRATED
0x192dbf3937a53b1dc41ecca93610b46d160b2073,base,Behavioral confirmation: bot 0xc0ffeedf747b7794faa9441287ec4633b80b77ac trapped in tx 8811c8eb54d9610d7963f52f4638a213f7,deployer_history,0xc0ffeefeed8b9d271445cf5d1d24d74d2ca4235e,True,False,,,,,,,,,,,,,NEEDS_REVIEW,203,False,,0,0,,behavioral,0,LIKELY_TP_RECIDIVIST
0x92ef90e7c38be1635d5321792ac2f3a57a5f1187,base,Behavioral confirmation: bot 0xc0ffee31b1c8c3427a9ed9373bef867fc895d966 trapped in tx ad2273138600ef9b0095dd2f5271374313,deployer_history,0x604be06b9f6b6663f78e755db0c5965eb2337e3d,True,False,,,,,,,,,,,,,NEEDS_REVIEW,194,False,,0,0,,behavioral,0,LIKELY_TP_RECIDIVIST
0x97bf43d4b6811c94a53dfe3d914f82932ae7d064,base,Behavioral confirmation: bot 0xc0ffee722c49a8c105b0d38d32d374eb6ea1321b trapped in tx 33b6fca9d69bc37995386b44ade4c29799,deployer_history,0x604be06b9f6b6663f78e755db0c5965eb2337e3d,True,False,,,,,,,,,,,,,NEEDS_REVIEW,194,False,,0,0,,behavioral,0,LIKELY_TP_RECIDIVIST
0xd9a5153d4480f91b9e17ea35afbf48f79d1bea34,base,Behavioral confirmation: bot 0xc0ffee29315bafc6117fe7887a0468bad71c8424 trapped in tx 1b93f45be63f37abbcea4531473e1476d1,deployer_history,0x604be06b9f6b6663f78e755db0c5965eb2337e3d,True,False,,,,,,,,,,,,,NEEDS_REVIEW,194,False,,0,0,,behavioral,0,LIKELY_TP_RECIDIVIST
0x73025746f29146d1d0dd82eff867d506f726401d,base,Behavioral confirmation: bot 0xc0ffee73cd222c29709a211010ad76d8b3ca55b4 trapped in tx d7ec537add12ff07144971e76b613599a7,deployer_history,0xc0ffeefeed8b9d271445cf5d1d24d74d2ca4235e,True,False,,,,,,,,,,,,,NEEDS_REVIEW,203,False,,0,0,,behavioral,0,LIKELY_TP_RECIDIVIST
0x7c8367ff9120bb8d46c25e8d7edb8a5ac19f857f,base,Behavioral confirmation: bot 0xc0ffeeb5141ee829d163e56ab1e1519240d3979c trapped in tx c8ff36e42b1fd83bf52e35296f509a54b8,deployer_history,0xc0ffeefeed8b9d271445cf5d1d24d74d2ca4235e,True,False,,,,,,,,,,,,,NEEDS_REVIEW,203,False,,0,0,,behavioral,0,LIKELY_TP_RECIDIVIST
0xde4790e68e974467e90abec2c0517d5f61bf0b8d,base,Behavioral confirmation: bot 0xc0ffeefc06e7d4abc67b8fdba7ef9100b0c85f5b trapped in tx bf6deb9334f59fadaec585fbbf3c66325d,deployer_history,0xc0ffeefeed8b9d271445cf5d1d24d74d2ca4235e,True,False,,,,,,,,,,,,,NEEDS_REVIEW,203,False,,0,0,,behavioral,0,LIKELY_TP_RECIDIVIST
0x468a2b4a728b7c6415a1a02a56d28af41ddba3b8,base,Behavioral confirmation: bot 0xc0ffee6d1350e41d96e0e590acd7e11db474a59f trapped in tx cf8962432d006c6589adfd32252b56fe24,deployer_history,0x604be06b9f6b6663f78e755db0c5965eb2337e3d,True,False,,,,,,,,,,,,,NEEDS_REVIEW,194,False,,0,0,,behavioral,0,LIKELY_TP_RECIDIVIST
0xd1cc3668efd5b8330becf5e7928a4d4131ed5d88,base,Behavioral confirmation: bot 0xc0ffeefb0fc3053c2ca8fda37390cd4cadfe48c7 trapped in tx 0163e7759bc3cdfef2874b0d07f358dbe4,deployer_history,0xc0ffeefeed8b9d271445cf5d1d24d74d2ca4235e,True,False,,,,,,,,,,,,,NEEDS_REVIEW,203,False,,0,0,,behavioral,0,LIKELY_TP_RECIDIVIST
0xd8325a667b600b5a030e27fd341f2a5b78c7e81d,base,Behavioral confirmation: bot 0xc0ffeea556179ce7a8d01211f4288a8b25f7cf49 trapped in tx 286e661f52e0f331afe71303723f6a6010,deployer_history,0xc0ffeefeed8b9d271445cf5d1d24d74d2ca4235e,True,False,,,,,,,,,,,,,NEEDS_REVIEW,203,False,,0,0,,behavioral,0,LIKELY_TP_RECIDIVIST
0xcd18ad3f729c589e971399ec8b7929df92632280,base,Behavioral confirmation: bot 0xc0ffeed83ae71bcc7cb1fb298289a721a2387ff5 trapped in tx 7de530d80f8346a155c0356172b115d96b,deployer_history,0x604be06b9f6b6663f78e755db0c5965eb2337e3d,True,False,,,,,,,,,,,,,NEEDS_REVIEW,194,False,,0,0,,behavioral,0,LIKELY_TP_RECIDIVIST
0xa68079da060e485501cf778de52b738919a43324,base,Behavioral confirmation: bot 0x7b54cdc398ed83f4e351f9c7d017c1944b6d41cb trapped in tx 2fd8b2c1c8cc24d00298c5083c778f2784,bytecode_pattern,0x72ed7949080a2c57bfe9788a7970fe39629fc6ca,True,False,UndercoverIRIS,,,,UndercoverIRIS,NEMI,ERC-20,4,,,,,NEEDS_REVIEW,0,False,,152,25,6.08,behavioral,0,NEEDS_REVIEW
0x49677c21701ca68737a099e56d814d0912063a9e,base,Behavioral confirmation: bot 0xc0ffeeee46499a3f63426763fbc0e8344162fc97 trapped in tx c8861f9e76a418ab0bc49bd0de74394c4b,deployer_history,0xc0ffeefeed8b9d271445cf5d1d24d74d2ca4235e,True,False,,,,,,,,,,,,,NEEDS_REVIEW,203,False,,0,0,,behavioral,0,LIKELY_TP_RECIDIVIST
0x543b64067f770fb9060664db9c07426857c8b29b,base,Behavioral confirmation: bot 0xc0ffee077edd3997c2a65ef68c71a5bc6400051a trapped in tx 88811fc16adc51a5ccf518f5f8343292b3,deployer_history,0xc0ffeefeed8b9d271445cf5d1d24d74d2ca4235e,True,False,,,,,,,,,,,,,NEEDS_REVIEW,203,False,,0,0,,behavioral,0,LIKELY_TP_RECIDIVIST
0xe2cde549acf850e93afba0843635aab6fc8cf876,base,Behavioral confirmation: bot 0xc0ffeeaf9aadcf05e268383dd2c96466b0ccca59 trapped in tx 13b0a84295b6e46f30d939bb126ec5a0bd,deployer_history,0xc0ffeefeed8b9d271445cf5d1d24d74d2ca4235e,True,False,,,,,,,,,,,,,NEEDS_REVIEW,203,False,,0,0,,behavioral,0,LIKELY_TP_RECIDIVIST
0xec8a560634a3d355ceb0386c9bf47b2d0c309048,base,Behavioral confirmation: bot 0xc0ffeec544131a82bdde7273617259c1b5aeac71 trapped in tx aa5b5a58977ba9b91034ccef9d241cea8e,deployer_history,0x604be06b9f6b6663f78e755db0c5965eb2337e3d,True,False,,,,,,,,,,,,,NEEDS_REVIEW,194,False,,0,0,,behavioral,0,LIKELY_TP_RECIDIVIST
0x43f8f8989860b29aa22922e0bf3439a03fbd7d65,base,Behavioral confirmation: bot 0xc0ffee1864731c3c33a1967fc8e0fbf454a6a006 trapped in tx ad82e3ebc5a1610964dd3c25babf1bb4c8,deployer_history,0xc0ffeefeed8b9d271445cf5d1d24d74d2ca4235e,True,False,,,,,,,,,,,,,NEEDS_REVIEW,203,False,,0,0,,behavioral,0,LIKELY_TP_RECIDIVIST
0x3ac605f5fe2c9cb6dc2d5aea405f43d3b9d8d33b,base,Behavioral confirmation: bot 0xc0ffeeaf9aadcf05e268383dd2c96466b0ccca59 trapped in tx 79cc5fb96925314e05c4d70037889da8a6,deployer_history,0xc0ffeefeed8b9d271445cf5d1d24d74d2ca4235e,True,False,,,,,,,,,,,,,NEEDS_REVIEW,203,False,,0,0,,behavioral,0,LIKELY_TP_RECIDIVIST
0x44f457d797edb1517a54c518ec283e8af610b67b,base,Behavioral confirmation: bot 0xc0ffee445a22e6228cfb77ec0483c426fc856161 trapped in tx 47cdec0e4d6731a03ccb8b87e7f2dc4036,deployer_history,0xc0ffeefeed8b9d271445cf5d1d24d74d2ca4235e,True,False,,,,,,,,,,,,,NEEDS_REVIEW,203,False,,0,0,,behavioral,0,LIKELY_TP_RECIDIVIST
0xffa22b9f874193607a4b2d3e686e67b82c701f70,base,Behavioral confirmation: bot 0xc0ffee648f2b70238b827cdd9c3f2c91170ee3b1 trapped in tx a2f4b83f62734cd795d99b0b7de3950832,deployer_history,0x604be06b9f6b6663f78e755db0c5965eb2337e3d,True,False,,,,,,,,,,,,,NEEDS_REVIEW,194,False,,0,0,,behavioral,0,LIKELY_TP_RECIDIVIST
0x1a24f049bef8f82dfa2e3a0c4737b9df15d20854,base,Behavioral confirmation: bot 0xc0ffee29315bafc6117fe7887a0468bad71c8424 trapped in tx d93d18116e688c202e797fd18295a0653b,deployer_history,0x604be06b9f6b6663f78e755db0c5965eb2337e3d,True,False,,,,,,,,,,,,,NEEDS_REVIEW,194,False,,0,0,,behavioral,0,LIKELY_TP_RECIDIVIST
0x44dab744c3281ce467ecc4ce2dd594267a416e10,base,Behavioral confirmation: bot 0xc0ffeec1f8029a5adc3c9017c433d7c692fdd545 trapped in tx cd8ce11fbe8de6744b03e9eed7eec9e9ea,deployer_history,0x604be06b9f6b6663f78e755db0c5965eb2337e3d,True,False,,,,,,,,,,,,,NEEDS_REVIEW,194,False,,0,0,,behavioral,0,LIKELY_TP_RECIDIVIST
0x046d662f52d1bb54e621c7b1f5fb7418b6a0ed62,base,Behavioral confirmation: bot 0xc0ffee818c9cd2b6e75754e94e0aad291c4db95e trapped in tx 17606b758f682ed61f1b3e0833bfdb8510,deployer_history,0xc0ffeefeed8b9d271445cf5d1d24d74d2ca4235e,True,False,,,,,,,,,,,,,NEEDS_REVIEW,203,False,,0,0,,behavioral,0,LIKELY_TP_RECIDIVIST
0xc365a0e390f077981a8fad596ba3849635ed4030,base,Behavioral confirmation: bot 0xc0ffee8cae1d4279e42fba7a6cafeb8e1401140f trapped in tx 508f748837d8b78e42d0dcd9eeefce33ed,deployer_history,0xc0ffeefeed8b9d271445cf5d1d24d74d2ca4235e,True,False,,,,,,,,,,,,,NEEDS_REVIEW,203,False,,0,0,,behavioral,0,LIKELY_TP_RECIDIVIST
0xf1b89395c80c53d0cc73d826aa80056b379ae859,base,Behavioral confirmation: bot 0xc0ffee191fbaefa0cfe3071677fec4c32255545a trapped in tx 6125138cc056bf416e4aec5b767b5f2e8a,deployer_history,0xc0ffeefeed8b9d271445cf5d1d24d74d2ca4235e,True,False,,,,,,,,,,,,,NEEDS_REVIEW,203,False,,0,0,,behavioral,0,LIKELY_TP_RECIDIVIST
0x7fa32b54d4d27b82b82b6d3e4262b22460eee562,base,Behavioral confirmation: bot 0xc0ffee4d20b77223b00a2ada5a59f5cfd79eca4b trapped in tx f2c45aedc63ddd9b18fd93578569eb74aa,deployer_history,0xc0ffeefeed8b9d271445cf5d1d24d74d2ca4235e,True,False,,,,,,,,,,,,,NEEDS_REVIEW,203,False,,0,0,,behavioral,0,LIKELY_TP_RECIDIVIST
0xa43f09073176ac9ed6d8db158b690c51cc75da67,base,Behavioral confirmation: bot 0xc0ffee2f93b3f53b081f9e775dc47cf54587237e trapped in tx f673ab4eb34454cf82e9a20438cfa03898,deployer_history,0xc0ffeefeed8b9d271445cf5d1d24d74d2ca4235e,True,False,,,,,,,,,,,,,NEEDS_REVIEW,203,False,,0,0,,behavioral,0,LIKELY_TP_RECIDIVIST
0xdd1084dc372dd6d8852330c80c1d36ab1aa5557d,base,Behavioral confirmation: bot 0xc0ffee2e2e109a7321aa17f364a5425e48e1b219 trapped in tx 6f1554378af993981869ba8c00c65cbeb8,deployer_history,0x604be06b9f6b6663f78e755db0c5965eb2337e3d,True,False,,,,,,,,,,,,,NEEDS_REVIEW,194,False,,0,0,,behavioral,0,LIKELY_TP_RECIDIVIST
0x0b37bbcfe2b0cedc11f2c559ec23f8a2c39534af,base,Behavioral confirmation: bot 0x675a38b2a29376e1db300bba72f2fd5e2fd56dd6 trapped in tx 5e46059bf86814e3089a398829b2e7d8a7,deployer_history,0xfa1433ee14598eecee4820ae49abaae47e44a805,True,False,,,,,,,,,,,,,NEEDS_REVIEW,3,False,,0,0,,behavioral,0,LIKELY_TP_RECIDIVIST
0x8c66a75d846d6ed058decd985f6ba8fc56036ab1,base,Behavioral confirmation: bot 0x675a38b2a29376e1db300bba72f2fd5e2fd56dd6 trapped in tx 1118ad12b434a3b7beb025d07e593875d6,deployer_history,0xfa1433ee14598eecee4820ae49abaae47e44a805,True,False,,,,,,,,,,,,,NEEDS_REVIEW,3,False,,0,0,,behavioral,0,LIKELY_TP_RECIDIVIST
0x5ad1dd66c217efb7cb75cdcff1990ab1b3dacff4,base,Behavioral confirmation: bot 0x675a38b2a29376e1db300bba72f2fd5e2fd56dd6 trapped in tx 9e04128c642c54d00937872250b6b1624c,deployer_history,0xfa1433ee14598eecee4820ae49abaae47e44a805,True,False,,,,,,,,,,,,,NEEDS_REVIEW,3,False,,0,0,,behavioral,0,LIKELY_TP_RECIDIVIST
0x785a2d72d690d9e5226171d088496d43d128326e,base,Behavioral confirmation: bot 0x675a38b2a29376e1db300bba72f2fd5e2fd56dd6 trapped in tx 81da36f9f4d4cfaf63ea59e5770fec5e3f,deployer_history,0xfa1433ee14598eecee4820ae49abaae47e44a805,True,False,,,,,,,,,,,,,NEEDS_REVIEW,3,False,,0,0,,behavioral,0,LIKELY_TP_RECIDIVIST
0x20ce66f3c54f739afe26b9f7d156bd22db058038,base,Behavioral confirmation: bot 0x675a38b2a29376e1db300bba72f2fd5e2fd56dd6 trapped in tx 5b9e0546d2752c4e3b2a847a7e3831a992,deployer_history,0x16213eed4a9d4abf0c109d220e7dc1664733310e,True,False,,,,,,,,,,,,,NEEDS_REVIEW,4,False,,0,0,,behavioral,0,LIKELY_TP_RECIDIVIST
0x8a25498ff82026996a17403380d930ec04139e23,base,Behavioral confirmation: bot 0x675a38b2a29376e1db300bba72f2fd5e2fd56dd6 trapped in tx f320975ec8620156bcca5666bbcee4d5cc,deployer_history,0x16213eed4a9d4abf0c109d220e7dc1664733310e,True,False,,,,,,,,,,,,,NEEDS_REVIEW,4,False,,0,0,,behavioral,0,LIKELY_TP_RECIDIVIST
0x66e2e5199d4c4d2c3473d4ae432106a48f1269e6,base,Behavioral confirmation: bot 0x675a38b2a29376e1db300bba72f2fd5e2fd56dd6 trapped in tx ae1371d7aef41bd16a6092f3ab3cedda17,bytecode_pattern,0x5f808887bb752d2a676213b7fe8d3ac12d02a835,True,False,,,,,,,,,,,,,NEEDS_REVIEW,1,False,,0,0,,behavioral,0,NEEDS_REVIEW
0x1e76f61b7547fb166b9de5bbc018bda383fb40d2,base,Behavioral confirmation: bot 0x675a38b2a29376e1db300bba72f2fd5e2fd56dd6 trapped in tx 09ac478143d4427a18ceaa6c960b0963c9,deployer_history,0x16213eed4a9d4abf0c109d220e7dc1664733310e,True,False,,,,,,,,,,,,,NEEDS_REVIEW,4,False,,0,0,,behavioral,0,LIKELY_TP_RECIDIVIST
0x5960e66f168b441f055e5bacedfd7ad612f87004,base,Behavioral confirmation: bot 0x675a38b2a29376e1db300bba72f2fd5e2fd56dd6 trapped in tx 0a995e7469b5fc2bb4f21238a3b7639e4e,deployer_history,0x4efca6454dc485d34dc9b4afe1b101a2fb16f417,True,True,Storage,,,,,,,,,,,,NEEDS_REVIEW,0,False,,0,0,,behavioral,0,NEEDS_REVIEW
0x523309b780cd1b22b6e8159af217dade41be95b0,base,Behavioral confirmation: bot 0x675a38b2a29376e1db300bba72f2fd5e2fd56dd6 trapped in tx 4cc1c23cb9406f056b7884ac110e391522,deployer_history,0x16213eed4a9d4abf0c109d220e7dc1664733310e,True,False,,,,,,,,,,,,,NEEDS_REVIEW,4,False,,0,0,,behavioral,0,LIKELY_TP_RECIDIVIST
0x8de87583787f2af10faeb57d9babd23318cb6672,base,Behavioral confirmation: bot 0x675a38b2a29376e1db300bba72f2fd5e2fd56dd6 trapped in tx 32c12fd2932731e2b334a24670ba97e798,bytecode_pattern,0xf52208b3c10dc83656eadf99109dc55c0132d941,True,False,Connex,,,,Connex,CONX,ERC-721,0,,,,,NEEDS_REVIEW,0,True,-/-/-,0,0,,behavioral,0,NEEDS_REVIEW
0x03f1ec788ec92f66d806c9807337c1b81a68db67,base,Behavioral confirmation: bot 0x675a38b2a29376e1db300bba72f2fd5e2fd56dd6 trapped in tx 5fe5717aeb3c32d0eb6a89321c3799ecfb,deployer_history,0xedfd76e9674b93584284d51c3ed47ed9ab86afb0,True,True,Storage,,,,,,,,,,,,NEEDS_REVIEW,0,False,,0,0,,behavioral,0,NEEDS_REVIEW
0x242f465169acebe2c014b8d895cc2e17cdf8cfc5,base,Behavioral confirmation: bot 0x675a38b2a29376e1db300bba72f2fd5e2fd56dd6 trapped in tx 05d3353e989596472ee06f3c5539f40752,bytecode_pattern,0x27e245c88efb77eeab1c9e6cb21e9818baa1f1e5,True,False,test69,,,,test69,test69,ERC-20,0,,,,,NEEDS_REVIEW,0,False,,0,0,,behavioral,0,NEEDS_REVIEW
0x800131e93cead25b1bf88ab7dcda42f40e65873a,base,Behavioral confirmation: bot 0x675a38b2a29376e1db300bba72f2fd5e2fd56dd6 trapped in tx 3f906eccf39af6d47cddaf3fb7a2814017,bytecode_pattern,0x16213eed4a9d4abf0c109d220e7dc1664733310e,True,True,MyToken,,,,,,,,,,,,NEEDS_REVIEW,4,False,,0,0,,behavioral,0,LIKELY_TP_RECIDIVIST
0x478557c88785047ee844ecc6340312c489c79aea,base,Behavioral confirmation: bot 0x675a38b2a29376e1db300bba72f2fd5e2fd56dd6 trapped in tx 4bda64c6886a73e9baed8dbbb51829bfcd,bytecode_pattern,0x5f808887bb752d2a676213b7fe8d3ac12d02a835,True,False,,,,,,,,,,,,,NEEDS_REVIEW,1,False,,0,0,,behavioral,0,NEEDS_REVIEW
0xd3028b06022bd4c357cdd41bb02f75c5b709a7b7,base,Behavioral confirmation: bot 0x675a38b2a29376e1db300bba72f2fd5e2fd56dd6 trapped in tx 1fcd0cbbb42547564aa0423aca58bcd3f2,deployer_history,0x8cc93fb57bb3313fd866f284ae7246927bd07c74,True,True,Storage,,,,,,,,,,,,NEEDS_REVIEW,0,False,,0,0,,behavioral,0,NEEDS_REVIEW
0x3946f180a34ba6a1fd0949f3f29fb326e0add0c6,base,Behavioral confirmation: bot 0x21dc7f245beebd631e693ffa02214a21cb71fc34 trapped in tx 4ebe05ddf644ce449d02b156e0381d2b2d,bytecode_pattern,0x202c8b326ca75bf737fd709b524a1333681f0480,True,False,TerraBase Agent,,,,TerraBase Agent,TERA,ERC-721,0,,,,,NEEDS_REVIEW,5,False,,0,0,,behavioral,0,LIKELY_TP_RECIDIVIST
0xc765cf8dedb5eec11e2edff2ad8b16c473725fd0,base,Behavioral confirmation: bot 0x21dc7f245beebd631e693ffa02214a21cb71fc34 trapped in tx a2641b7ad4057083d6bdd184512660b452,bytecode_pattern,0x202c8b326ca75bf737fd709b524a1333681f0480,True,False,TerraBase Artifact,,,,TerraBase Artifact,TERA-ART,ERC-721,0,,,,,NEEDS_REVIEW,5,False,,0,0,,behavioral,0,LIKELY_TP_RECIDIVIST
0x4486738ec027f0776b25ac2f5e2744fce6f96e1e,base,Behavioral confirmation: bot 0x11952796edc9ec91090e459fde87bdcfc11e13ad trapped in tx 921f87838512173eac7fd2262760547f35,bytecode_pattern,0x23812ff0cddd7157c4760e3bb2d39f5f323a7d3c,True,False,,,,,,,,,,,,,NEEDS_REVIEW,0,False,,0,0,,behavioral,0,NEEDS_REVIEW
0x5de9c7f2aaab55f5da7b6a6be72fbaecbce3b934,base,Behavioral confirmation: bot 0xc0ffee077edd3997c2a65ef68c71a5bc6400051a trapped in tx 6fd1892fa5844f48ec508661140e4afcfe,deployer_history,0x604be06b9f6b6663f78e755db0c5965eb2337e3d,True,False,,,,,,,,,,,,,NEEDS_REVIEW,194,False,,0,0,,behavioral,0,LIKELY_TP_RECIDIVIST
0x7612dd999ca591db283d280588ccc59b09948358,base,Behavioral confirmation: bot 0xc0ffee2d423e04e42a02018b71455753878d9de2 trapped in tx cb4aeb5570efcb6b4b69a83766d90e7c31,deployer_history,0xc0ffeefeed8b9d271445cf5d1d24d74d2ca4235e,True,False,,,,,,,,,,,,,NEEDS_REVIEW,203,False,,0,0,,behavioral,0,LIKELY_TP_RECIDIVIST
0x765a6621087605f80767c91f304a5c539b6c1983,base,Behavioral confirmation: bot 0xc0ffeec544131a82bdde7273617259c1b5aeac71 trapped in tx 116d5a93fbc4130d39d77b4a32655f7232,deployer_history,0xc0ffeefeed8b9d271445cf5d1d24d74d2ca4235e,True,False,,,,,,,,,,,,,NEEDS_REVIEW,203,False,,0,0,,behavioral,0,LIKELY_TP_RECIDIVIST
0x28b5b067990ddf97ef674d192a36aef09ac868f0,base,Behavioral confirmation: bot 0xc0ffee2a32bc8d7799764ef72caa075276908484 trapped in tx 4ec494fbf7d31005e966ec98fc74748b24,deployer_history,0x604be06b9f6b6663f78e755db0c5965eb2337e3d,True,False,,,,,,,,,,,,,NEEDS_REVIEW,194,False,,0,0,,behavioral,0,LIKELY_TP_RECIDIVIST
0xfa78da6d5b3a5c9ba41dfd416f4ba17f610f9a9e,base,Behavioral confirmation: bot 0xc0ffee666bdd7f9897c72f9195955a16d63c0ac4 trapped in tx 0252a5a5ecc6b0d961d4bbc5f548eda9c1,deployer_history,0xc0ffeefeed8b9d271445cf5d1d24d74d2ca4235e,True,False,,,,,,,,,,,,,NEEDS_REVIEW,203,False,,0,0,,behavioral,0,LIKELY_TP_RECIDIVIST
0x6931712fb1d5c0168fedef57d6930512e1d47e53,base,Behavioral confirmation: bot 0x756ecad2f01c2402c9aa2d75c02171e151e47913 trapped in tx e7bb74b107bd55a1bab8578f3d8ffaa8ff,deployer_history,0x7ac6e9042fb5148b3f5daf9badfb8cf33ef66f43,False,False,,,,,,,,,,,,,NEEDS_REVIEW,9,False,,0,0,,behavioral,0,LIKELY_TP_RECIDIVIST
0xfcac4ac4cd9f0c6671921221a778c32abf51ec1b,base,Self-loop: deployer 0xee5203efce7cea39e1e1607ed84e77ddd853f0ce called own contract in reverted tx at block 45772795 (BOT,bytecode_pattern,0xee5203efce7cea39e1e1607ed84e77ddd853f0ce,False,False,,,,,,,,,,,,,NEEDS_REVIEW,0,False,,0,0,,self_loop,0,LIKELY_FP_WEAK
0x17c6f3768c0434af986ba0ff4d5a7c3885c87309,base,Behavioral confirmation: bot 0xc0ffee2f93b3f53b081f9e775dc47cf54587237e trapped in tx 352c35aa8cd89abcbddff57bd40e30359d,deployer_history,0xc0ffeefeed8b9d271445cf5d1d24d74d2ca4235e,True,False,,,,,,,,,,,,,NEEDS_REVIEW,203,False,,0,0,,behavioral,0,LIKELY_TP_RECIDIVIST
0x38cf15a2c58d20bf8834e172fe32538a6f09f7a7,base,Behavioral confirmation: bot 0xc0ffee1d2edbe6dad64af3d05c0421cbecdcb83a trapped in tx 03abcdb40786f871e544fcfde5582d476f,deployer_history,0xc0ffeefeed8b9d271445cf5d1d24d74d2ca4235e,True,False,,,,,,,,,,,,,NEEDS_REVIEW,203,False,,0,0,,behavioral,0,LIKELY_TP_RECIDIVIST
0xeeeea38fc983671b06ccb216b4407f4dc45770ac,base,Behavioral confirmation: bot 0xc0ffeebd01000ea2bdd2851b2ff2534f2da1c9b3 trapped in tx a60fc270c4f68759eb548c3dd04c8b1ca6,deployer_history,0x604be06b9f6b6663f78e755db0c5965eb2337e3d,True,False,,,,,,,,,,,,,NEEDS_REVIEW,194,False,,0,0,,behavioral,0,LIKELY_TP_RECIDIVIST
0xe44b25bb485c22f678d09d2d8e19d82c871c36dc,base,Behavioral confirmation: bot 0xc0ffee410b604164c6394b1e918362a70bf8d091 trapped in tx c72f4c995a8fb09f045a03813e870f7f45,deployer_history,0xc0ffeefeed8b9d271445cf5d1d24d74d2ca4235e,False,False,,,,,,,,,,,,,NEEDS_REVIEW,203,False,,0,0,,behavioral,0,LIKELY_TP_RECIDIVIST
0x1a65995d482f3f91b35650d8e0dde1e71aca4fa7,base,Behavioral confirmation: bot 0xc0ffeee3fe44ab522cb0f25a525738fb40c1b0b4 trapped in tx 7459a39cf8b966b2027cc38d601cc89b06,deployer_history,0xc0ffeefeed8b9d271445cf5d1d24d74d2ca4235e,False,False,,,,,,,,,,,,,NEEDS_REVIEW,203,False,,0,0,,behavioral,0,LIKELY_TP_RECIDIVIST
0xa49422e37b5ebdccabc10a21350ae26ee2fbb2b9,base,Behavioral confirmation: bot 0xc0ffee43451db6e0fdd135ed5b06492b35c34e5e trapped in tx 9d93c0616df77591829fc038e4fafea84c,deployer_history,0x604be06b9f6b6663f78e755db0c5965eb2337e3d,False,False,,,,,,,,,,,,,NEEDS_REVIEW,194,False,,0,0,,behavioral,0,LIKELY_TP_RECIDIVIST
0x33965ac75314a0ba954c0f78a9e44e0af379ab35,base,Behavioral confirmation: bot 0xc0ffeec1f8029a5adc3c9017c433d7c692fdd545 trapped in tx 29b3d70ec368c57231cd829ce94579f3cb,deployer_history,0xc0ffeefeed8b9d271445cf5d1d24d74d2ca4235e,False,False,,,,,,,,,,,,,NEEDS_REVIEW,203,False,,0,0,,behavioral,0,LIKELY_TP_RECIDIVIST
0xd1063e271a0a7613233dab23a8a4ec321baa52f6,base,Behavioral confirmation: bot 0xc0ffee1864731c3c33a1967fc8e0fbf454a6a006 trapped in tx 3c1aa45e1ef98e5d14df3c12fdd582b9bf,deployer_history,0xc0ffeefeed8b9d271445cf5d1d24d74d2ca4235e,False,False,,,,,,,,,,,,,NEEDS_REVIEW,203,False,,0,0,,behavioral,0,LIKELY_TP_RECIDIVIST
0x1c3899ee3f30247f69b0e4468175762ec91d2e9e,base,Behavioral confirmation: bot 0xc0ffeed0542a56f35cdd67293f7f3723540f988f trapped in tx 70755edb488037900d4a0cd01cc3b06e3d,deployer_history,0x604be06b9f6b6663f78e755db0c5965eb2337e3d,True,False,,,,,,,,,,,,,NEEDS_REVIEW,194,False,,0,0,,behavioral,0,LIKELY_TP_RECIDIVIST
0xb909814374cbf8439b19d30e5ca3501dd36348a4,base,Behavioral confirmation: bot 0xc0ffee17d520056942531cb6d4d6251ff8163bb1 trapped in tx 366fbf0994c5802915cf465a60b2c227cb,deployer_history,0x604be06b9f6b6663f78e755db0c5965eb2337e3d,True,False,,,,,,,,,,,,,NEEDS_REVIEW,194,False,,0,0,,behavioral,0,LIKELY_TP_RECIDIVIST
0x8b7eeb064333317eae896cd7e7a2ac2f23d5d0a2,base,Behavioral confirmation: bot 0xc0ffeeb5141ee829d163e56ab1e1519240d3979c trapped in tx fc3f9f165167395cb1357636e2073052ea,deployer_history,0x604be06b9f6b6663f78e755db0c5965eb2337e3d,True,False,,,,,,,,,,,,,NEEDS_REVIEW,194,False,,0,0,,behavioral,0,LIKELY_TP_RECIDIVIST
0x0e1015bd7c95c6abe2c7126dca3e680793867da8,base,Behavioral confirmation: bot 0xc0ffee59f94f54f4f293f01672976408bc1cad7f trapped in tx 2adf94a9923731b36631f672857f07f5f1,deployer_history,0x604be06b9f6b6663f78e755db0c5965eb2337e3d,True,False,,,,,,,,,,,,,NEEDS_REVIEW,194,False,,0,0,,behavioral,0,LIKELY_TP_RECIDIVIST
0x6f2f2aba2a8e954661d1c67ae05c7404719bf9f4,base,Behavioral confirmation: bot 0xc0ffee17d520056942531cb6d4d6251ff8163bb1 trapped in tx f6c1ac0d961dca02a077b036cc53caadc9,deployer_history,0x604be06b9f6b6663f78e755db0c5965eb2337e3d,False,False,,,,,,,,,,,,,NEEDS_REVIEW,194,False,,0,0,,behavioral,0,LIKELY_TP_RECIDIVIST
0xf6183edfa021cc3c0acbe742b0c458db03dc0eb1,base,Self-loop: deployer 0xc06a08eb530aee9093c234de991d91dc15f974f4 called own contract in reverted tx at block 46136439 (BOT,bytecode_pattern,0xc06a08eb530aee9093c234de991d91dc15f974f4,True,False,,,,,,,,,,,,,NEEDS_REVIEW,0,False,,0,0,,self_loop,0,LIKELY_FP_WEAK
0xff2e8b746894c1454e8633134ac5db9b0a9388de,base,Behavioral confirmation: bot 0x3936be3eabad9e1ca94cf0e6cebc45ff4253dd55 trapped in tx aa88031d89f24613844a87c424f6f510c8,deployer_history,0x7ac6e9042fb5148b3f5daf9badfb8cf33ef66f43,True,False,,,,,,,,,,,,,NEEDS_REVIEW,9,False,,0,0,,behavioral,0,LIKELY_TP_RECIDIVIST
0xbcbed0c03c2a1e6f70d86afdb30aee050ef1240b,base,Behavioral confirmation: bot 0x2d52d5dffd62920b5be424b60d40a02040942e04 trapped in tx 97f9b7e2c9c3ae773af0ee05fc647e9eca,deployer_history,0x81f7ca6af86d1ca6335e44a2c28bc88807491415,True,False,,,,,,,,,,,,,NEEDS_REVIEW,25,False,,0,0,,behavioral,0,LIKELY_TP_RECIDIVIST
0x2860110b53214b1fb4f88f41d7e52942939e9a9e,base,Self-loop: deployer 0xa0350f0c6cd4b8f02af832d37a6b7c939a9f8794 called own contract in reverted tx at block 45782245 (BOT,bytecode_pattern,0xa0350f0c6cd4b8f02af832d37a6b7c939a9f8794,False,False,,,,,,,,,,,,,NEEDS_REVIEW,3,False,,0,0,,self_loop,0,LIKELY_TP_RECIDIVIST
0x0b28b589cf3fdfaef53054d2914ff36d6f1babcc,base,Behavioral confirmation: bot 0xff284cf24ec58cb1d513c1eb760b97219483493c trapped in tx 46863f51da4ccca6fff6a378d4c0464718,bytecode_pattern,0xa9f65861c9bf68497bce6f30c5b20d0ed64d216e,True,False,,,,,,,,,,,,,NEEDS_REVIEW,2,False,,0,0,,behavioral,0,LIKELY_TP_RECIDIVIST
0x2e8c79f874d14c2a2baf62b9b44702ef55bd3988,arbitrum,Self-loop: deployer 0x757f63164b627a74484a3f1878f0f7b115b2bdf3 called own contract in reverted tx at block 461374053 (BO,bytecode_pattern,0x757f63164b627a74484a3f1878f0f7b115b2bdf3,True,False,,,,,,,,,,,,,NEEDS_REVIEW,0,False,,0,0,,self_loop,0,LIKELY_FP_WEAK
0xc0d24f24abe3a886063c11dae375d1d3b0be4fff,base,Behavioral confirmation: bot 0x80d643a98514b1173922456b4bb299c693f199cf trapped in tx df9c6ba02be84edaeabb66a7bf7c804f8d,deployer_history,0x7ac6e9042fb5148b3f5daf9badfb8cf33ef66f43,True,False,,,,,,,,,,,,,NEEDS_REVIEW,9,False,,0,0,,behavioral,0,LIKELY_TP_RECIDIVIST
0x92878c1db15048a1d721acb68863e3ba02eed371,base,Behavioral confirmation: bot 0x36f746e21271f6e8cc97f41ed8957ac97a861ae0 trapped in tx eaf5cbca8888a11bebf410f4b19e9e14df,deployer_history,0x5eb7a6583f6386d040f83429a9d46138cb9e8ea3,False,False,,,,,,,,,,,,,NEEDS_REVIEW,17,False,,0,0,,behavioral,0,LIKELY_TP_RECIDIVIST
0x93eba8cc0feccc607177530a5a74cf4caf0ad73f,base,Behavioral confirmation: bot 0xb36712e67748fc2ddbf470323ae9e1e834e481ff trapped in tx cc17da8bb261122fa0e6e2c0ebfe522c02,deployer_history,0x7ac6e9042fb5148b3f5daf9badfb8cf33ef66f43,True,False,,,,,,,,,,,,,NEEDS_REVIEW,9,False,,0,0,,behavioral,0,LIKELY_TP_RECIDIVIST
0x9754e5f86099bf367886ca2c88da531513530f6b,base,Behavioral confirmation: bot 0xca5bede40c8646d254c2055594c7899735a0be69 trapped in tx e4e3ee0f6f1a853a331efa8c943f28adf1,deployer_history,0x81f7ca6af86d1ca6335e44a2c28bc88807491415,True,False,,,,,,,,,,,,,NEEDS_REVIEW,25,False,,0,0,,behavioral,0,LIKELY_TP_RECIDIVIST
0x986a00e02011bcbc4a0ba1b8302796362859d7a8,base,Behavioral confirmation: bot 0x4cc5cf10e2bae6f6939161261e71b99906a90825 trapped in tx 953cbc770cd8884c33f19cdc6163c388d8,bytecode_pattern,0x2217484a7783f41c97b7ef39d77ba12cc4d63709,False,False,,,,,,,,,,,,,NEEDS_REVIEW,1,False,,0,0,,behavioral,0,NEEDS_REVIEW
0xbab26815bc86fffb1e421920c26c01b1677dc1ca,base,Behavioral confirmation: bot 0xf153043ebaffc5803e7e9a208040173735b62886 trapped in tx 27aa499ea41507fdab8704944646ae9f7e,bytecode_pattern,0xa37a16127ce0f5382cbabe7723ed53d60cc8e878,False,False,,,,,,,,,,,,,NEEDS_REVIEW,5,False,,0,0,,behavioral,0,LIKELY_TP_RECIDIVIST
0xfe8e7e5b6a94d80d6c3dd6cdaad4646b2acdc800,base,Behavioral confirmation: bot 0xbddb720100614db1a29859fba09c59bb0a704966 trapped in tx 6affbcbe30348bac745074b36a5e0a0008,deployer_history,0xf7e398985b304bc45724df1259adabdb76145729,True,False,,,,,,,,,,,,,NEEDS_REVIEW,0,False,,0,0,,behavioral,0,NEEDS_REVIEW
0x4cc0de8d1547cc2918f6a7f501c1bb42f5a2dd0c,arbitrum,Behavioral confirmation: bot 0x73034564849762590b7aa57b996b3dd7ac9db362 trapped in tx 16aa395317dd06cf43b5f73333b353fc4c,bytecode_pattern,0x684714d3fa163fa7d6723f08f19f04b6bbed01b4,True,False,The Crystalfall,,,,The Crystalfall,CSTALF,ERC-20,2254,,,,,LIKELY_FP,,,,,,,,,ALREADY_MIGRATED
0xf768d7d152b40e061ce616a37575a3524136c81e,base,Behavioral confirmation: bot 0xbfa1776bf0470e46d80e0c1df454ed5f4f34ca24 trapped in tx e5669aca7f8e7c98bc3e00831c8e366afb,bytecode_pattern,0x20473d1ac15f3a2f47ab084cbaf45f5a8cb3d46d,True,False,Portal,,,,Portal,PORAL,ERC-20,7,,,,,NEEDS_REVIEW,0,False,,127,28,4.54,behavioral,0,NEEDS_REVIEW
0x030241370e09b6dd2d4b8a2161cee1c9f07e8598,base,Behavioral confirmation: bot 0x36f746e21271f6e8cc97f41ed8957ac97a861ae0 trapped in tx 92e0f49c21a458e2aa9419a23b7b4e088b,deployer_history,0x5eb7a6583f6386d040f83429a9d46138cb9e8ea3,False,False,,,,,,,,,,,,,NEEDS_REVIEW,17,False,,0,0,,behavioral,0,LIKELY_TP_RECIDIVIST
0xc0bb838eaff5cdb7c919de525776a6fae6325bcd,base,Behavioral confirmation: bot 0x57ee8b0d9eef510e3f2b80f077898f170258126a trapped in tx 06f5c3a604f163652347bbd854168db529,deployer_history,0xbad051ece2b9ce6502266f8a9880fa80ca0fba09,False,False,,,,,,,,,,,,,NEEDS_REVIEW,15,False,,0,0,,behavioral,0,LIKELY_TP_RECIDIVIST
0x014611db66e4add93019b9a0151ee699bb1ee906,base,Behavioral confirmation: bot 0xbe4bc335fdd1889437d9b4c6e9fa35dacc021852 trapped in tx 06a45ee16be21e903fb6409c9fa993f30a,bytecode_pattern,0x99f66cf7cb55acf0a8d19ae4ff043548c1c6e558,True,False,NEXST,,,,NEXST,NXT,ERC-20,103,,,,,LIKELY_FP,,,,,,,,,ALREADY_MIGRATED
0x6799eedc53e839297421a424245b2d76c5ef970b,base,Behavioral confirmation: bot 0xf153043ebaffc5803e7e9a208040173735b62886 trapped in tx 9f2a4359f882b15b61ce6025a71f79ffa5,bytecode_pattern,0xa37a16127ce0f5382cbabe7723ed53d60cc8e878,False,False,,,,,,,,,,,,,NEEDS_REVIEW,5,False,,0,0,,behavioral,0,LIKELY_TP_RECIDIVIST
0xf970c93d00de94786f6fdabbc63180da1d981bc7,base,Behavioral confirmation: bot 0xa7cd950dd9a3e13755c8bf991e75db272c6103ac trapped in tx b88256d21a56391e29ecb24fb9d49f809f,bytecode_pattern,0xafe3a600e81ecfb0714e28bff82c9944c4b7666d,True,False,KORPO,,,,KORPO,KORPO,ERC-20,172,,,,,LIKELY_FP,,,,,,,,,ALREADY_MIGRATED
0xfe35e737aa8a4f756d3343646492ee796d290507,base,Behavioral confirmation: bot 0xb04a7256268dab2ea7e5cbca5737eec80acea755 trapped in tx 3d2ff51228f87279c900a13be057dd7890,deployer_history,0x5eb7a6583f6386d040f83429a9d46138cb9e8ea3,False,False,,,,,,,,,,,,,NEEDS_REVIEW,17,False,,0,0,,behavioral,0,LIKELY_TP_RECIDIVIST
0x7dd7c9094113850de054598c8a408001d93e403a,base,Behavioral confirmation: bot 0xbccbe8af1d71d05f6ea1d9be0e957cad7b487b8f trapped in tx 6611d1f9d9ae5aa949ef445f621895e915,bytecode_pattern,0xef8bb99a4d22fb048c798e614863c39966898532,True,False,,,,,,,,,,,,,NEEDS_REVIEW,0,False,,0,0,,behavioral,0,NEEDS_REVIEW
0x781d63006b588de060673d92fba400d00d361ea5,base,Behavioral confirmation: bot 0x762c25e26601390464a4e2e380fa7be47039463c trapped in tx c11d766c086fbb221c49b95be808415e40,deployer_history,0xd68c3a909a1e8e589c5d88ee82c2f416201f8154,True,True,LaunchpadRouter,,,,,,,,,,,,NEEDS_REVIEW,0,False,,0,0,,behavioral,0,NEEDS_REVIEW
0xf251a99791f60ddaa1c22f8259545394b3a51509,base,Behavioral confirmation: bot 0xcfe9805ec155d4f165b5e56e4f0744ea1524bcfc trapped in tx 60bf729e4ba5083373c2ccea400463bb56,deployer_history,0x42af7b2453cdbfdf51a1ce4238b514f5128cfbfe,True,False,,,,,,,,,,,,,NEEDS_REVIEW,0,False,,0,0,,behavioral,0,NEEDS_REVIEW
0x897953a9a9e6243d229bd77d2a0f4401cce6680c,base,Behavioral confirmation: bot 0x927ed8e5bec3662d9aece501d525e12c73bf591e trapped in tx 6ff24433927b85ef5332f71bcec610ccc8,deployer_history,0xa963d3a412365467cc8202f1eea065594fd1aaeb,True,False,,,,,,,,,,,,,NEEDS_REVIEW,0,False,,0,0,,behavioral,0,NEEDS_REVIEW
0x6ca4a8ffd21e068a7ed73464f89ba88bd58a4e0f,base,Behavioral confirmation: bot 0xe4522602f1e47157da977ce0d93895aedd32a157 trapped in tx b3497732a49cdbd3279d8b0116b2abf32f,bytecode_pattern,0xd53b3eba0c516ee067316439cf3b10c2945017aa,True,False,,,,,,,,,,,,,NEEDS_REVIEW,0,False,,0,0,,behavioral,0,NEEDS_REVIEW
0xc8da26025fe78f23cd008a05023549c196459e8e,base,Behavioral confirmation: bot 0xf13baf04eca0e0cbbdf844c1b095fa6871c92023 trapped in tx 000da2234353b8cc47abd599e1698b09cb,bytecode_pattern,0xd4d0c2d83cef1587196be67961415c27361f9a16,True,True,Bpeg,,,,Bpeg,BPEG,ERC-20,7,,,,,NEEDS_REVIEW,0,False,,211,2,105.50,behavioral,0,BUG_19B_SUSPECT
0xb0a4741f19cde0bf2fd2ed598c55a6fe724c3653,base,Behavioral confirmation: bot 0x36e4769201d9b74bc30b573f961df756a202e7d1 trapped in tx 6b8b52a48627557a875f9a8fd8bd540391,bytecode_pattern,0x9c74f3498a4e78e5211c3d0f21294f80ed9b3d12,True,True,BloomToken,,,,Bloom,BLOOM,ERC-20,15,,,,,LIKELY_FP,,,,,,,,,ALREADY_MIGRATED
0xa254acd0fd685ef371fa64697b2d80ed2e60ddcf,base,Behavioral confirmation: bot 0xb639404866c8ca60faa3af9b56409f16683666ca trapped in tx 3cf956144568a9bc604a90b3508ca78c3b,deployer_history,0x5eb7a6583f6386d040f83429a9d46138cb9e8ea3,False,False,,,,,,,,,,,,,NEEDS_REVIEW,17,False,,0,0,,behavioral,0,LIKELY_TP_RECIDIVIST
0xff2d25f69a4026617b6ba90a6edab5b10fb7ae02,base,Behavioral confirmation: bot 0xf9cbbb4f1adcfc6850f1e68a017d107d52f52354 trapped in tx 96565708f2de38d5740191c83fe026afd5,deployer_history,0x5eb7a6583f6386d040f83429a9d46138cb9e8ea3,False,False,,,,,,,,,,,,,NEEDS_REVIEW,17,False,,0,0,,behavioral,0,LIKELY_TP_RECIDIVIST
0xaf91f83535d0328ec64fb0c5d057f180b29214e9,arbitrum,Behavioral confirmation: bot 0x41f2a403cd15b1a38366f765096ba4f8d5f86718 trapped in tx 74ba0318d063123fc375ed46737f6affa6,bytecode_pattern,0x675f17ada39a69beaf63f9054fa749e6eab7731e,True,False,,,,,,,,,,,,,NEEDS_REVIEW,0,False,,0,0,,behavioral,0,NEEDS_REVIEW
0x065a6f0f1afb67e1f31a89a605a2577705c5af10,base,Behavioral confirmation: bot 0x5f8d0f86bfdac8c1828b4a9bb5326fca4534be26 trapped in tx b219da93ba0fe99dcc986b5f496197ca60,deployer_history,0x09d207d732f6c0e81e4cdafc1f2021f5e494ce57,True,False,,,,,,,,,,,,,NEEDS_REVIEW,1,False,,0,0,,behavioral,0,NEEDS_REVIEW
0x8ff0ca52c6c736b6054b4a92bfcade36ce94ce9a,base,Behavioral confirmation: bot 0x261f20b651abc90360431fc0060b14d96e4d4d18 trapped in tx f3e1a4e27e0f8a46abf53c549c3c874149,bytecode_pattern,0x318edb04d21cc721d99f4feb73fdb234d509586b,True,False,,,,,,,,,,,,,NEEDS_REVIEW,0,False,,0,0,,behavioral,0,NEEDS_REVIEW
0x4e44f8e5c19533742b84a922477e56e8b54f07ae,arbitrum,Behavioral confirmation: bot 0x27c56a6d40f20a33349f0822201fbc10d455be66 trapped in tx aaca59f61d5f7538351ef129442ada1ed5,deployer_history,0xcf4eb63977766cf27949860e2b75037218b779f6,True,True,AccessControlledOCR2Aggregator,,,,,,,,,,,,NEEDS_REVIEW,2,True,asym/-/fee,0,0,,behavioral,0,LIKELY_TP_RECIDIVIST
0xf7530edbb3eca9b10882f05e56dc1de7de881731,base,Behavioral confirmation: bot 0x6fbd620bc2641238bad794f9402a88200d18dca5 trapped in tx 56f6c69b315ffcc7bb91681dab2a8f289c,bytecode_pattern,0x2592c9dfa175f137e2b965ab0a00fd76be668d62,True,False,,,,,,,,,,,,,NEEDS_REVIEW,0,True,asym/-/-,0,0,,behavioral,0,NEEDS_REVIEW
0x2abc7659f070057cb2f9631d0f53b90dd0a6455b,base,Behavioral confirmation: bot 0x688c94487884be5205407ed98b82b50445ed023d trapped in tx b075f7ee8dca8cac6cf93b1b61b5c4db36,bytecode_pattern,0x98566299a9d52a40b0648deddde450acf22d47e3,True,False,,,,,,,,,,,,,NEEDS_REVIEW,0,False,,0,0,,behavioral,0,NEEDS_REVIEW
0x14e7fbb92339899e53be52bf4492802d65b343ba,base,Behavioral confirmation: bot 0x9b3405f78585d61f0b9ed72529ee620d6715dc9c trapped in tx ceff78ad64986b8f19d700d358653bd96f,bytecode_pattern,0xbef2469cdfd6bd19b26e691c525c15c7d29cb4ce,True,False,,,,,,,,,,,,,NEEDS_REVIEW,0,False,,0,0,,behavioral,0,NEEDS_REVIEW
0x8d9a0b3dfccf00d55451cc765696ba7c97375435,base,Behavioral confirmation: bot 0xa92a9553a73c4e3146e886af287b43fc8a74d009 trapped in tx 4cb3600831d45bdfc647f40cda0b7f1725,bytecode_pattern,0x1379b3ec64c54fbb3aa9f89f22322de0253ae1f0,True,False,,,,,,,,,,,,,NEEDS_REVIEW,0,False,,0,0,,behavioral,0,NEEDS_REVIEW
0xf2f9097b56ce36dbb0e16e1bd16afeea801df644,base,Behavioral confirmation: bot 0x9ede392283457c310a1ee42270c5d751975a6db2 trapped in tx 03b6654c00d899a477fad28fdcfb595d28,bytecode_pattern,0xf5edbfa898b26577a5e946c28ed75e746468d673,True,False,,,,,,,,,,,,,NEEDS_REVIEW,0,False,,0,0,,behavioral,0,NEEDS_REVIEW
0x359c6981f660d363e6741baef1bda23773706729,optimism,Behavioral confirmation: bot 0xd46acba18e4f3c8b8b6c501df1a6b05609a642bd trapped in tx ea56ec3cd16747a55fd7acdbc2807fc772,bytecode_pattern,0xc5e529a6a0eb4e4555aaff2b1c3426914e2dbdd4,True,True,AccessControlledOffchainAggregator,,,,,,,,,,,,NEEDS_REVIEW,1,False,,0,0,,behavioral,0,NEEDS_REVIEW
0xa969cf9c4b9f276bad5c3f2f4794f8e6be793c11,arbitrum,Behavioral confirmation: bot 0x8b05f283f46f757959e87239922d78e108bbbf2c trapped in tx 9d45559488f2eb11083aad234be32cf3fb,deployer_history,0xd660fa35cd16f768e41c8e09729e39385b51f55c,True,False,,,,,,,,,,,,,NEEDS_REVIEW,1,False,,0,0,,behavioral,0,NEEDS_REVIEW
0xb935b1a58ce86b674f9b938c1da28423e023741b,base,Behavioral confirmation: bot 0x2846b194765336c0a4649daf80d94766a13c7803 trapped in tx 14d0603ec65fac542dc2bed907befc411b,bytecode_pattern,0x2217484a7783f41c97b7ef39d77ba12cc4d63709,True,True,WinStake,,,,,,,,,,,,NEEDS_REVIEW,1,False,,0,0,,behavioral,0,NEEDS_REVIEW
0xf986c902f4a0adf24115886dd0baa315c250af10,optimism,Behavioral confirmation: bot 0x1e3073a1de4c856c3bf77d5064fe67f59ec79c01 trapped in tx a84b30871523484163e62d23fe88d70ae1,bytecode_pattern,0x2e7f8ff3f52f04dd3fbceed2b734bd3cdfd5f7f5,True,False,,,,,,,,,,,,,NEEDS_REVIEW,0,False,,0,0,,behavioral,0,NEEDS_REVIEW
0x8237ba7f8907d3117374cbe04840a7ff3f0c7722,base,Self-loop: deployer 0x1f34ce0c64c470a7faee24bf840cc70db6b2c09d called own contract in reverted tx at block 45896294 (BOT,bytecode_pattern,0x1f34ce0c64c470a7faee24bf840cc70db6b2c09d,False,False,,,,,,,,,,,,,NEEDS_REVIEW,0,False,,0,0,,self_loop,0,LIKELY_FP_WEAK
0xbf8766cb657d306bd3fc1d482cbeb422b7530584,base,Behavioral confirmation: bot 0xbbe8e731627fae1d5a5d9f3111673d0990c34099 trapped in tx 682ea3a1bd692936b6790fedfd991d59a0,bytecode_pattern,0x6e66b001a69ed7346aba9f072daf9caee475562d,False,False,,,,,,,,,,,,,NEEDS_REVIEW,0,False,,0,0,,behavioral,0,NEEDS_REVIEW
0xcf72770698ad4d500173d90fc2fe61ce9ab201be,base,Behavioral confirmation: bot 0xd43fe73d4d754e78dda0a5e6b2d365297456cd79 trapped in tx 647cc0a826619f8fc7f388ba652119351b,bytecode_pattern,0x819413beee3c7cb5c11ce8693c01ee1f860903e7,True,True,BBASE,,,,BetBase,BBASE,ERC-20,0,,,,,NEEDS_REVIEW,0,False,,31,1,31.00,behavioral,0,BUG_19B_SUSPECT
0x2e8b6bcb9e2dad7ba021d065657b30b436df2923,base,Behavioral confirmation: bot 0x01720d1bdfb479bb61eaab1d620fab459ed8512e trapped in tx d9378528267cf6a6aba77ed99feb970b7f,bytecode_pattern,0x3a450253e7df69a097ca73539431c594c846383d,True,False,,,,,,,,,,,,,NEEDS_REVIEW,0,False,,0,0,,behavioral,0,NEEDS_REVIEW
0x509a1367677e41fda93f5802678858a2a0cf8557,base,Behavioral confirmation: bot 0x663862d6f4c84088b77ff6a38a6e2d7b37411d2f trapped in tx ae55899963c05414de076f0244161f5e9c,bytecode_pattern,0xaa8b618d63c1b9b2c1ab84453bee3f8e792c4375,True,False,,,,,,,,,,,,,NEEDS_REVIEW,0,False,,0,0,,behavioral,0,NEEDS_REVIEW
0x6d8ffb192e69c6658e97957044f34f682e34f4b3,base,Behavioral confirmation: bot 0xf153043ebaffc5803e7e9a208040173735b62886 trapped in tx 589e00002987bb9578ff416ce0f32d3499,bytecode_pattern,0xa37a16127ce0f5382cbabe7723ed53d60cc8e878,True,False,,,,,,,,,,,,,NEEDS_REVIEW,5,False,,0,0,,behavioral,0,LIKELY_TP_RECIDIVIST
0x2e647cec24f16d138dc2a0c84b9126d0d2bbbbf0,base,Behavioral confirmation: bot 0x0bf6043c70036dc1e4763e258b456d0dd1a2d5d0 trapped in tx 0107f24db18651b8413ff378850523aba2,bytecode_pattern,0x663862d6f4c84088b77ff6a38a6e2d7b37411d2f,True,False,,,,,,,,,,,,,NEEDS_REVIEW,0,False,,0,0,,behavioral,0,NEEDS_REVIEW
0xe8991da54621178ffbb1287e3391df05e2291bd2,base,Behavioral confirmation: bot 0xad80e545b845eb7885f810fd2def9db57719cf33 trapped in tx 418f89e615852cef5f569ad818c3558e1f,deployer_history,0xaf84e80c9f9b58d1014ac6f14f98f2242251a7eb,True,False,,,,,,,,,,,,,NEEDS_REVIEW,0,False,,0,0,,behavioral,0,NEEDS_REVIEW
0xf330a618d4a42a3d138ccbe3c1a4b8b02fd22183,base,Behavioral confirmation: bot 0x625159a9a7054fdfb9d8aebae53603c7254bfa15 trapped in tx efd2099ef3cce74d24dcf14496a11e7197,deployer_history,0x603f333c3fee534e2dea12673e8b505512c7536c,False,False,,,,,,,,,,,,,NEEDS_REVIEW,1,False,,0,0,,behavioral,0,NEEDS_REVIEW
0x9c9d02458ecaee8aa2b71971e8d29c8108150bf6,base,Behavioral confirmation: bot 0x208169b1321a09e614a68b06b7f600dc0e007212 trapped in tx bf37acfbe6927a47fb185819e25332892f,deployer_history,0xc9ea49257ab99b4b8648df0641f15aec038c57e8,False,False,,,,,,,,,,,,,NEEDS_REVIEW,3,False,,0,0,,behavioral,0,LIKELY_TP_RECIDIVIST
0x73970dbd1c4eced5a6a8d2cfb3783df0b50c5cf2,base,Behavioral confirmation: bot 0x640f66bcdb9c843559740e6e839c4e47d379a656 trapped in tx 206b030bf68c3bdb3440f633b9217b721d,bytecode_pattern,0x63d735cbfdf76db8d5f90a382c3fec0829c639bb,False,False,nGRND Runes,,,,nGRND Runes,RNS,ERC-721,8,,,,,NEEDS_REVIEW,0,True,asym/rev/fee,0,0,,behavioral,0,NEEDS_REVIEW
0x3fd877dfc33d8ba1914503605057dac16db45fa5,arbitrum,Behavioral confirmation: bot 0xc937a8684e13345a0bc57f66345c248185d368c5 trapped in tx 024ef22b8db8bef09fc15066ae139e5667,bytecode_pattern,0xdb12a4e459737eea11d4e2997cdc7091b3f2ead4,True,False,Inference Labs,,,,Inference Labs,INCELA,ERC-20,2019,,,,,LIKELY_FP,,,,,,,,,ALREADY_MIGRATED
0x57e260144235fd78bfaddff48ad7663555723cf8,base,Behavioral confirmation: bot 0xe64988c6087757dbe4e81891d6b2e37a29a362cc trapped in tx 013c8a23b89cc4d01be614bbb3d6e7953f,bytecode_pattern,0x078bad31dc233e78c6c5cb9f80218bc0ff628394,False,False,ILITY,,,,ILITY,ILY,ERC-20,28336,,,,,LIKELY_FP,,,,,,,,,ALREADY_MIGRATED
0x7b585a6772da0e710426a0878e7216dbfc456def,base,Behavioral confirmation: bot 0xc0ffee43451db6e0fdd135ed5b06492b35c34e5e trapped in tx 71f690c3f5c8007902597c15e08ae969b2,deployer_history,0x604be06b9f6b6663f78e755db0c5965eb2337e3d,True,False,,,,,,,,,,,,,NEEDS_REVIEW,194,False,,0,0,,behavioral,0,LIKELY_TP_RECIDIVIST
0x3449690360a8076bb684d415a1cbe9064d8e3d43,base,Behavioral confirmation: bot 0xc0ffee2a32bc8d7799764ef72caa075276908484 trapped in tx 5439560e653739432136720fa9947fc101,deployer_history,0xc0ffeefeed8b9d271445cf5d1d24d74d2ca4235e,True,False,,,,,,,,,,,,,NEEDS_REVIEW,203,False,,0,0,,behavioral,0,LIKELY_TP_RECIDIVIST
0xf201ebaafe371dbf8a3acafe67f5f64110a9b594,base,Behavioral confirmation: bot 0xc0ffeefc06e7d4abc67b8fdba7ef9100b0c85f5b trapped in tx cf7ec30df53c70cca3b09b17b549b085a5,deployer_history,0xc0ffeefeed8b9d271445cf5d1d24d74d2ca4235e,True,False,,,,,,,,,,,,,NEEDS_REVIEW,203,False,,0,0,,behavioral,0,LIKELY_TP_RECIDIVIST
0x12c296ad30d1406f55cd30c22efa88e89a9df508,base,Behavioral confirmation: bot 0xc0ffeefb0fc3053c2ca8fda37390cd4cadfe48c7 trapped in tx 71ae943a371a4abd41084676651ced6e9c,deployer_history,0x604be06b9f6b6663f78e755db0c5965eb2337e3d,True,False,,,,,,,,,,,,,NEEDS_REVIEW,194,False,,0,0,,behavioral,0,LIKELY_TP_RECIDIVIST
0x92f695de38cf4c9eebbad52ff2c5ad28b4b25b21,base,Behavioral confirmation: bot 0xc0ffeefd0a8796e967233f5d673853647cf8ca14 trapped in tx 9d83b2cf196e3adde083cb248f19dcf69e,deployer_history,0xc0ffeefeed8b9d271445cf5d1d24d74d2ca4235e,True,False,,,,,,,,,,,,,NEEDS_REVIEW,203,False,,0,0,,behavioral,0,LIKELY_TP_RECIDIVIST
0xb39f9b773e7b2d20d284b33c2c70b711ca38c5a2,base,Behavioral confirmation: bot 0xc0ffee5d1ba6baa6e4ff9f184ff64f5aabc5d2b6 trapped in tx b5ec708fdf35d8dfb096331d8db3103350,deployer_history,0xc0ffeefeed8b9d271445cf5d1d24d74d2ca4235e,True,False,,,,,,,,,,,,,NEEDS_REVIEW,203,False,,0,0,,behavioral,0,LIKELY_TP_RECIDIVIST
0xcdcbf3d806159ef6cc1bcb0fceaa57dbee878b8f,base,Behavioral confirmation: bot 0xc0ffee48945a9518b0b543a2c59dfb102221fbb7 trapped in tx 89cd86866fa742622793e42432446a4969,deployer_history,0xc0ffeefeed8b9d271445cf5d1d24d74d2ca4235e,True,False,,,,,,,,,,,,,NEEDS_REVIEW,203,False,,0,0,,behavioral,0,LIKELY_TP_RECIDIVIST
0xb51e1e4c4d16c5daf7b1a4e3bb4dfb4fee0d40d0,base,Behavioral confirmation: bot 0xc0ffee8cae1d4279e42fba7a6cafeb8e1401140f trapped in tx f6153b9f4d22819f5abed95e28c8f726f6,deployer_history,0x604be06b9f6b6663f78e755db0c5965eb2337e3d,True,False,,,,,,,,,,,,,NEEDS_REVIEW,194,False,,0,0,,behavioral,0,LIKELY_TP_RECIDIVIST
0x3d72bacb21f78e613136d30e9f0510eecdeb12d0,base,Behavioral confirmation: bot 0xc0ffeedf9dde81c4b338f960063c35b3e839524b trapped in tx 000c48cacbf0429b94f70410d735330286,deployer_history,0xc0ffeefeed8b9d271445cf5d1d24d74d2ca4235e,True,False,,,,,,,,,,,,,NEEDS_REVIEW,203,False,,0,0,,behavioral,0,LIKELY_TP_RECIDIVIST
0x6c1722762b0ab3d1a6157a89e4ac57900dd368ec,base,Behavioral confirmation: bot 0xc0ffeed0542a56f35cdd67293f7f3723540f988f trapped in tx 62efaee9c2218c4d53de572edb46eb83be,deployer_history,0x604be06b9f6b6663f78e755db0c5965eb2337e3d,True,False,,,,,,,,,,,,,NEEDS_REVIEW,194,False,,0,0,,behavioral,0,LIKELY_TP_RECIDIVIST
0x3972f8a911ccaa9dfa4c3fb777e1f294bccf19e0,base,Behavioral confirmation: bot 0xc0ffee00010d3d8b59319624a982f6703eaa33ad trapped in tx f445afad5ba83c5b94dab1fc8f89889a16,deployer_history,0xc0ffeefeed8b9d271445cf5d1d24d74d2ca4235e,True,False,,,,,,,,,,,,,NEEDS_REVIEW,203,False,,0,0,,behavioral,0,LIKELY_TP_RECIDIVIST
0x819ed09b897c2addb9628fb17cf9a944dca976f3,base,Behavioral confirmation: bot 0xc0ffeef6724ba7ac5eae38deb6c707564997c050 trapped in tx 8ecfd9d4790d76fd9f7fec564203171175,deployer_history,0x604be06b9f6b6663f78e755db0c5965eb2337e3d,True,False,,,,,,,,,,,,,NEEDS_REVIEW,194,False,,0,0,,behavioral,0,LIKELY_TP_RECIDIVIST
0x52240cf049bdb3c9c481c83d99145891dd4caa4d,base,Behavioral confirmation: bot 0xc0ffeef6724ba7ac5eae38deb6c707564997c050 trapped in tx 323d624575c9303d3a41f8792d75b425a5,deployer_history,0x604be06b9f6b6663f78e755db0c5965eb2337e3d,True,False,,,,,,,,,,,,,NEEDS_REVIEW,194,False,,0,0,,behavioral,0,LIKELY_TP_RECIDIVIST
0x4179e644d9953b1c151f29367a70d57664afea9c,base,Behavioral confirmation: bot 0xc0ffee17d520056942531cb6d4d6251ff8163bb1 trapped in tx 744e63ec04840033f181c43a4a60dd009a,deployer_history,0x604be06b9f6b6663f78e755db0c5965eb2337e3d,True,False,,,,,,,,,,,,,NEEDS_REVIEW,194,False,,0,0,,behavioral,0,LIKELY_TP_RECIDIVIST
0x0f420f279f7db73f3b5882ded40541bf151deafb,base,Behavioral confirmation: bot 0xc0ffee48945a9518b0b543a2c59dfb102221fbb7 trapped in tx 49d5d125f3a9de9848ea65cc0865711749,deployer_history,0x604be06b9f6b6663f78e755db0c5965eb2337e3d,True,False,,,,,,,,,,,,,NEEDS_REVIEW,194,False,,0,0,,behavioral,0,LIKELY_TP_RECIDIVIST
0xd03af8cf4d8bf1a44a885cb9712f0546771e1bd0,base,Behavioral confirmation: bot 0xc0ffee5f66a5546b23f5f430dca69df71e32ebf7 trapped in tx ab1a4f7b6d0f8872875c21986aaf7e9650,deployer_history,0x604be06b9f6b6663f78e755db0c5965eb2337e3d,True,False,,,,,,,,,,,,,NEEDS_REVIEW,194,False,,0,0,,behavioral,0,LIKELY_TP_RECIDIVIST
0x9b07ca77cb9b15035f350bd85e112819e0c0feb7,base,Behavioral confirmation: bot 0xc0ffeea3f806b34888256b0a56dd603a8cfb462b trapped in tx eb98933468b5887e6a8c0eba2047102910,deployer_history,0xc0ffeefeed8b9d271445cf5d1d24d74d2ca4235e,True,False,,,,,,,,,,,,,NEEDS_REVIEW,203,False,,0,0,,behavioral,0,LIKELY_TP_RECIDIVIST
0x47dda44452134ed46e03d6898f80bffc5e3c9c8b,base,Behavioral confirmation: bot 0xc0ffee7bb4d2ad7f3980d0554a89368c7e3cc2d1 trapped in tx abd519bc156ab70d01b24cd7bfd42f5555,deployer_history,0x604be06b9f6b6663f78e755db0c5965eb2337e3d,True,False,,,,,,,,,,,,,NEEDS_REVIEW,194,False,,0,0,,behavioral,0,LIKELY_TP_RECIDIVIST
0xa1850c6bd0357f922ebbbc967469daa27e914fc5,base,Behavioral confirmation: bot 0xc0ffee48945a9518b0b543a2c59dfb102221fbb7 trapped in tx ce318c9b0e32e4c3251de773aca33b6e2c,deployer_history,0x604be06b9f6b6663f78e755db0c5965eb2337e3d,False,False,,,,,,,,,,,,,NEEDS_REVIEW,194,False,,0,0,,behavioral,0,LIKELY_TP_RECIDIVIST
0xe73488a5ec01ebdbbc966605b028f158c55ec2b9,base,Behavioral confirmation: bot 0xc0ffeeee46499a3f63426763fbc0e8344162fc97 trapped in tx 8bf7a4945867a9e6c81c4005737cd2fe4c,deployer_history,0x604be06b9f6b6663f78e755db0c5965eb2337e3d,True,False,,,,,,,,,,,,,NEEDS_REVIEW,194,False,,0,0,,behavioral,0,LIKELY_TP_RECIDIVIST
0x1f50ab4bfd63887c39b224c8da2d4ad59815c75c,base,Behavioral confirmation: bot 0xc0ffee49332f85fbc89fb1bfaa14d13bf42e8da9 trapped in tx e778682c7b297b00fe3f1e610454b4af95,deployer_history,0x604be06b9f6b6663f78e755db0c5965eb2337e3d,True,False,,,,,,,,,,,,,NEEDS_REVIEW,194,False,,0,0,,behavioral,0,LIKELY_TP_RECIDIVIST
0x31f73e184dc9f28795606cf11c1c8b1f37fa361d,base,Behavioral confirmation: bot 0xc0ffee25a41fce18913fa48e6a2040a922918087 trapped in tx cc71a2b6944d7f2845483ed6a585d0ab11,deployer_history,0xc0ffeefeed8b9d271445cf5d1d24d74d2ca4235e,True,False,,,,,,,,,,,,,NEEDS_REVIEW,203,False,,0,0,,behavioral,0,LIKELY_TP_RECIDIVIST
0xb122876e4c7bd0ea9ed44489c7cf7e0894fefd8a,base,Behavioral confirmation: bot 0xc0ffee4d39ff644238b26a3f9f193f940f9221cc trapped in tx d38f507377fe5f822a235012ed64de71f9,deployer_history,0xc0ffeefeed8b9d271445cf5d1d24d74d2ca4235e,True,False,,,,,,,,,,,,,NEEDS_REVIEW,203,False,,0,0,,behavioral,0,LIKELY_TP_RECIDIVIST
0x9f30d1b1f9b1f3391f5cfb8ab5c36e85d8b10936,base,Behavioral confirmation: bot 0xc0ffee59f94f54f4f293f01672976408bc1cad7f trapped in tx a916b74b90792074e89091d3d07d9d791d,deployer_history,0xc0ffeefeed8b9d271445cf5d1d24d74d2ca4235e,True,False,,,,,,,,,,,,,NEEDS_REVIEW,203,False,,0,0,,behavioral,0,LIKELY_TP_RECIDIVIST
0x1c7427421c09df3bcea26f939c1dde6fd56509fa,base,Behavioral confirmation: bot 0xc0ffee8cae1d4279e42fba7a6cafeb8e1401140f trapped in tx 4d1d7d98a5c1d27d04e25cca5459b9c007,deployer_history,0x604be06b9f6b6663f78e755db0c5965eb2337e3d,True,False,,,,,,,,,,,,,NEEDS_REVIEW,194,False,,0,0,,behavioral,0,LIKELY_TP_RECIDIVIST
0x49e277942a4cff6107d12db41711b47096f8df07,base,Self-loop: deployer 0x4b5647a56ef2d9e6e92cc869b88aac6f68386304 called own contract in reverted tx at block 45948544 (BOT,bytecode_pattern,0x4b5647a56ef2d9e6e92cc869b88aac6f68386304,False,False,,,,,,,,,,,,,NEEDS_REVIEW,0,False,,0,0,,self_loop,0,LIKELY_FP_WEAK
0x69d55583bf50980fb683d31288172627e714c87a,base,Behavioral confirmation: bot 0xf153043ebaffc5803e7e9a208040173735b62886 trapped in tx 7926960df83c40bc4526368188a6c50607,bytecode_pattern,0xa37a16127ce0f5382cbabe7723ed53d60cc8e878,False,False,,,,,,,,,,,,,NEEDS_REVIEW,5,False,,0,0,,behavioral,0,LIKELY_TP_RECIDIVIST
0x93420b12ae8cf26c008923333986a4a60b08505a,base,Behavioral confirmation: bot 0x625159a9a7054fdfb9d8aebae53603c7254bfa15 trapped in tx 2a7bb99bdaceb4aa82fd883981dce4695f,deployer_history,0x603f333c3fee534e2dea12673e8b505512c7536c,False,False,,,,,,,,,,,,,NEEDS_REVIEW,1,False,,0,0,,behavioral,0,NEEDS_REVIEW
0x135ce990b1e60f07970e49fae4a2dfd2aa6b9bbe,base,Behavioral confirmation: bot 0x03bceef23df4b16eb7cf3c1cd1af549064897ddb trapped in tx 556759e8c235e11f070dda7ba81fa8e889,bytecode_pattern,0x0ea0e2b19678664f718ff27cd450f5b13383ff52,False,False,Bitmine Immersion Technologies (Derivatives),,,,Bitmine Immersion Technologies (Derivatives),BMNR,ERC-20,22,,,,,NEEDS_REVIEW,0,True,asym/-/-,0,0,,behavioral,0,NEEDS_REVIEW
0x40b48373d3c874681e3daf31726160ac4b57bf7a,base,Behavioral confirmation: bot 0x926ee2234d0edb1b0e796a955b2c5ae2e6cda3b6 trapped in tx 6c3518edb725201bdc84d92d25ebf9c211,deployer_history,0x84b5e65467ab34671aa7b3753300c9839753189c,True,False,,,,,,,,,,,,,NEEDS_REVIEW,7,False,,0,0,,behavioral,0,LIKELY_TP_RECIDIVIST
0x5d173495aadf61c7ffb1118073755ac8d863e16b,base,Behavioral confirmation: bot 0xde731672533d772c4a21bfa0353299c320151de8 trapped in tx 802ed910dd8cf8a21f4ab549a3cf9b0713,deployer_history,0x81f7ca6af86d1ca6335e44a2c28bc88807491415,True,False,,,,,,,,,,,,,NEEDS_REVIEW,25,False,,0,0,,behavioral,0,LIKELY_TP_RECIDIVIST
0xe172d072ce5eb71242ad7ec299894e1dd5862eec,base,Self-loop: deployer 0x4566058b498a0dc1e949c1305629dc9613be404a called own contract in reverted tx at block 45968811 (BOT,bytecode_pattern,0x4566058b498a0dc1e949c1305629dc9613be404a,False,False,,,,,,,,,,,,,NEEDS_REVIEW,0,False,,0,0,,self_loop,0,LIKELY_FP_WEAK
0x789c05a3e3964f6fa4b48473afc29570beb7da9b,base,Self-loop: deployer 0xe16aa2da13f1ab7da6bdfb67e3cfa16501b6fd4b called own contract in reverted tx at block 46123921 (BOT,deployer_history,0xe16aa2da13f1ab7da6bdfb67e3cfa16501b6fd4b,True,False,,,,,,,,,,,,,NEEDS_REVIEW,0,False,,0,0,,self_loop,0,LIKELY_FP_WEAK
0x99685787f79b666c7fbf95806015266750615c8a,base,Behavioral confirmation: bot 0x20af6113a5cdfe9080c9ccb01810049143154f28 trapped in tx d1c9f76da8232850e66c432d7713cc7c1a,deployer_history,0xbd2a30302709f4fbde18f645d1469d850eac0b2f,False,False,,,,,,,,,,,,,NEEDS_REVIEW,3,False,,0,0,,behavioral,0,LIKELY_TP_RECIDIVIST
0x61f5ed2b7ccc0c92036f50b74941d530c73d1516,base,Behavioral confirmation: bot 0x34477b6d8031f50f43d7582efb8a50a19bf15436 trapped in tx 2616f8d154586996bda4ce8f00462b17e1,deployer_history,0xbad051ece2b9ce6502266f8a9880fa80ca0fba09,False,False,Node LP TokenTest,,,,Node LP TokenTest,NodeTest,ERC-20,1,,,,,NEEDS_REVIEW,15,False,,0,0,,behavioral,0,LIKELY_TP_RECIDIVIST
0xfd497a3a633bbd9826016d7205198507160b5f28,base,Behavioral confirmation: bot 0x4d2e624d047b0cbce38b6212af39ba48b3014b60 trapped in tx 7c4e1d4b1028b88d1da3838e3c95b10851,deployer_history,0xbad051ece2b9ce6502266f8a9880fa80ca0fba09,False,False,MerchantCPFTokentest,,,,MerchantCPFTokentest,mCPFtest,ERC-20,0,,,,,NEEDS_REVIEW,15,False,,0,0,,behavioral,0,LIKELY_TP_RECIDIVIST
0x3bee729955fffa10f5ba7c420241ebd8a10adb8a,base,Behavioral confirmation: bot 0x5eb8de8fb313dbf6c5d071f8f210f992ce8e0cff trapped in tx 94ecafa5be92a2126c919c5fbc4f2a5e1c,bytecode_pattern,0x05eb4798f168bc90deb4dd201f064870cf93f791,False,False,,,,,,,,,,,,,NEEDS_REVIEW,0,False,,0,0,,behavioral,0,NEEDS_REVIEW
0xa180b7a2d0d6f45cf055c5966080c9b15a512e44,base,Behavioral confirmation: bot 0xf153043ebaffc5803e7e9a208040173735b62886 trapped in tx 07d0adafd14f3588c3556d272f3095bb57,bytecode_pattern,0xa37a16127ce0f5382cbabe7723ed53d60cc8e878,False,False,,,,,,,,,,,,,NEEDS_REVIEW,5,False,,0,0,,behavioral,0,LIKELY_TP_RECIDIVIST
0xe729415e7802c2c671af60571a3437349a7d0d1e,base,Behavioral confirmation: bot 0xb476c22dcd6b200d541f5fb5ca1843a9549609b1 trapped in tx 654eb6bad810690bcf01178ce3dcf9e2a3,deployer_history,0xe7a6f1b97e24103ee2d1f1c564cac1539eaa2214,False,False,,,,,,,,,,,,,NEEDS_REVIEW,6,False,,0,0,,behavioral,0,LIKELY_TP_RECIDIVIST
0xa39c4cfba910284b96dd7d3fb4d3dc4169f223cc,base,Behavioral confirmation: bot 0xb476c22dcd6b200d541f5fb5ca1843a9549609b1 trapped in tx 3479bf1038a178827f4d1e993cb2b242a6,deployer_history,0xe7a6f1b97e24103ee2d1f1c564cac1539eaa2214,False,False,,,,,,,,,,,,,NEEDS_REVIEW,6,False,,0,0,,behavioral,0,LIKELY_TP_RECIDIVIST
0x8b4507a290d599ef573ed544beb7ca949034fdb2,base,Behavioral confirmation: bot 0xb476c22dcd6b200d541f5fb5ca1843a9549609b1 trapped in tx 3df6f0b890769735f8a4aeee12febec69a,deployer_history,0xe7a6f1b97e24103ee2d1f1c564cac1539eaa2214,False,False,,,,,,,,,,,,,NEEDS_REVIEW,6,False,,0,0,,behavioral,0,LIKELY_TP_RECIDIVIST
0x2bd9a019d4614b931cad3d9561631d456f9f2354,base,Behavioral confirmation: bot 0xb476c22dcd6b200d541f5fb5ca1843a9549609b1 trapped in tx 02d47210e0e0b71d900e773e31663f81aa,deployer_history,0xe7a6f1b97e24103ee2d1f1c564cac1539eaa2214,False,False,,,,,,,,,,,,,NEEDS_REVIEW,6,False,,0,0,,behavioral,0,LIKELY_TP_RECIDIVIST
0x97f37741249ac4c03173a17bc9dc055af8bc7c27,base,Behavioral confirmation: bot 0xb476c22dcd6b200d541f5fb5ca1843a9549609b1 trapped in tx 55db4fdc7ea84f31ee3976090045925a01,deployer_history,0xe7a6f1b97e24103ee2d1f1c564cac1539eaa2214,False,False,,,,,,,,,,,,,NEEDS_REVIEW,6,False,,0,0,,behavioral,0,LIKELY_TP_RECIDIVIST
0x5036194ac513ac3da97c3264f6f1bc4886e2dd45,base,Behavioral confirmation: bot 0xb476c22dcd6b200d541f5fb5ca1843a9549609b1 trapped in tx e4fbd03fe45021846593f585ed17e93213,deployer_history,0xe7a6f1b97e24103ee2d1f1c564cac1539eaa2214,False,False,,,,,,,,,,,,,NEEDS_REVIEW,6,False,,0,0,,behavioral,0,LIKELY_TP_RECIDIVIST
0x15fe024f8c5c9941d339031a523b2b59c661705c,base,Behavioral confirmation: bot 0xb476c22dcd6b200d541f5fb5ca1843a9549609b1 trapped in tx a25b6456c7c62a924070e540189953aaea,deployer_history,0xe7a6f1b97e24103ee2d1f1c564cac1539eaa2214,False,False,,,,,,,,,,,,,NEEDS_REVIEW,6,False,,0,0,,behavioral,0,LIKELY_TP_RECIDIVIST
0x16d1a8639e62ae72ff2e114267c98b94e93e8aa1,base,Behavioral confirmation: bot 0xf9555236dea7940a21c0f271fa2b004af06b0fca trapped in tx 14e0716e8ca6b979a1da2cc6cccc6962af,deployer_history,0x86a602534ff489263c5a9df04c745666c3279007,False,False,Smart Vault USDC,,,,Smart Vault USDC,svUSDC,ERC-20,2,,,,,NEEDS_REVIEW,0,False,,0,0,,behavioral,0,NEEDS_REVIEW
0x9b4b322302c1ea7e6e9f0d26f7f1a647e5d8185a,base,Behavioral confirmation: bot 0x35d4341972e79e5e04c6b03714700e73ee8e872d trapped in tx 497cd857ce560388e458758ac00c6d30cc,deployer_history,0x78de409a6306550882328e2a67160471368387ff,True,False,,,,,,,,,,,,,NEEDS_REVIEW,2,False,,0,0,,behavioral,0,LIKELY_TP_RECIDIVIST
0x8d05e14ae19546f9f22d3c5b3470ef3337baa57c,base,Behavioral confirmation: bot 0x986667413af73b4a78478dcf72062c2ab3a19e08 trapped in tx eb59d144da4338ad9cb0a21da59d8fcc7a,bytecode_pattern,0x669476d352d74954363424508dae4fb9ea02a8a0,True,False,,,,,,,,,,,,,NEEDS_REVIEW,3,False,,0,0,,behavioral,0,LIKELY_TP_RECIDIVIST
0x74bbf2f684c3d1a7d886f5a08f75aad1ae81efd8,base,Behavioral confirmation: bot 0xf153043ebaffc5803e7e9a208040173735b62886 trapped in tx 5a064437a681e6290cf0e0cc7774577d37,bytecode_pattern,0xa37a16127ce0f5382cbabe7723ed53d60cc8e878,False,False,,,,,,,,,,,,,NEEDS_REVIEW,5,False,,0,0,,behavioral,0,LIKELY_TP_RECIDIVIST
0xefa5c323af3ec72a21eb294cd7a59c4d1d7b7a7a,arbitrum,Behavioral confirmation: bot 0x3f70135d8574d23aa1d1d9940d492596673db446 trapped in tx 8809e1046572fd495e10ba913b6844ab99,bytecode_pattern,0x8c3afee559a3d9d71e0bc8039b117ea7ea1743ca,True,False,Naptha AI,,,,Naptha AI,NAHAI,ERC-20,2235,,,,,LIKELY_FP,,,,,,,,,ALREADY_MIGRATED
0x79035445ab723db2dfc9efc80ccea89110d90915,base,Behavioral confirmation: bot 0xa3ed920cfbea20dffc9f248276737dc945c0a31c trapped in tx 87ad7694373600deaefdd9a42e3d15e155,deployer_history,0xa24d2af7b9d58579225800b32111d71fb34643c9,True,False,,,,,,,,,,,,,NEEDS_REVIEW,1,False,,0,0,,behavioral,0,NEEDS_REVIEW
0xf0ee82ad419d5e4e96281667ccbf91795630b9f8,base,Behavioral confirmation: bot 0xd9626cf00c1809041bac02659b129497103a5390 trapped in tx e15477cbbc530d4c1d5f866e7ffab76947,bytecode_pattern,0x3cc4cbf225f9ad302e199e94b7b031edc5cb25d6,True,False,,,,,,,,,,,,,NEEDS_REVIEW,0,False,,0,0,,behavioral,0,NEEDS_REVIEW
0xbe45a3c83f7467b0f7b1b4dfe574ed1cbab4eb23,base,Self-loop: deployer 0x309f2c2e931866e69febacdee37a0ad1301d50a2 called own contract in reverted tx at block 46066928 (BOT,bytecode_pattern,0x309f2c2e931866e69febacdee37a0ad1301d50a2,False,False,,,,,,,,,,,,,NEEDS_REVIEW,1,False,,0,0,,self_loop,0,NEEDS_REVIEW
0xe9f87632b2270d495e55be950a58e589bf6fde06,base,Self-loop: deployer 0x64375d7b2e1cde4c262eedfc1addcd6619ffc45a called own contract in reverted tx at block 46134869 (BOT,bytecode_pattern,0x64375d7b2e1cde4c262eedfc1addcd6619ffc45a,False,False,,,,,,,,,,,,,NEEDS_REVIEW,0,True,-/-/-,0,0,,self_loop,0,LIKELY_FP_WEAK
0x64ba0e562681dc786f24f841a4e21dc69c360c73,base,Self-loop: deployer 0x926c246cc3c6a8f23c6937c26392257dc27bc407 called own contract in reverted tx at block 46111740 (BOT,bytecode_pattern,0x926c246cc3c6a8f23c6937c26392257dc27bc407,False,False,,,,,,,,,,,,,NEEDS_REVIEW,0,False,,0,0,,self_loop,0,LIKELY_FP_WEAK
