contract_address,chain,current_reason,detection_method,deployer_address,is_contract,is_verified,contract_name,implementation_name,public_tags,private_tags,token_name,token_symbol,token_type,holders_count,market_cap_usd,coingecko_url,deployer_public_tags,deployer_private_tags,preliminary_verdict,deployer_confirmed_count,has_bytecode_cache,bytecode_flags,drain_count,drain_tx_count,drain_ratio,reason_class,deployer_oli_tag_count,phase_b_verdict,frameworks_matched,source_chars,deployer_other_fp_count,tx_count_phasec,distinct_interactors_phasec,revert_rate_phasec,phase_c_verdict,phase_c_rationale
0x2aee009112a520ed1cd421acb3b02eb16ffa1f08,arbitrum,Behavioral confirmation: 1 victims trapped (backfill),bytecode_pattern,0x64713a6d5b0d23a0eab27c357d6a32b5c2707941,True,True,MerkleDistributor,,,,,,,,,,,,NEEDS_REVIEW,0,False,,0,0,,behavioral,0,NEEDS_REVIEW,ERC20-interface|OpenZeppelin|OpenZeppelin-ERC20,29045,0,295,1,0.000,LIKELY_FP_FROM_SOURCE,"verified source matches: ERC20-interface, OpenZeppelin, OpenZeppelin-ERC20"
0xd4d5cd7ccbb0bc27aa02e4efafdb3728c84e6ea2,arbitrum,Behavioral confirmation: 1 victims trapped (backfill),bytecode_pattern,0xa2a01b4a68575280a2de45178e289da717bedb6f,True,False,,,,,,,,,,,,,NEEDS_REVIEW,0,False,,0,0,,behavioral,1,NEEDS_REVIEW,,0,0,0,0,,LIKELY_TP_FROM_LOW_ACTIVITY,"sparse activity: 0 interactors, 0 txs — consistent with narrow honeypot"
0xd4624228cce5baa0814c9e7f666a8a2c83b6f159,base,Behavioral confirmation: 31 victims trapped (backfill),bytecode_pattern,0xe8e0c4883d7196a7de87a6489f6da58212dbe813,True,False,,,,,,,,,,,,,NEEDS_REVIEW,0,False,,0,0,,behavioral,0,NEEDS_REVIEW,,0,0,2,2,0.000,LIKELY_TP_FROM_LOW_ACTIVITY,"sparse activity: 2 interactors, 2 txs — consistent with narrow honeypot"
0x35a1d004473cc0a9f84529e36cf2a5327e4fb364,arbitrum,Behavioral confirmation: 1 victims trapped (backfill),deployer_history,0x01fe747e91062fe9af2328e43cee5faf3d9c5072,True,False,CarrytBTCVault,,,,CarrytBTCVault,cvTBTC,ERC-20,1,,,,,NEEDS_REVIEW,0,False,,0,0,,behavioral,0,NEEDS_REVIEW,,0,0,0,0,,LIKELY_TP_FROM_LOW_ACTIVITY,"sparse activity: 0 interactors, 0 txs — consistent with narrow honeypot"
0x59d43b1c09372c9b092e9aba72b882dfd820ffe8,arbitrum,Behavioral confirmation: 1 victims trapped (backfill),bytecode_pattern,0x72e28c7f34100afefc399fcc0ae041b8fe5841ae,True,False,,,,,,,,,,,,,NEEDS_REVIEW,0,False,,0,0,,behavioral,0,NEEDS_REVIEW,,0,0,0,0,,LIKELY_TP_FROM_LOW_ACTIVITY,"sparse activity: 0 interactors, 0 txs — consistent with narrow honeypot"
0x1794fe17eb780619fad46baf80f7628f7495378b,arbitrum,Behavioral confirmation: bot 0x6b6381f2cad74d84c5822aeb5e2a22912d8b5105 trapped in tx 37061764f05d7f5c6236e4dfdf44704498,bytecode_pattern,0x6a8faa37e4c7d8211032b4a76cd10dc3e2e26dd6,True,True,HTLC,,,,,,,,,,,,NEEDS_REVIEW,0,False,,0,0,,behavioral,0,NEEDS_REVIEW,ERC20-interface|OpenZeppelin|OpenZeppelin-ERC20|OpenZeppelin-Ownable,58177,0,1252,114,0.003,LIKELY_FP_FROM_SOURCE,"verified source matches: ERC20-interface, OpenZeppelin, OpenZeppelin-ERC20, OpenZeppelin-Ownable"
0x41c19396cf31b68878fade8d75244ec9492f5f1e,base,Behavioral confirmation: bot 0x152cf7c3f12ff2581ea9c0221a78ac122bd2a482 trapped in tx 25fd3b8bbb9211d3496f6af9bf8cb873c4,bytecode_pattern,0x31c798ac8159568d44c7f0c8678bf6fdc4caf57c,True,False,,,,,,,,,,,,,NEEDS_REVIEW,0,False,,0,0,,behavioral,0,NEEDS_REVIEW,,0,0,36,1,0.028,STILL_AMBIGUOUS,"interactors=1, tx=36, revert=2.8%, source_chars=0, verified=False"
0xf43ded2fd58bec963ba1e6670f6937a7d2c17387,arbitrum,Behavioral confirmation: 1 victims trapped (backfill),bytecode_pattern,0xb60e6ed28b4563926ad3ac42b35a3cd371db8964,True,False,,,,,,,,,,,,,NEEDS_REVIEW,1,False,,0,0,,behavioral,0,NEEDS_REVIEW,,0,0,0,0,,LIKELY_TP_FROM_LOW_ACTIVITY,"sparse activity: 0 interactors, 0 txs — consistent with narrow honeypot"
0x6623af17c813252cdbe29d062817fd27bd865c35,base,Behavioral confirmation: 1 victims trapped (backfill),bytecode_pattern,0xe1288759446298f250c3bce5616706d25525ba7f,True,False,,,,,,,,,,,,,NEEDS_REVIEW,0,False,,0,0,,behavioral,0,NEEDS_REVIEW,,0,0,0,0,,LIKELY_TP_FROM_LOW_ACTIVITY,"sparse activity: 0 interactors, 0 txs — consistent with narrow honeypot"
0x037966676098bf60b9cfd83657b0dc9394ca04eb,arbitrum,Behavioral confirmation: 1 victims trapped (backfill),bytecode_pattern,0x694434da67976a40cc9e0ebdbfd4a4e6430bc4f5,True,False,,,,,,,,,,,,,NEEDS_REVIEW,0,False,,0,0,,behavioral,0,NEEDS_REVIEW,,0,0,0,0,,LIKELY_TP_FROM_LOW_ACTIVITY,"sparse activity: 0 interactors, 0 txs — consistent with narrow honeypot"
0x275ac7b03bbaefef297758dc26283b2c0c70b55c,base,Behavioral confirmation: 1 victims trapped (backfill),deployer_history,0x89d6dfb232ae56b847f057f601be499b48633d9d,True,False,,,,,,,,,,,,,NEEDS_REVIEW,0,False,,0,0,,behavioral,0,NEEDS_REVIEW,,0,0,1,1,0.000,LIKELY_TP_FROM_LOW_ACTIVITY,"sparse activity: 1 interactors, 1 txs — consistent with narrow honeypot"
0xe09f9ead03f315dc62aebd56e5174fc72b42524b,arbitrum,Behavioral confirmation: 1 victims trapped (backfill),bytecode_pattern,0x035fd73bd1583baf23264eee954aeb8d35d74bc1,True,False,,,,,,,,,,,,,NEEDS_REVIEW,1,False,,0,0,,behavioral,0,NEEDS_REVIEW,,0,0,0,0,,LIKELY_TP_FROM_LOW_ACTIVITY,"sparse activity: 0 interactors, 0 txs — consistent with narrow honeypot"
0xa2e2748f021082f153f6b275fc3ee601a5c7407f,arbitrum,Behavioral confirmation: 1 victims trapped (backfill),bytecode_pattern,0x035fd73bd1583baf23264eee954aeb8d35d74bc1,True,True,ILAlphaVault,,,,IL Alpha Vault,ilALPHA,ERC-20,1,,,,,NEEDS_REVIEW,1,False,,0,0,,behavioral,0,STILL_NEEDS_REVIEW,OpenZeppelin-ERC20|Solady|Solmate,197804,0,0,0,,LIKELY_FP_FROM_SOURCE,"verified source matches: OpenZeppelin-ERC20, Solady, Solmate"
0xf835cc3afd0bc4a8ce3f36a28bbce2302960618d,base,Self-loop: deployer 0xb4a3c10c0b2f14e001c6d3b271a5c64c287472df called own contract in reverted tx at block 44643184 (BOT,bytecode_pattern,0xb4a3c10c0b2f14e001c6d3b271a5c64c287472df,True,False,,,,,,,,,,,,,NEEDS_REVIEW,1,False,,0,0,,self_loop,0,NEEDS_REVIEW,,0,0,80,1,1.000,STILL_AMBIGUOUS,"interactors=1, tx=80, revert=100.0%, source_chars=0, verified=False"
0x3d13051ed6bd2256926f67cbf3b89a9db3f49edb,arbitrum,Behavioral confirmation: 1 victims trapped (backfill),deployer_history,0xcfd2cbdd49db3cd3a9d2b748c7cd9c354ad18d73,True,False,,,,,,,,,,,,,NEEDS_REVIEW,0,False,,0,0,,behavioral,0,NEEDS_REVIEW,,0,0,0,0,,LIKELY_TP_FROM_LOW_ACTIVITY,"sparse activity: 0 interactors, 0 txs — consistent with narrow honeypot"
0xc22dd4114814cc176f183888bd646e5d69dfab70,base,Behavioral confirmation: 1 victims trapped (backfill),bytecode_pattern,0x6067643a4f75adf19cc2238eb92ed430d20c86eb,True,False,,,,,,,,,,,,,NEEDS_REVIEW,0,False,,0,0,,behavioral,0,NEEDS_REVIEW,,0,0,0,0,,LIKELY_TP_FROM_LOW_ACTIVITY,"sparse activity: 0 interactors, 0 txs — consistent with narrow honeypot"
0x02d331dba8636576ced75e47bbaff27cd98bcf02,base,Behavioral confirmation: 1 victims trapped (backfill),bytecode_pattern,0x402cdb0ce0527787ac85ca93610af03ccba49f99,True,True,SessionKeyValidator,,,,,,,,,,,,NEEDS_REVIEW,0,False,,0,0,,behavioral,0,NEEDS_REVIEW,OpenZeppelin|OpenZeppelin-Ownable|OpenZeppelin-UUPS,51477,0,0,0,,LIKELY_FP_FROM_SOURCE,"verified source matches: OpenZeppelin, OpenZeppelin-Ownable, OpenZeppelin-UUPS"
0xec8a5ffccf0f580f14fc6eefa4869535f043d655,base,Behavioral confirmation: 1 victims trapped (backfill),bytecode_pattern,0xaebd26e8265cce92e10e99072981f2d94c96046a,True,False,,,,,,,,,,,,,NEEDS_REVIEW,0,False,,0,0,,behavioral,0,NEEDS_REVIEW,,0,0,0,0,,LIKELY_TP_FROM_LOW_ACTIVITY,"sparse activity: 0 interactors, 0 txs — consistent with narrow honeypot"
0x50e95376b405992578fe973b87ddc5f9f44abb52,base,Behavioral confirmation: 1 victims trapped (backfill),bytecode_pattern,0x58b9018ffc7b38805c8ecde52862ef6d48e03d86,True,True,SafeDebtManager,,,,,,,,,,,,NEEDS_REVIEW,1,False,,0,0,,behavioral,0,NEEDS_REVIEW,ERC20-interface|OpenZeppelin|OpenZeppelin-AccessControl|OpenZeppelin-ERC20|OpenZeppelin-Ownable|Uniswap-v3,114951,0,122,1,1.000,LIKELY_FP_FROM_SOURCE,"verified source matches: ERC20-interface, OpenZeppelin, OpenZeppelin-AccessControl, OpenZeppelin-ERC20, OpenZeppelin-Ownable, Uniswap-v3"
0xe1acbdc5b1210e9b57db382082d388a1c518887b,base,Behavioral confirmation: 1 victims trapped (backfill),bytecode_pattern,0x42f06a562e382c5c84d97ce14308c25171508d38,True,False,,,,,,,,,,,,,NEEDS_REVIEW,0,False,,0,0,,behavioral,0,NEEDS_REVIEW,,0,0,0,0,,LIKELY_TP_FROM_LOW_ACTIVITY,"sparse activity: 0 interactors, 0 txs — consistent with narrow honeypot"
0xb608a3bd7f3dac2569a1660053b95fdc88f187d3,base,Behavioral confirmation: 1 victims trapped (backfill),deployer_history,0x7e4d5e2f07bd00e2a0d149e4d172d72395599fe1,True,False,,,,,,,,,,,,,NEEDS_REVIEW,1,False,,0,0,,behavioral,0,NEEDS_REVIEW,,0,0,1102,1,0.000,STILL_AMBIGUOUS,"interactors=1, tx=1102, revert=0.0%, source_chars=0, verified=False"
0xe44bedefbe981729b6bbbc7c8ce96bb93d27a253,base,Behavioral confirmation: bot 0x22c807d8185f59a0f4e8048ce0ed527994ec868a trapped in tx f5525edbdccd12889b2de93ec7c9e815ab,deployer_history,0x7e4d5e2f07bd00e2a0d149e4d172d72395599fe1,True,False,,,,,,,,,,,,,NEEDS_REVIEW,1,False,,0,0,,behavioral,0,NEEDS_REVIEW,,0,0,6,5,0.167,STILL_AMBIGUOUS,"interactors=5, tx=6, revert=16.7%, source_chars=0, verified=False"
0xe11675bee1ece3bb09f631f89640288e835105ce,base,Behavioral confirmation: 1 victims trapped (backfill),bytecode_pattern,0x63168494bf909b46bcdbead433dfcb7c328c4594,True,True,DogeBook,,,,DogeBook,DBOOk,ERC-20,1,,,,,NEEDS_REVIEW,0,False,,0,0,,behavioral,0,STILL_NEEDS_REVIEW,,4450,0,0,0,,LIKELY_TP_FROM_LOW_ACTIVITY,"sparse activity: 0 interactors, 0 txs — consistent with narrow honeypot"
0xfa9694dca692c94c7d70dbbdf1e69d87f5f1179f,base,Behavioral confirmation: 1 victims trapped (backfill),bytecode_pattern,0x75b2bf2818f389f4d8fdb808f3170a910606bdcd,True,False,Scrolls,,,,Scrolls,SCROLL,ERC-721,2,,,,,NEEDS_REVIEW,0,False,,0,0,,behavioral,0,NEEDS_REVIEW,,0,0,0,0,,LIKELY_TP_FROM_LOW_ACTIVITY,"sparse activity: 0 interactors, 0 txs — consistent with narrow honeypot"
0x2fae39efa279f93e721cb282d03cb5d45d797e11,base,Behavioral confirmation: 1 victims trapped (backfill),bytecode_pattern,0x53127719c4a3e24aeaa751a6e76055140db80593,True,True,Payroll,,,,,,,,,,,,NEEDS_REVIEW,0,False,,0,0,,behavioral,0,NEEDS_REVIEW,ERC20-interface|OpenZeppelin|OpenZeppelin-ERC20|OpenZeppelin-Ownable,62906,0,0,0,,LIKELY_FP_FROM_SOURCE,"verified source matches: ERC20-interface, OpenZeppelin, OpenZeppelin-ERC20, OpenZeppelin-Ownable"
0x1eece2999ea5bcfe28d87393376a8425b00da5bb,base,Behavioral confirmation: 1 victims trapped (backfill),bytecode_pattern,0xaee25670e53e86e1e6247c77fdaaf422a3c55b8d,True,False,,,,,,,,,,,,,NEEDS_REVIEW,1,False,,0,0,,behavioral,0,NEEDS_REVIEW,,0,0,0,0,,LIKELY_TP_FROM_LOW_ACTIVITY,"sparse activity: 0 interactors, 0 txs — consistent with narrow honeypot"
0x5b324863b28a27b7459485ff958d67c64b93b6b3,arbitrum,Behavioral confirmation: 1 victims trapped (backfill),bytecode_pattern,0xc14ff56e720f79d08413ce00533256433d2ed929,True,False,,,,,,,ERC-1155,6,,,,,NEEDS_REVIEW,0,False,,0,0,,behavioral,0,NEEDS_REVIEW,,0,0,0,0,,LIKELY_TP_FROM_LOW_ACTIVITY,"sparse activity: 0 interactors, 0 txs — consistent with narrow honeypot"
0xd833eba05b094dedcbf764c669d21b45942af6ce,base,Behavioral confirmation: 1 victims trapped (backfill),bytecode_pattern,0xb60e6ed28b4563926ad3ac42b35a3cd371db8964,True,False,,,,,,,,,,,,,NEEDS_REVIEW,1,False,,0,0,,behavioral,0,NEEDS_REVIEW,,0,0,0,0,,LIKELY_TP_FROM_LOW_ACTIVITY,"sparse activity: 0 interactors, 0 txs — consistent with narrow honeypot"
0xacd4d6f4ea54045e4ca21e23ae423700d95aeaa2,base,Behavioral confirmation: bot 0xe83f75907fb4c575414fa6f5cfe8cef24dc5870c trapped in tx 6a127939546b30c4d00ac26b981d466319,bytecode_pattern,0x93cea69f92b7c29d4ada11edb9cc12c75e0bcb85,True,True,OpenGradientOFTAdapter,,,,,,,,,,,,NEEDS_REVIEW,0,False,,0,0,,behavioral,0,NEEDS_REVIEW,ERC20-interface|LayerZero|OpenZeppelin|OpenZeppelin-ERC20|OpenZeppelin-Ownable,117888,0,1278,51,0.005,LIKELY_FP_FROM_SOURCE,"verified source matches: ERC20-interface, LayerZero, OpenZeppelin, OpenZeppelin-ERC20, OpenZeppelin-Ownable"
0x7ce3b8f59c645aede72fc4a2bb9da436f5fa3f36,base,Behavioral confirmation: bot 0x5dd6055dd587eceedc9023cb138226c88f27b3f2 trapped in tx eff476c350e3794e11a0ac083dcfbc562d,bytecode_pattern,0x0035fe64d752554e22e5554d50de532054e19619,True,False,,,,,,,,,,,,,NEEDS_REVIEW,0,False,,0,0,,behavioral,0,NEEDS_REVIEW,,0,0,35,16,0.057,STILL_AMBIGUOUS,"interactors=16, tx=35, revert=5.7%, source_chars=0, verified=False"
0x0e94ec9b041fce4d41489294968eef995f070b2c,base,Behavioral confirmation: 1 victims trapped (backfill),bytecode_pattern,0x21acc28a0c036f3c3e50ec946687c623c40448d5,True,False,,,,,,,,,,,,,NEEDS_REVIEW,0,False,,0,0,,behavioral,0,NEEDS_REVIEW,,0,0,0,0,,LIKELY_TP_FROM_LOW_ACTIVITY,"sparse activity: 0 interactors, 0 txs — consistent with narrow honeypot"
0xf4da0778ed7fdc241b68ed0f0677bf2aa5af1135,base,Behavioral confirmation: 1 victims trapped (backfill),bytecode_pattern,0x6aaca9512ef1da6c410379dd9eff8abb15d6288b,True,True,OffchainGacha,,,,,,,,,,,,NEEDS_REVIEW,0,False,,0,0,,behavioral,0,NEEDS_REVIEW,ERC20-interface|OpenZeppelin|OpenZeppelin-ERC20|OpenZeppelin-Ownable,26105,0,0,0,,LIKELY_FP_FROM_SOURCE,"verified source matches: ERC20-interface, OpenZeppelin, OpenZeppelin-ERC20, OpenZeppelin-Ownable"
0xba68e9c9dc219c904d99904a01b2ca6d3922096f,base,Behavioral confirmation: 1 victims trapped (backfill),bytecode_pattern,0x8f60fa5a89b9aa01ba6b32ca1641e69ae8d0bafb,True,False,,,,,,,,,,,,,NEEDS_REVIEW,0,False,,0,0,,behavioral,0,NEEDS_REVIEW,,0,0,0,0,,LIKELY_TP_FROM_LOW_ACTIVITY,"sparse activity: 0 interactors, 0 txs — consistent with narrow honeypot"
0xbb6bab355567679683f7bd4872d21892ff28d991,arbitrum,Behavioral confirmation: 1 victims trapped (backfill),bytecode_pattern,0xb3b68b764338998d342bfce36d8aa3307d70e3c4,True,True,StakingDinamicoGainovo,,,,,,,,,,,,NEEDS_REVIEW,0,False,,0,0,,behavioral,0,NEEDS_REVIEW,ERC20-interface|OpenZeppelin-ERC20,19910,0,0,0,,LIKELY_FP_FROM_SOURCE,"verified source matches: ERC20-interface, OpenZeppelin-ERC20"
0xc1a952cdeb86fde75b49014bc819367b00aa13a9,base,Behavioral confirmation: 1 victims trapped (backfill),bytecode_pattern,0xa35a1797ebd717c6ed4ec7c6745c85d668cd87ee,True,True,ApiipBilling,,,,,,,,,,,,NEEDS_REVIEW,0,False,,0,0,,behavioral,0,NEEDS_REVIEW,,10176,0,0,0,,LIKELY_TP_FROM_LOW_ACTIVITY,"sparse activity: 0 interactors, 0 txs — consistent with narrow honeypot"
0x6cd1c5d0c2f24ce95eb37aff80c45ffd5e25297e,base,Behavioral confirmation: 1 victims trapped (backfill),bytecode_pattern,0x4bc075967dd9652b601192cf5a31963408cfe3a1,True,False,,,,,,,,,,,,,NEEDS_REVIEW,1,False,,0,0,,behavioral,0,NEEDS_REVIEW,,0,0,0,0,,LIKELY_TP_FROM_LOW_ACTIVITY,"sparse activity: 0 interactors, 0 txs — consistent with narrow honeypot"
0x87468922336d06fa8aefeacd6db752377d209e38,base,Behavioral confirmation: 1 victims trapped (backfill),bytecode_pattern,0x714727fa26f632afff8cff56258278fb72f896a0,True,False,,,,,,,,,,,,,NEEDS_REVIEW,0,False,,0,0,,behavioral,0,NEEDS_REVIEW,,0,0,0,0,,LIKELY_TP_FROM_LOW_ACTIVITY,"sparse activity: 0 interactors, 0 txs — consistent with narrow honeypot"
0x857eacf53d1fdd5c83e3295ad95db97e36ed847e,arbitrum,Behavioral confirmation: 1 victims trapped (backfill),bytecode_pattern,0xa607513f2b3a36e1e845086cbe713d8b7b91322d,,,,,,,,,,,,,,,NEEDS_REVIEW,0,False,,0,0,,behavioral,0,NEEDS_REVIEW,,0,0,0,0,,LIKELY_TP_FROM_LOW_ACTIVITY,"sparse activity: 0 interactors, 0 txs — consistent with narrow honeypot"
0xe5006383e2f8f1ad723c7f8d5102bd062198e59c,base,Behavioral confirmation: bot 0xa46d212671c30d665c8f5c67f114c2996fec8bae trapped in tx fe12f8740eaed928c6c89e48a173037f13,bytecode_pattern,0x147b8869655bc09f226955cc676ff78efe240ca8,True,True,LuchamonBattleWrapper,,,,,,,,,,,,NEEDS_REVIEW,0,False,,0,0,,behavioral,1,NEEDS_REVIEW,OpenZeppelin|OpenZeppelin-AccessControl,64581,0,2687,15,0.005,LIKELY_FP_FROM_SOURCE,"verified source matches: OpenZeppelin, OpenZeppelin-AccessControl"
0x591527825acde94ffb4f1a318897427179e301dc,arbitrum,Behavioral confirmation: bot 0x854a1eebadf3263371261e362d45a98e355e8fd3 trapped in tx 20c42dead51701590b220bc1016793dcb6,bytecode_pattern,0xdacf4cac09c6934cc8141640962f6776dc94e310,True,False,,,,,,,,,,,,,NEEDS_REVIEW,0,False,,0,0,,behavioral,0,NEEDS_REVIEW,,0,0,14,4,0.357,STILL_AMBIGUOUS,"interactors=4, tx=14, revert=35.7%, source_chars=0, verified=False"
0x030a96ce5ffed0997c9cb7ec22539a83a65db314,arbitrum,Behavioral confirmation: 1 victims trapped (backfill),bytecode_pattern,0x9ad48aaac7e651a4d641d0fc7cb69d188f4ba14c,True,False,,,,,,,,,,,,,NEEDS_REVIEW,0,False,,0,0,,behavioral,0,NEEDS_REVIEW,,0,0,0,0,,LIKELY_TP_FROM_LOW_ACTIVITY,"sparse activity: 0 interactors, 0 txs — consistent with narrow honeypot"
0x6704c75428a8eb955324abef78d32241f4cef96c,arbitrum,Behavioral confirmation: bot 0xe134a3a2b894d69a2b82842d84baf37c2c9574d1 trapped in tx 9ca46f6d38456dbdd7d46707fac4561afc,bytecode_pattern,0x99f03615419bdb71e235ba7024a560fdc47e577a,True,True,U,,,,,,,,,,,,NEEDS_REVIEW,0,False,,0,0,,behavioral,0,NEEDS_REVIEW,ERC20-interface|OpenZeppelin-ERC20,18403,0,2839,2683,0.001,LIKELY_FP_FROM_SOURCE,"verified source matches: ERC20-interface, OpenZeppelin-ERC20"
0x28a9d3faf0dcfbb53fa24bcd743923d158e66382,base,Behavioral confirmation: 1 victims trapped (backfill),bytecode_pattern,0x4f0f02dee0ac63a1be657ac0b5877654c5928fe0,True,False,Test Funk Blo,,,,Test Funk Blo,TFB,ERC-721,9,,,,,NEEDS_REVIEW,0,False,,0,0,,behavioral,0,NEEDS_REVIEW,,0,0,0,0,,LIKELY_TP_FROM_LOW_ACTIVITY,"sparse activity: 0 interactors, 0 txs — consistent with narrow honeypot"
0x4432fd64fda9548c5a689d7ffea380d1b608287e,base,Behavioral confirmation: 1 victims trapped (backfill),bytecode_pattern,0x26d26e23fba97e4b0375e80a65bb45357e345f9e,True,False,,,,,,,,,,,,,NEEDS_REVIEW,0,False,,0,0,,behavioral,0,NEEDS_REVIEW,,0,0,1905,2,0.960,STILL_AMBIGUOUS,"interactors=2, tx=1905, revert=96.0%, source_chars=0, verified=False"
0xcabc25eab9acfc4d90f03c7277604de386447bfc,arbitrum,Behavioral confirmation: bot 0x724a2c2a8751871a48bd901f0443a1a9dd02744c trapped in tx 23fcc34c3703916beeabeb80478fba7682,bytecode_pattern,0x16f413edfe97d87a66a86f02ac8d166ba6a6660c,True,False,,,,,,,,,,,,,NEEDS_REVIEW,0,False,,0,0,,behavioral,0,NEEDS_REVIEW,,0,0,2885,1036,0.000,LIKELY_FP_FROM_ACTIVITY,"diverse activity: 1036 interactors, 2885 txs, 0.0% revert"
0x9a0e20fabd19649de8612364729a51daf6487e46,base,Behavioral confirmation: 1 victims trapped (backfill),bytecode_pattern,0x9a2276735e137f591d1a22f0d57b8c9c5a973eb9,True,False,,,,,,,,,,,,,NEEDS_REVIEW,0,False,,0,0,,behavioral,0,NEEDS_REVIEW,,0,0,0,0,,LIKELY_TP_FROM_LOW_ACTIVITY,"sparse activity: 0 interactors, 0 txs — consistent with narrow honeypot"
0x4367fb50a4a13d9770acf965c75668b28c354ff0,arbitrum,Behavioral confirmation: bot 0xce367fdc133402b3024b0aa1a76c4563f5ecda02 trapped in tx 9bb2536d346b1ff5f30bf27b95c62a3d27,bytecode_pattern,0xfec1643b0bed30d2158e3109a2fd22d27188d58c,True,False,,,,,,,,,,,,,NEEDS_REVIEW,0,False,,0,0,,behavioral,0,NEEDS_REVIEW,,0,0,1283,4,0.998,LIKELY_TP_FROM_REVERT_PROFILE,"4 interactors, 99.8% revert rate — trap signature"
0x95a4dd76d2387b1dc3690d10992a5def16be6897,base,Behavioral confirmation: bot 0xe733cf32b21700d0cdc18b15a076ab8734018cfc trapped in tx f73ffe77e6e449080b64df6c46e9ada9cc,bytecode_pattern,0xa4716c832c07dd63b7da642d27893250bcc369a1,True,False,,,,,,,,,,,,,NEEDS_REVIEW,0,False,,0,0,,behavioral,0,NEEDS_REVIEW,,0,0,14,6,0.714,LIKELY_TP_FROM_REVERT_PROFILE,"6 interactors, 71.4% revert rate — trap signature"
0x1168708d4b1963c19ecd96f368c10305f30dc75e,base,Behavioral confirmation: bot 0x6af6ae0d90ab7abf6ec8dbd9f1da69e9d07d6c28 trapped in tx a53e4ebdf745513dfee370e3f751654a60,bytecode_pattern,0xae42d3594e6a57a93b2cd2c2c17bf73793732afa,True,False,,,,,,,,,,,,,NEEDS_REVIEW,0,False,,0,0,,behavioral,0,NEEDS_REVIEW,,0,0,6,1,1.000,LIKELY_TP_FROM_LOW_ACTIVITY,"sparse activity: 1 interactors, 6 txs — consistent with narrow honeypot"
0xe7c75ab140bdae8bcda92fc1c8de6b1e29da336d,base,Behavioral confirmation: bot 0x52ec1d041e9e8f9b2bd3acba29b80ba75babe49e trapped in tx 3f0ea8677a46631b7af02381fac42e4230,bytecode_pattern,0x48ab8adf869ba9902ad483fb1ca2efdab6eabe92,True,True,PiggyBBQ,,,,,,,,,,,,NEEDS_REVIEW,0,False,,0,0,,behavioral,0,NEEDS_REVIEW,ERC20-interface|OpenZeppelin|OpenZeppelin-ERC20|OpenZeppelin-Ownable,37717,0,209,134,0.057,LIKELY_FP_FROM_SOURCE,"verified source matches: ERC20-interface, OpenZeppelin, OpenZeppelin-ERC20, OpenZeppelin-Ownable"
0x76138f377dd2ddb90369d2890a14298d4aa4af29,base,Behavioral confirmation: bot 0xd2606d34070c50410b7147b04663d5a7f61393d7 trapped in tx 939c8ab6a315649cf77317e960b66df770,bytecode_pattern,0x136d289c9c586d7c7fd3a39635a4877796845312,True,True,DaemonFactoryV3,,,,,,,,,,,,NEEDS_REVIEW,0,False,,0,0,,behavioral,0,NEEDS_REVIEW,,7241,2,166,109,0.452,LIKELY_FP_FROM_CLUSTER,deployer has 2 other LIKELY_FP contract(s) in Phase A — siblings likely legitimate
0x49fc1a582781dda29ef244cfd94d53490cc2c36e,base,Behavioral confirmation: bot 0xa7b25431c59ab0c00af42a63b58d3ccdf90d42e6 trapped in tx 1f28762d2a24bcc79ef71f4edeae29bf19,bytecode_pattern,0x58b9018ffc7b38805c8ecde52862ef6d48e03d86,True,True,SafeDebtManager,,,,,,,,,,,,NEEDS_REVIEW,1,False,,0,0,,behavioral,0,NEEDS_REVIEW,ERC20-interface|OpenZeppelin|OpenZeppelin-AccessControl|OpenZeppelin-ERC20|OpenZeppelin-Ownable|Uniswap-v3,114946,0,413,1,0.891,LIKELY_FP_FROM_SOURCE,"verified source matches: ERC20-interface, OpenZeppelin, OpenZeppelin-AccessControl, OpenZeppelin-ERC20, OpenZeppelin-Ownable, Uniswap-v3"
0x0dc3fc5b7aaa5a63e7af8239ede1f6eb6ea19d1b,arbitrum,Behavioral confirmation: bot 0xfaad9c497775e328a1ea08f3d940a1b34823c4ef trapped in tx 4b77b91faeaae7db4cfd02fe813e6288d4,bytecode_pattern,0x631ed831571e89fc0a8010cc3d36e28f31ad7adc,True,False,PGY Vault V5 Share,,,,PGY Vault V5 Share,pvUSDTv5,ERC-20,7,,,,,NEEDS_REVIEW,0,False,,0,0,,behavioral,0,NEEDS_REVIEW,,0,0,16,4,0.312,STILL_AMBIGUOUS,"interactors=4, tx=16, revert=31.2%, source_chars=0, verified=False"
0xd6ecaa61c371c75e88cd6fd8ee6946fe81832b6d,optimism,Behavioral confirmation: bot 0x7c00a740643f3ffd4931666ad41392e3d969c6f5 trapped in tx 37385291e6b9a8eac2bc8b1912308f7b6b,bytecode_pattern,0x695ec089890fee3d2dbf35403c12aafc98ca06fe,True,False,,,,,,,,,,,,,NEEDS_REVIEW,1,False,,0,0,,behavioral,0,NEEDS_REVIEW,,0,0,13,6,0.385,STILL_AMBIGUOUS,"interactors=6, tx=13, revert=38.5%, source_chars=0, verified=False"
0xd09290f599ee74ab3914d496cd2c70eea3f51790,optimism,Behavioral confirmation: bot 0x21fe28d5a0b6d5dbd1d72ceb3f0326d420989db9 trapped in tx 4e0ee6a4ddea844b090fa978afdfed5ec4,deployer_history,0x695ec089890fee3d2dbf35403c12aafc98ca06fe,True,False,,,,,,,,,,,,,NEEDS_REVIEW,1,False,,0,0,,behavioral,0,NEEDS_REVIEW,,0,0,80,4,0.025,STILL_AMBIGUOUS,"interactors=4, tx=80, revert=2.5%, source_chars=0, verified=False"
0x1575ee0dc2925714d41a8cd4757b137b40fc3f38,base,Behavioral confirmation: bot 0x454b6849377f812eb7d5f474125c35dca484e9c1 trapped in tx 29f0759c4ca611900460860eaee8da9b21,deployer_history,0xa18fe0cd8d8f4d00275f94ad67b871f212e232c2,True,False,,,,,,,,,,,,,NEEDS_REVIEW,0,False,,0,0,,behavioral,0,NEEDS_REVIEW,,0,0,22,6,0.045,STILL_AMBIGUOUS,"interactors=6, tx=22, revert=4.5%, source_chars=0, verified=False"
0xc5c31b0fee0126ce004d8900b2fc99022e0be0a9,base,Behavioral confirmation: bot 0x212677d771871a31d40706d52446d664b51ca1a5 trapped in tx 8e32c516b71ade89ab557feaebd2d455bf,bytecode_pattern,0xc0619bb479af57e9e76c1fb24bde919364291dca,True,True,CROSSHASHES -- test prints,,,,CROSSHASHES -- test prints,t#e#s#t,ERC-721,1,,,,,NEEDS_REVIEW,0,False,,0,0,,behavioral,0,STILL_NEEDS_REVIEW,OpenZeppelin|OpenZeppelin-Ownable,193481,0,7,2,0.143,LIKELY_FP_FROM_SOURCE,"verified source matches: OpenZeppelin, OpenZeppelin-Ownable"
0x91a65ef694ab6341a2ef0e2ddbd312893c04168c,base,Behavioral confirmation: bot 0x0aa9b164bea1c9a223834cfc899b7130fcb92f6b trapped in tx 8137d94aaf4106a694f47daa7290c38b49,deployer_history,0x2da812af33f6ed2ad7a0b8a233a6e9dde8caee72,True,True,GangstrStaking,,,,,,,,,,,,NEEDS_REVIEW,1,False,,0,0,,behavioral,0,NEEDS_REVIEW,ERC20-interface|OpenZeppelin|OpenZeppelin-ERC20|OpenZeppelin-Ownable,49866,1,2043,83,0.014,LIKELY_FP_FROM_SOURCE,"verified source matches: ERC20-interface, OpenZeppelin, OpenZeppelin-ERC20, OpenZeppelin-Ownable"
0x288ea8bcb51d53ad361d786efa904c401904af70,base,Behavioral confirmation: bot 0x9f4ca119e74dc92bc50e3a4c263251b7fc6a2087 trapped in tx 19ed67b28683b5e6aaa4ae215fa9dcd005,bytecode_pattern,0x235f2934e01c52ec6f0432934f0273c5308c6ceb,True,True,RNBWStaking,,,,,,,,,,,,NEEDS_REVIEW,0,False,,0,0,,behavioral,0,NEEDS_REVIEW,ERC20-interface|OpenZeppelin|OpenZeppelin-ERC20,220120,0,516,265,0.002,LIKELY_FP_FROM_SOURCE,"verified source matches: ERC20-interface, OpenZeppelin, OpenZeppelin-ERC20"
0xa90a6da0c449838d394cd914ef202197b338aad2,base,Behavioral confirmation: bot 0x56da6c5b926b6ad35b707b086e13d62f7f6c4adb trapped in tx 9a87835260949ba04dc0d2d1a9aff0bfe1,bytecode_pattern,0x4bc075967dd9652b601192cf5a31963408cfe3a1,True,False,,,,,,,,,,,,,NEEDS_REVIEW,1,False,,0,0,,behavioral,0,NEEDS_REVIEW,,0,0,513,130,0.006,LIKELY_FP_FROM_ACTIVITY,"diverse activity: 130 interactors, 513 txs, 0.6% revert"
0x1b47cce4e847264771f500c8e91adc3d0b8a8101,arbitrum,Behavioral confirmation: bot 0x606cf076f927b021a8094aaa9a3efd6e1b9a7622 trapped in tx 5925b80d5501582ae70864496e5ed103ff,deployer_history,0x5c89e16cfedb529a0a4632a8e2440a600f6af274,True,False,,,,,,,,,,,,,NEEDS_REVIEW,0,False,,0,0,,behavioral,0,NEEDS_REVIEW,,0,0,3496,55,0.008,LIKELY_FP_FROM_ACTIVITY,"diverse activity: 55 interactors, 3496 txs, 0.8% revert"
0xdc1affb53cb999a53829227309da4f559856f63c,base,Behavioral confirmation: bot 0x9328b6c52173262cf94832b30725f6bbbbbb5e32 trapped in tx 2141a2da38d5da51054a6e22d39f49bc85,deployer_history,0x2da812af33f6ed2ad7a0b8a233a6e9dde8caee72,True,False,,,,,,,,,,,,,NEEDS_REVIEW,1,False,,0,0,,behavioral,0,NEEDS_REVIEW,,0,1,41,11,0.024,LIKELY_FP_FROM_CLUSTER,deployer has 1 other LIKELY_FP contract(s) in Phase A — siblings likely legitimate
0x063a82b39ff29e747e33c397d6b89563bbacc504,base,Behavioral confirmation: bot 0xb3a29e6bee26663772e4d9d38b453a5add44433e trapped in tx c292a92deb7fd27cdf475158302222a6ee,bytecode_pattern,0x0e150daa9184573e05f0691b55ddd3e993b0651b,True,False,,,,,,,,,,,,,NEEDS_REVIEW,0,False,,0,0,,behavioral,0,NEEDS_REVIEW,,0,0,4,4,1.000,LIKELY_TP_FROM_REVERT_PROFILE,"4 interactors, 100.0% revert rate — trap signature"
0xe2f78d6c8c095710df6631f09ebc2f9903fc022f,base,Behavioral confirmation: bot 0x22e0adc1b4e680bb4483ae32ba3f45d2f9bad67c trapped in tx 13388fbf50195fba52349aa2bfba7c53a0,bytecode_pattern,0x0d8449e0786761720ee158d3558d64253e2ccbf4,True,True,ExecutionEngine,,,,,,,,,,,,NEEDS_REVIEW,0,False,,0,0,,behavioral,0,NEEDS_REVIEW,ERC20-interface|OpenZeppelin|OpenZeppelin-AccessControl|OpenZeppelin-ERC20,83663,0,778,3,0.090,LIKELY_FP_FROM_SOURCE,"verified source matches: ERC20-interface, OpenZeppelin, OpenZeppelin-AccessControl, OpenZeppelin-ERC20"
0x9a1dcc11870ff45382e5fe422cf393fa81345dec,base,Behavioral confirmation: bot 0xedae94a822582324f19c89a057d694d833e6a6f0 trapped in tx 4ba104290fcf2c06c126098f7667324f01,bytecode_pattern,0x59d0461ec7c4688dd3daab7ea903d93d109db9e0,True,True,PMFI Arb,,,,PMFI Arb,pARB,ERC-20,3,,,,,NEEDS_REVIEW,0,False,,0,0,,behavioral,0,STILL_NEEDS_REVIEW,ERC20-interface|OpenZeppelin|OpenZeppelin-ERC20|OpenZeppelin-Ownable,221654,0,4465,3,0.010,LIKELY_FP_FROM_SOURCE,"verified source matches: ERC20-interface, OpenZeppelin, OpenZeppelin-ERC20, OpenZeppelin-Ownable"
0x38c4e93bac87b2fb96931dab876bb683d388f1a8,base,Behavioral confirmation: bot 0x481a2a7b8b4c2166a98e2fc26810c0f4681e3913 trapped in tx 685176e45f72dd040662181165a1203251,bytecode_pattern,0x4a481b0486c00e013122e8bbf05f8c0220e26e85,True,True,PerpetualManagerProxy,,,,,,,,,,,,NEEDS_REVIEW,0,False,,0,0,,behavioral,0,NEEDS_REVIEW,OpenZeppelin|OpenZeppelin-Ownable,129900,0,2351,7,0.003,LIKELY_FP_FROM_SOURCE,"verified source matches: OpenZeppelin, OpenZeppelin-Ownable"
0x02ce32d9b203b51e7bc3daac5c3c433ac2b8adb3,base,Behavioral confirmation: bot 0x8ccd68317e0b49bef7210eea6c8e94498767e040 trapped in tx 99323ed4fd7594e0d575e1f2a3b7270100,deployer_history,0xd731812cbd52dd726a6f46a804642c84c7846663,True,True,BitcoinVerifier,,,,,,,,,,,,NEEDS_REVIEW,0,False,,0,0,,behavioral,0,NEEDS_REVIEW,ERC20-interface|OpenZeppelin|OpenZeppelin-AccessControl|OpenZeppelin-ERC20,95132,0,4003,2,0.005,LIKELY_FP_FROM_SOURCE,"verified source matches: ERC20-interface, OpenZeppelin, OpenZeppelin-AccessControl, OpenZeppelin-ERC20"
0x9b829f7e376077fe19aff29a6971551a487f871d,arbitrum,Behavioral confirmation: bot 0x6fd96f1a38989407577e2eb2633af6d2e64d72ca trapped in tx 3e971b62a0ea0f0966a9413e266c608254,deployer_history,0x65a66494df4673235d2621a79bd5b1bfd9da3ac1,True,False,Cryptodeer Vault,,,,Cryptodeer Vault,deerUSDC,ERC-20,1,,,,,NEEDS_REVIEW,0,False,,0,0,,behavioral,0,NEEDS_REVIEW,,0,0,4,2,0.250,LIKELY_TP_FROM_LOW_ACTIVITY,"sparse activity: 2 interactors, 4 txs — consistent with narrow honeypot"
0xc16b1a753308bf909eddcec07bdeded155b0aba7,base,Behavioral confirmation: bot 0xa57accc582abbf98cbdb223f2f1fdb3d1451b404 trapped in tx 3d67c65756f66275402cb6e2d398efa50b,bytecode_pattern,0x444e654d4053c939951528f2a746eb0a1ef76a5a,True,False,,,,,,,,,,,,,NEEDS_REVIEW,0,False,,0,0,,behavioral,0,NEEDS_REVIEW,,0,0,31,2,0.032,STILL_AMBIGUOUS,"interactors=2, tx=31, revert=3.2%, source_chars=0, verified=False"
0x976e9f6bc5a21075486356bb3b6889e674fda07d,base,Behavioral confirmation: bot 0x0a33b632dfc72f7bfd0a688b6c649d285e22890a trapped in tx eb69eeb18361e80d2d01b9c9ead91f7b46,deployer_history,0x18189287bfbdf3bf5c6dc33052b764893c59c7cc,True,True,Ash20Staking,,,,,,,,,,,,NEEDS_REVIEW,0,False,,0,0,,behavioral,0,NEEDS_REVIEW,ERC20-interface|OpenZeppelin|OpenZeppelin-ERC20|OpenZeppelin-Ownable,36890,0,22,10,0.045,LIKELY_FP_FROM_SOURCE,"verified source matches: ERC20-interface, OpenZeppelin, OpenZeppelin-ERC20, OpenZeppelin-Ownable"
0xcdc6de562f9c9afb952b7eed123e0f7e6087029a,base,Behavioral confirmation: bot 0xfb438f6e125b98b7828a6af6525907e8d857de7e trapped in tx 548fa4b75965969f27f37b3c99af648f69,bytecode_pattern,0xa3099587930a877e75ff4084c7b22505b72c2eca,True,False,,,,,,,,,,,,,NEEDS_REVIEW,1,False,,0,0,,behavioral,0,NEEDS_REVIEW,,0,0,116385,11,0.337,STILL_AMBIGUOUS,"interactors=11, tx=116385, revert=33.7%, source_chars=0, verified=False"
0xcdfcbb468ba18dc6a7f46b9bf0ac9f7cdd8c8af2,base,Behavioral confirmation: bot 0xa57accc582abbf98cbdb223f2f1fdb3d1451b404 trapped in tx 40dd260f15960ef1e989aafe6bd4201932,bytecode_pattern,0x6c688b9107c539a448037e42fa0e47dbe31fa46e,True,False,,,,,,,,,,,,,NEEDS_REVIEW,0,False,,0,0,,behavioral,0,NEEDS_REVIEW,,0,0,3,2,0.333,LIKELY_TP_FROM_LOW_ACTIVITY,"sparse activity: 2 interactors, 3 txs — consistent with narrow honeypot"
0x1fec8cc3c7e3c3b97a4e383606ecc797291bb3bc,arbitrum,Behavioral confirmation: bot 0xc6d36117cf4ec5b65e0b5f6702bd7f43acda03f5 trapped in tx a6c045b14337d38b2f8d3bd3a7d536351e,bytecode_pattern,0xa5d55db6adb1bfa7462e136c302dc793bdb9d934,True,False,,,,,,,,,,,,,NEEDS_REVIEW,1,False,,0,0,,behavioral,0,NEEDS_REVIEW,,0,0,5539,3,0.999,STILL_AMBIGUOUS,"interactors=3, tx=5539, revert=99.9%, source_chars=0, verified=False"
0xf8ab7a85ca2542e70926ce345948437e6d922d4d,arbitrum,Behavioral confirmation: bot 0xdb422bbf5d6b58d35f198f6cc227eb6c1f1c388e trapped in tx 9efac829a448a1d67080a9910bf38a71d8,bytecode_pattern,0xbbf17c07a6b006273d64f72e7c4e880c1379fb39,True,False,SSCCB,,,,SSCCB,SSCCB,ERC-20,6,,,,,NEEDS_REVIEW,0,False,,0,0,,behavioral,0,NEEDS_REVIEW,,0,0,8,3,0.125,LIKELY_TP_FROM_LOW_ACTIVITY,"sparse activity: 3 interactors, 8 txs — consistent with narrow honeypot"
0xec7d448e526377957c23a5a40a1b96028efe50ce,arbitrum,Behavioral confirmation: bot 0x407db951495e93e6954ca11697ba8726cb9b1afd trapped in tx f505fffc4e8fa7c352da91dcdf35bf6a24,bytecode_pattern,0x449f6441e85e2b6572283175f73f5ae4816e7449,,,,,,,,,,,,,,,NEEDS_REVIEW,1,False,,0,0,,behavioral,0,NEEDS_REVIEW,,0,2,6,3,0.667,LIKELY_FP_FROM_CLUSTER,deployer has 2 other LIKELY_FP contract(s) in Phase A — siblings likely legitimate
0x20c52ae57cb5c32e849c12528c23be737a840588,arbitrum,Behavioral confirmation: bot 0xc7482b7caee9f2d3fc1592591e7923d17f3a9686 trapped in tx ae69c4f990e8e3863edc045581a9408ffd,bytecode_pattern,0x6afdafe5d9886b32466c3a12bd7aeff59b5d93c2,,,,,,,,,,,,,,,NEEDS_REVIEW,0,False,,41,19,2.16,behavioral,0,NEEDS_REVIEW,,0,0,346,44,0.078,STILL_AMBIGUOUS,"interactors=44, tx=346, revert=7.8%, source_chars=0, verified=False"
0x7d81d8ea1791ab668cd92990f29213d8d426f888,arbitrum,Behavioral confirmation: bot 0x7e1c5b996b5cb92d6e344060a1ff51650ddf60c9 trapped in tx a22b1a094b67bdc4afb85e3dc4471b670f,deployer_history,0xc5d133296e17ba25df0409a6c31607bf3b78e3e3,True,False,,,,,,,,,,,,,NEEDS_REVIEW,2,False,,0,0,,behavioral,1,NEEDS_REVIEW,,0,0,16,2,0.938,STILL_AMBIGUOUS,"interactors=2, tx=16, revert=93.8%, source_chars=0, verified=False"
0xec6819ecc7c7b4b51661099fa1a1460f41e75b81,arbitrum,Behavioral confirmation: bot 0x5f7476ee17eccbc57de45f3444852f5141f650f2 trapped in tx d6618fd5d5cf5e4efad78acbae07e158c9,bytecode_pattern,0x694834fea7b9cf607b9a9b9b609fa82e0497cf99,True,False,,,,,,,,,,,,,NEEDS_REVIEW,0,False,,0,0,,behavioral,0,NEEDS_REVIEW,,0,0,18,2,0.056,STILL_AMBIGUOUS,"interactors=2, tx=18, revert=5.6%, source_chars=0, verified=False"
0x383dd8ccdc17ca97d5cd4640cfe7021a3b6b1662,arbitrum,Behavioral confirmation: bot 0x7e1c5b996b5cb92d6e344060a1ff51650ddf60c9 trapped in tx 1205a7109acad609e227aa7939632a035d,deployer_history,0xc5d133296e17ba25df0409a6c31607bf3b78e3e3,True,False,,,,,,,,,,,,,NEEDS_REVIEW,2,False,,0,0,,behavioral,1,NEEDS_REVIEW,,0,0,13,1,1.000,STILL_AMBIGUOUS,"interactors=1, tx=13, revert=100.0%, source_chars=0, verified=False"
0x98189ee5d702ae30448eb20b3e3601b7a04b6732,base,Behavioral confirmation: bot 0x31300f512a14191ce30d14f0c63ff85816abb7d4 trapped in tx 90313c8f1298865eedc34d84e076dd807f,bytecode_pattern,0xdd8769529d83f2fc3af26327540e41e250fce4d4,True,True,MerkleDistributorWithDeadline,,,,,,,,,,,,NEEDS_REVIEW,0,False,,0,0,,behavioral,0,NEEDS_REVIEW,ERC20-interface|OpenZeppelin|OpenZeppelin-ERC20|OpenZeppelin-Ownable,33785,0,20921,20769,0.007,LIKELY_FP_FROM_SOURCE,"verified source matches: ERC20-interface, OpenZeppelin, OpenZeppelin-ERC20, OpenZeppelin-Ownable"
0x542b2b96e9c944260722a86c2ee76166a8e3d0a0,base,Behavioral confirmation: bot 0x5be28b0257dd7ccb24588b9c4e18cb127928415e trapped in tx 2034232328f1b023088b23838a52fee19c,bytecode_pattern,0xa41d5faf7ba8b82e276125de2a053216e91f4814,True,False,ZERO,,,,ZERO,ZERO,ERC-20,29,,,,,NEEDS_REVIEW,0,False,,8,7,1.14,behavioral,0,NEEDS_REVIEW,,0,0,10322,18,0.001,STILL_AMBIGUOUS,"interactors=18, tx=10322, revert=0.1%, source_chars=0, verified=False"
0x7cff972b2227226ff058e9fabbf281e28200f2b9,base,Behavioral confirmation: bot 0xfa91a7af4152fe2da1315d113a789929970bb2fe trapped in tx 476dd360ff65f7b439a5ac1f6297d21922,bytecode_pattern,0x963a4de08481c5e75dcf9801fa528c2cfb1663ec,True,True,PublicBridge,,,,,,,,,,,,NEEDS_REVIEW,0,False,,0,0,,behavioral,0,NEEDS_REVIEW,,42324,0,12,6,0.083,STILL_AMBIGUOUS,"interactors=6, tx=12, revert=8.3%, source_chars=42324, verified=True"
0x0b51825d79c10042343edcab55bb64fa6a02de1e,base,Behavioral confirmation: bot 0xb806088fce035cacef3b3b0c3e9ea8e32069b89c trapped in tx d4adea9d9623cd3cd5ee8956e33b01f518,bytecode_pattern,0x5eda1de70e198fd62be90f37dbbc8f6c9b45afd9,True,False,,,,,,,,,,,,,NEEDS_REVIEW,1,False,,0,0,,behavioral,0,NEEDS_REVIEW,,0,0,10,2,0.900,LIKELY_TP_FROM_LOW_ACTIVITY,"sparse activity: 2 interactors, 10 txs — consistent with narrow honeypot"
0x80719c8024053a39c73df60a80ddefd1def333d7,base,Behavioral confirmation: bot 0xb806088fce035cacef3b3b0c3e9ea8e32069b89c trapped in tx 3c1c847b2ee9d39282a3dbdb2d3c7cc009,bytecode_pattern,0x5eda1de70e198fd62be90f37dbbc8f6c9b45afd9,True,False,,,,,,,,,,,,,NEEDS_REVIEW,1,False,,0,0,,behavioral,0,NEEDS_REVIEW,,0,0,59,2,0.983,STILL_AMBIGUOUS,"interactors=2, tx=59, revert=98.3%, source_chars=0, verified=False"
0x9eb69d036e756cec01d69ac2fdc1d666fa030237,base,Behavioral confirmation: bot 0x212ed41b51e50b0751ddc206cf11ac7c1fd2da65 trapped in tx b05c02864436e9654df764d52facf61356,bytecode_pattern,0xb710d6981d5e04105edb4d2a6352e19169ccd2c3,True,False,,,,,,,,,,,,,NEEDS_REVIEW,0,False,,0,0,,behavioral,0,NEEDS_REVIEW,,0,0,16266,2,0.613,STILL_AMBIGUOUS,"interactors=2, tx=16266, revert=61.3%, source_chars=0, verified=False"
0xbd0e5f14afadd9a6bec11d8fe0b22624ba29bce8,arbitrum,Behavioral confirmation: bot 0x268846b7e53f9352e0ad7f4fcef0c9d8683b537c trapped in tx 34b161939519b3a1c9b5c475b1b8eb8959,bytecode_pattern,0x44f5de4b72ffb110b021391c3493cd351c4172e2,True,False,,,,,,,,,,,,,NEEDS_REVIEW,0,False,,0,0,,behavioral,0,NEEDS_REVIEW,,0,0,7310,7,0.497,STILL_AMBIGUOUS,"interactors=7, tx=7310, revert=49.7%, source_chars=0, verified=False"
0xe43e50c7b6164b6209f0025da677558fc53fffae,arbitrum,Behavioral confirmation: bot 0xb2840c688efb8b7cd7ee445c2a24c3932963938b trapped in tx 7f9b3a37ac9c83073fb7368835555a76fc,bytecode_pattern,0x449f6441e85e2b6572283175f73f5ae4816e7449,True,False,UNICORN,,,,UNICORN,UNICORN,ERC-20,24,,,,,NEEDS_REVIEW,1,False,,0,0,,behavioral,0,NEEDS_REVIEW,,0,2,95,20,0.032,LIKELY_FP_FROM_CLUSTER,deployer has 2 other LIKELY_FP contract(s) in Phase A — siblings likely legitimate
0xb3b4f451870b53586949f0af4ba754aaf8aed4f3,base,Behavioral confirmation: bot 0x275cf5a28574d4e5b11fe296cd57ea5da4e5d09d trapped in tx 6172de1ee45a4fc0e71386cd47c5ccd635,deployer_history,0x1a2fba682d4ae57ba42ed7ee7cb4dc5b51987539,True,True,CollectionProxy,,,,,,,,,,,,NEEDS_REVIEW,0,False,,0,0,,behavioral,0,NEEDS_REVIEW,OpenZeppelin|OpenZeppelin-Ownable,43043,0,2187,224,0.055,LIKELY_FP_FROM_SOURCE,"verified source matches: OpenZeppelin, OpenZeppelin-Ownable"
0x40beb8ec4cffcdd40555858ca7d777d3f20e9c1f,arbitrum,Behavioral confirmation: bot 0x5d28fa93ccb0b758402732eb626ac8ae3edebb40 trapped in tx 758d061f67e15ea8c02589816ab043f770,bytecode_pattern,0x7018b6b597b8a1c341682d4418492ed2e56e0266,True,False,,,,,,,,,,,,,NEEDS_REVIEW,0,False,,0,0,,behavioral,0,NEEDS_REVIEW,,0,0,33,2,0.121,STILL_AMBIGUOUS,"interactors=2, tx=33, revert=12.1%, source_chars=0, verified=False"
0xe6d50ff90532ff1926d32b8b4a757cb44af128e5,base,Behavioral confirmation: bot 0x2caaaa4ff6a1079b6c10b8149f98b45db7ee48f8 trapped in tx 7d3ef5e441ae899664472be05ef3d45bc3,bytecode_pattern,0xf7460d81fa18a6a5b213e8450e68c9ca2648993b,True,True,PublicBridge,,,,,,,,,,,,NEEDS_REVIEW,0,False,,0,0,,behavioral,0,NEEDS_REVIEW,,42324,0,20,6,0.100,STILL_AMBIGUOUS,"interactors=6, tx=20, revert=10.0%, source_chars=42324, verified=True"
0xd209c27375d1b5916f677f39d5f320e67dd4fafe,base,Behavioral confirmation: bot 0xf350367d4e3e0e45dc0f9e425741a86b8cf7e66f trapped in tx 97f3029940a2c774d6cb7495a141af731c,bytecode_pattern,0x5073190885b3717e99e9b5436ee67ae26b743f92,True,True,NexusClawStaking,,,,,,,,,,,,NEEDS_REVIEW,0,False,,0,0,,behavioral,0,NEEDS_REVIEW,ERC20-interface|OpenZeppelin|OpenZeppelin-AccessControl|OpenZeppelin-ERC20,52004,0,58,3,0.052,LIKELY_FP_FROM_SOURCE,"verified source matches: ERC20-interface, OpenZeppelin, OpenZeppelin-AccessControl, OpenZeppelin-ERC20"
0xc1555c86fd8a0c18c7ca78487a951ad435b2a715,base,Behavioral confirmation: bot 0x7e3e17b6e7ee2c29a2a1bf6856dbb848bb8d0926 trapped in tx 560140aa573d66d68f090ed2353df9d1eb,bytecode_pattern,0x03485b65e10bbe3238384f13cb2e6416ef89ad24,True,True,CambrilioRoulette,,,,,,,,,,,,NEEDS_REVIEW,0,False,,0,0,,behavioral,0,NEEDS_REVIEW,OpenZeppelin-Ownable,42100,0,18,6,0.056,LIKELY_FP_FROM_SOURCE,verified source matches: OpenZeppelin-Ownable
0xabc4b078fbc110161b194ad618d0c8ebb6325c34,arbitrum,Behavioral confirmation: bot 0x3034d049959675f6448a4b20aa3639ca6a34c4ce trapped in tx b8526b4868327469ace47048957ec1499e,bytecode_pattern,0xe5aa0582c701f32fe256a2ed3944faa0def8c048,True,False,,,,,,,,,,,,,NEEDS_REVIEW,0,False,,0,0,,behavioral,0,NEEDS_REVIEW,,0,0,84574,25,0.621,STILL_AMBIGUOUS,"interactors=25, tx=84574, revert=62.1%, source_chars=0, verified=False"
0x7670f1b896df2e03b37ccf428bf8a6035e3d33ab,arbitrum,Behavioral confirmation: bot 0x7ad40b4366a872d4e78bd880755a52a1bddece09 trapped in tx e09f61c3e319019c3b614b414471b06dc6,bytecode_pattern,0x10dcf6b629738e51d5bf485f692213036065db05,True,False,,,,,,,,,,,,,NEEDS_REVIEW,0,False,,0,0,,behavioral,0,NEEDS_REVIEW,,0,0,820,91,0.001,LIKELY_FP_FROM_ACTIVITY,"diverse activity: 91 interactors, 820 txs, 0.1% revert"
0xa9803c0653c7012dea0345fcf9536e317616be7e,base,Behavioral confirmation: bot 0xb53b0255895c4f9e3a185e484e5b674bccfbc076 trapped in tx 376b83297f3c78ff5362b982c81e5f7cb9,bytecode_pattern,0x3de1ee900c7681d4b41d4a58cec171eb9fe3ebde,True,False,,,,,,,,,,,,,NEEDS_REVIEW,0,False,,0,0,,behavioral,0,NEEDS_REVIEW,,0,0,1,1,1.000,LIKELY_TP_FROM_LOW_ACTIVITY,"sparse activity: 1 interactors, 1 txs — consistent with narrow honeypot"
0xbb2d213f794a56ae179797dd144021f35200a319,base,Behavioral confirmation: bot 0x45dbcc9c3fea566e27d787f6a9937879cad879eb trapped in tx de7e3a037557789a9228187286f995e595,bytecode_pattern,0x557f20acc7a09837347c98bcfc2d67eeb5a2145e,True,False,,,,,,,,,,,,,NEEDS_REVIEW,0,False,,0,0,,behavioral,0,NEEDS_REVIEW,,0,0,76,30,0.184,STILL_AMBIGUOUS,"interactors=30, tx=76, revert=18.4%, source_chars=0, verified=False"
0x90eee7c0d6d0125daab3b9193873b1be698dc736,base,Behavioral confirmation: bot 0xbfa523fc64a8dea81d6193752a371e0325417d82 trapped in tx d99aad4c9b0b4ea7175d4cb03e9b84468b,bytecode_pattern,0x75cf7751773c7f614dabd6dfc3e6325c405bb29b,True,False,,,,,,,,,,,,,NEEDS_REVIEW,0,False,,0,0,,behavioral,0,NEEDS_REVIEW,,0,0,167,1,1.000,STILL_AMBIGUOUS,"interactors=1, tx=167, revert=100.0%, source_chars=0, verified=False"
0x346434dbb1dfd0d941ab0805cfa7b6d65c927ab0,base,Behavioral confirmation: bot 0x45af412e42f417c02f621ad4557f6e7af7c032cb trapped in tx 4ca4967611607af28ecf48603e5ec427ca,bytecode_pattern,0x88cb5ca56409fa1eff749d924950aff33ac3f0c5,True,False,,,,,,,,,,,,,NEEDS_REVIEW,0,False,,0,0,,behavioral,0,NEEDS_REVIEW,,0,0,24,11,0.042,STILL_AMBIGUOUS,"interactors=11, tx=24, revert=4.2%, source_chars=0, verified=False"
0xdd382c873af6fb34536e42836eac5e9a4df5e1e6,base,Behavioral confirmation: bot 0x43f6950843b65826212bcb1e659e56a103878ce9 trapped in tx f90e5fbdd8e2e4c7f7374ab21741980868,bytecode_pattern,0x0ccdc4ee0dd0ea232e3d86d0fe6eb28cec38613c,True,False,,,,,,,,,,,,,NEEDS_REVIEW,0,False,,0,0,,behavioral,0,NEEDS_REVIEW,,0,0,57,2,0.018,STILL_AMBIGUOUS,"interactors=2, tx=57, revert=1.8%, source_chars=0, verified=False"
0xe8a184dd014d3f9f4aa8af8b2a03d7077dcc3cab,arbitrum,BACKFILL: Self-loop detected. Deployer 0xb4a3c10c0b2f14e001c6d3b271a5c64c287472df called own contract 17496 times (17496,bytecode_pattern,0xb4a3c10c0b2f14e001c6d3b271a5c64c287472df,True,False,,,,,,,,,,,,,NEEDS_REVIEW,1,False,,0,0,,backfill,0,NEEDS_REVIEW,,0,0,17496,1,1.000,STILL_AMBIGUOUS,"interactors=1, tx=17496, revert=100.0%, source_chars=0, verified=False"
0xdd870cb1db09d566b1063f6ef68d0036aa187f91,arbitrum,Behavioral confirmation: bot 0x825656c21d9ab5deaaa9d6365ac3d92713762407 trapped in tx 3d984ad8f47697f8d9361182a3c2ef9aae,bytecode_pattern,0x3ce47c5d5059705f555bd36c9ff53bff92961d1f,True,False,,,,,,,,,,,,,NEEDS_REVIEW,1,False,,0,0,,behavioral,0,NEEDS_REVIEW,,0,0,3680,5,0.146,STILL_AMBIGUOUS,"interactors=5, tx=3680, revert=14.6%, source_chars=0, verified=False"
0x4c7c15c18d4d9d281b1bbe3dbb0ca80d8c6b3b39,arbitrum,Behavioral confirmation: bot 0x825656c21d9ab5deaaa9d6365ac3d92713762407 trapped in tx cd1220d890852c4ac08c3314c7619a6a13,bytecode_pattern,0x3ce47c5d5059705f555bd36c9ff53bff92961d1f,True,False,,,,,,,,,,,,,NEEDS_REVIEW,1,False,,0,0,,behavioral,0,NEEDS_REVIEW,,0,0,1065,1,0.013,STILL_AMBIGUOUS,"interactors=1, tx=1065, revert=1.3%, source_chars=0, verified=False"
0x4e4404334f74eddefc15848bcee936a2e42601ef,base,Behavioral confirmation: bot 0x29e90c48082b5cc84cfc47a3adf87e3f3f1d86e1 trapped in tx 6e533892af26d7d240fb80424c7badaa77,bytecode_pattern,0xf0e9286cfcb75c94ac19e99bcd93d814da55e304,True,False,,,,,,,,,,,,,NEEDS_REVIEW,0,False,,0,0,,behavioral,0,NEEDS_REVIEW,,0,0,44,2,0.841,STILL_AMBIGUOUS,"interactors=2, tx=44, revert=84.1%, source_chars=0, verified=False"
0x936fac98d8bc0bf90d4be5cd7049f659220d0786,arbitrum,Behavioral confirmation: bot 0x291fa47342eb0efb884f653bc94654e819a209ab trapped in tx bbf53041ffe32cef47291c377c4cac1370,bytecode_pattern,0xa5d55db6adb1bfa7462e136c302dc793bdb9d934,True,False,,,,,,,,,,,,,NEEDS_REVIEW,1,False,,0,0,,behavioral,0,NEEDS_REVIEW,,0,0,418,3,0.998,STILL_AMBIGUOUS,"interactors=3, tx=418, revert=99.8%, source_chars=0, verified=False"
0x3d509bb19b98a81d8e1d480eb49002d2af765200,base,Behavioral confirmation: bot 0x9059b0fbceef70d16d2ae9e8798f537a8f8792d9 trapped in tx f2094daabae63950b1960944eb36cf2a72,bytecode_pattern,0xc6b5079b78df9aa059ba0eb3c324901ad89e68c2,True,False,,,,,,,,,,,,,NEEDS_REVIEW,0,False,,0,0,,behavioral,0,NEEDS_REVIEW,,0,0,13,2,0.385,STILL_AMBIGUOUS,"interactors=2, tx=13, revert=38.5%, source_chars=0, verified=False"
0x2af641f46954e212b2dfbb8be42e88d4beceb522,base,Behavioral confirmation: bot 0x55c97664a161084f30f0eff9c981f47c5911ce71 trapped in tx bfa3f1de0e25115b74adc83fea5f85bc54,bytecode_pattern,0xcbbdd7814f14594008ca797c94a497ca6d11a236,True,False,,,,,,,,,,,,,NEEDS_REVIEW,0,False,,0,0,,behavioral,0,NEEDS_REVIEW,,0,0,14,4,0.286,STILL_AMBIGUOUS,"interactors=4, tx=14, revert=28.6%, source_chars=0, verified=False"
0x49f044ae0ff61b02dde8be7b07455cafefd1d9ea,arbitrum,Behavioral confirmation: bot 0xf3a8db4c165502e03cecac68d6c32887ecc6a416 trapped in tx caa4ff5bc00988ef3f853ab14e5e97036b,bytecode_pattern,0xe50bfa9148a16cf08f6d54c6942684cb688c4afd,True,True,ERC1967Proxy,,,,,,,,,,,,NEEDS_REVIEW,1,False,,0,0,,behavioral,0,NEEDS_REVIEW,,22868,0,859,10,0.008,STILL_AMBIGUOUS,"interactors=10, tx=859, revert=0.8%, source_chars=22868, verified=True"
0xbe0220f47a7cc8b45c190ea5aeeef79ea46f5bbb,arbitrum,Behavioral confirmation: bot 0xf3a8db4c165502e03cecac68d6c32887ecc6a416 trapped in tx 1efcd0d346435f68ad870f02f55ab8ada3,deployer_history,0xe50bfa9148a16cf08f6d54c6942684cb688c4afd,True,True,ERC1967Proxy,,,,,,,,,,,,NEEDS_REVIEW,1,False,,0,0,,behavioral,0,NEEDS_REVIEW,,22868,0,10,2,0.100,LIKELY_TP_FROM_LOW_ACTIVITY,"sparse activity: 2 interactors, 10 txs — consistent with narrow honeypot"
0x16d6148aa5b129ff118af66e5bd60b30503fd7a4,base,BACKFILL: Self-loop detected. Deployer 0x292052ed5c1fadc712e03afa78d19582a1c31033 called own contract 2646 times (2381 r,bytecode_pattern,0x292052ed5c1fadc712e03afa78d19582a1c31033,True,False,,,,,,,,,,,,,NEEDS_REVIEW,1,False,,0,0,,backfill,0,NEEDS_REVIEW,,0,0,2648,1,0.899,STILL_AMBIGUOUS,"interactors=1, tx=2648, revert=89.9%, source_chars=0, verified=False"
0x57b8743b4828a096ca88fe781a5b931562621957,base,Behavioral confirmation: bot 0x3d4ff7ea9316231e273e432e31858d8c6ccb2c52 trapped in tx 26641d2a3444c4bd595478e500555eb54a,bytecode_pattern,0xd488a0fedf566d5dcad45d9e32146a687ed8c63f,True,False,,,,,,,,,,,,,NEEDS_REVIEW,0,False,,0,0,,behavioral,0,NEEDS_REVIEW,,0,0,160,5,0.013,STILL_AMBIGUOUS,"interactors=5, tx=160, revert=1.2%, source_chars=0, verified=False"
0x65d240dd9aa9280dcfb4a5648de8c0668a854e1b,base,Behavioral confirmation: bot 0x0079c7033b3549fea5cedcece817dffaab813a47 trapped in tx 50560d85c5400d58682a322a1719c91376,bytecode_pattern,0xeb99a27ad482534fbf40213d6714e130a43db0d8,True,False,,,,,,,,,,,,,NEEDS_REVIEW,0,False,,0,0,,behavioral,0,NEEDS_REVIEW,,0,0,17,3,0.118,STILL_AMBIGUOUS,"interactors=3, tx=17, revert=11.8%, source_chars=0, verified=False"
0x9c9a813cb298b64b0de4cd7694847768108ba08a,base,Behavioral confirmation: bot 0x972439d56a1d5e6e9e8cc2426570e3a59487592d trapped in tx 5c10529c45d25e5809e4ba8f3b01f8a66b,bytecode_pattern,0x776babc8e89093e3766e051462231e5287ad937e,True,False,,,,,,,,,,,,,NEEDS_REVIEW,0,False,,0,0,,behavioral,0,NEEDS_REVIEW,,0,0,9,3,0.889,LIKELY_TP_FROM_LOW_ACTIVITY,"sparse activity: 3 interactors, 9 txs — consistent with narrow honeypot"
0xc607c5825b6cf049ce719bd62bf4cbbc08e88ef1,base,Behavioral confirmation: bot 0xd0c631b44f0b72384e07a8879fcba8f02044f5d7 trapped in tx 567448458e30b67d5e2c55a94abb2c7cdd,bytecode_pattern,0xdb9cb53ca5142df68b341e48353feb9102d93e0e,True,False,,,,,,,,,,,,,NEEDS_REVIEW,0,False,,0,0,,behavioral,0,NEEDS_REVIEW,,0,0,60,2,0.033,STILL_AMBIGUOUS,"interactors=2, tx=60, revert=3.3%, source_chars=0, verified=False"
0x984b9b7f36788cb9be6241a604de5eb18a5f1b50,base,Behavioral confirmation: bot 0x9c6c9d3a5d7b6b84b95f9181c24a3716d00e51b2 trapped in tx 631b681b5e1bedb27add2bd1a289d1d8e1,bytecode_pattern,0x0d59a3b2e7eebe22ab5445130dacf18447a191bb,True,True,Token,,,,Unitas,UP,ERC-20,3,,,,,NEEDS_REVIEW,0,False,,0,0,,behavioral,0,STILL_NEEDS_REVIEW,,6824,0,12,9,0.083,STILL_AMBIGUOUS,"interactors=9, tx=12, revert=8.3%, source_chars=6824, verified=True"
0x079f2730a9fb172bed53d76f38248f299d05f43e,base,Behavioral confirmation: bot 0xbee480bc0f88b350c428e18ef371685935f1dbbc trapped in tx ab785150da540539f6b45aca259e04473d,deployer_history,0x396b612e9484148db1d22e49c9d501bfbe98e5e1,True,True,ExecutionWalletFactory,,,,,,,,,,,,NEEDS_REVIEW,0,False,,0,0,,behavioral,0,NEEDS_REVIEW,ERC20-interface|OpenZeppelin|OpenZeppelin-ERC20,50712,0,10,1,0.300,LIKELY_FP_FROM_SOURCE,"verified source matches: ERC20-interface, OpenZeppelin, OpenZeppelin-ERC20"
0x9836dac3bd474b51a7c428fc0caa14e77fc41024,arbitrum,Behavioral confirmation: bot 0x69ab884ba714dd462da25fb531a5f61d0dbef2c8 trapped in tx 2d22e5e41eb172f30d8b30ece975d0d88b,bytecode_pattern,0x26e7e7c509584ab8934db7e86f6ff454deffcca0,True,False,,,,,,,,,,,,,NEEDS_REVIEW,1,False,,0,0,,behavioral,0,NEEDS_REVIEW,,0,0,1241,2,0.732,STILL_AMBIGUOUS,"interactors=2, tx=1241, revert=73.2%, source_chars=0, verified=False"
0xc3e4cc4039275582684b6ecb7b57945a0501d78a,base,Behavioral confirmation: bot 0x5300cf6102e9763b2e43b519530574e9d20c188d trapped in tx 80da8c92f9f477cd34cea6160f0582f21e,bytecode_pattern,0xa3099587930a877e75ff4084c7b22505b72c2eca,True,False,,,,,,,,,,,,,NEEDS_REVIEW,1,False,,0,0,,behavioral,0,NEEDS_REVIEW,,0,0,78131,11,0.360,STILL_AMBIGUOUS,"interactors=11, tx=78131, revert=36.0%, source_chars=0, verified=False"
0x3ec5ce6187f1e3c5bb28edad3f52511d224350f4,base,Behavioral confirmation: bot 0x495fc776766df0ef9171654117f7488cd3a2f75d trapped in tx d616a32701195fdbd52370c2014caabd6d,deployer_history,0xf9b20e4c6b33451d476d428861c0c1a605bfcb8d,True,True,YieldDrip,,,,,,,,,,,,NEEDS_REVIEW,1,False,,0,0,,behavioral,0,NEEDS_REVIEW,ERC20-interface|OpenZeppelin|OpenZeppelin-AccessControl|OpenZeppelin-ERC20|OpenZeppelin-UUPS,321595,1,1,1,1.000,LIKELY_FP_FROM_SOURCE,"verified source matches: ERC20-interface, OpenZeppelin, OpenZeppelin-AccessControl, OpenZeppelin-ERC20, OpenZeppelin-UUPS"
0x030c2b28f54351bc9d59b157ee92f4dc119dd3c8,base,Behavioral confirmation: bot 0xf3b5e21b1916af651278666a18128b8245b7ead4 trapped in tx 15db8fd2f38fb88d985135723aa7a87e4c,deployer_history,0xf9b20e4c6b33451d476d428861c0c1a605bfcb8d,True,False,,,,,,,,,,,,,NEEDS_REVIEW,1,False,,0,0,,behavioral,0,NEEDS_REVIEW,,0,1,1077,26,0.006,LIKELY_FP_FROM_CLUSTER,deployer has 1 other LIKELY_FP contract(s) in Phase A — siblings likely legitimate
0x13e3baa5cc29bb440cf1df7571c85efd7f56d212,base,Behavioral confirmation: bot 0x0c12d751b58345a346eb1d9862c084dc4190472e trapped in tx 3525759802768fa989eb95f7a192a07d58,deployer_history,0xb2d120663815c9697176588b70bc534a6a79cf4e,True,False,,,,,,,,,,,,,NEEDS_REVIEW,0,False,,0,0,,behavioral,0,NEEDS_REVIEW,,0,0,18,3,1.000,STILL_AMBIGUOUS,"interactors=3, tx=18, revert=100.0%, source_chars=0, verified=False"
0xaea35da368456e96ea7bc83713538ad9c1247c0b,base,Behavioral confirmation: bot 0xc119931019304f3fd3008970be3c35ac6be18fda trapped in tx 24fa86816ba2241d497b896de53353de30,bytecode_pattern,0xb723fa2c04ecb71515a71e2cb7268c58d25e1715,True,True,LimitlessDataStreamsOracleV2,,,,,,,,,,,,NEEDS_REVIEW,0,False,,0,0,,behavioral,0,NEEDS_REVIEW,ERC20-interface|OpenZeppelin|OpenZeppelin-AccessControl|OpenZeppelin-ERC20,74995,0,47325,11,0.012,LIKELY_FP_FROM_SOURCE,"verified source matches: ERC20-interface, OpenZeppelin, OpenZeppelin-AccessControl, OpenZeppelin-ERC20"
0xd65e0d3cca73ddf9a48369197c5d3ce08c8f799d,arbitrum,Behavioral confirmation: bot 0x69ab884ba714dd462da25fb531a5f61d0dbef2c8 trapped in tx ff98af4b6e3b7502edcdbd7887604eb84f,bytecode_pattern,0x26e7e7c509584ab8934db7e86f6ff454deffcca0,True,False,,,,,,,,,,,,,NEEDS_REVIEW,1,False,,0,0,,behavioral,0,NEEDS_REVIEW,,0,0,1195,2,0.077,STILL_AMBIGUOUS,"interactors=2, tx=1195, revert=7.7%, source_chars=0, verified=False"
0x58ddf77a329ccbe2f4c2114c64ed9e12ec8a1356,optimism,Behavioral confirmation: bot 0xe13bcc0b18642e6102c734febe1e50d855dfd0e6 trapped in tx 2e96cf1472596883a9609ba610430e5a5c,deployer_history,0xdbe51af4ad8e38ce3fc6813a177f769cb6ab2e52,True,True,TransparentUpgradeableProxy,,,,,,,,,,,,NEEDS_REVIEW,0,False,,0,0,,behavioral,0,NEEDS_REVIEW,,32835,0,9,1,0.111,LIKELY_TP_FROM_LOW_ACTIVITY,"sparse activity: 1 interactors, 9 txs — consistent with narrow honeypot"
0x8def65c3829e23f2f2e4d3aef325666b9495f597,base,Behavioral confirmation: bot 0xd942db63cf0795edff8991ef1022c5a1dcc953f4 trapped in tx cfbbf5c6158a5e52fce6533957d663215a,bytecode_pattern,0x3fe7503f4d840dc12c871cae0b85f7747c41ce58,True,False,,,,,,,,,,,,,NEEDS_REVIEW,0,False,,0,0,,behavioral,0,NEEDS_REVIEW,,0,0,24,3,0.125,STILL_AMBIGUOUS,"interactors=3, tx=24, revert=12.5%, source_chars=0, verified=False"
0xa4d4e29f5a3d06344724bc6006328643225ad5a0,base,BACKFILL: Self-loop detected. Deployer 0x292052ed5c1fadc712e03afa78d19582a1c31033 called own contract 571 times (567 rev,bytecode_pattern,0x292052ed5c1fadc712e03afa78d19582a1c31033,True,False,,,,,,,,,,,,,NEEDS_REVIEW,1,False,,0,0,,backfill,0,NEEDS_REVIEW,,0,0,572,1,0.991,STILL_AMBIGUOUS,"interactors=1, tx=572, revert=99.1%, source_chars=0, verified=False"
0xfa1db59dd8473d8c5ff343c27418c5ebfaed1222,arbitrum,Behavioral confirmation: bot 0xf07c73a94c3426c8bc41559cbefb20549427563d trapped in tx 949906a27969df86b9d6efe379c3759e77,bytecode_pattern,0x2c00cbd0667f791472c2caeb2d42d091141ec79c,True,False,,,,,,,,,,,,,NEEDS_REVIEW,0,False,,0,0,,behavioral,0,NEEDS_REVIEW,,0,0,11,2,0.818,STILL_AMBIGUOUS,"interactors=2, tx=11, revert=81.8%, source_chars=0, verified=False"
0x1871cf0defcd1df02e2315f2057dd457ae5dac2f,base,Behavioral confirmation: bot 0x143af2fb7674f1d7a851c5528a933add80574e87 trapped in tx 2a90b479b339f0f3032303c29b798081e0,bytecode_pattern,0x630f9e176ca321f5f0e7b230cb7f035fd3a5014a,True,False,,,,,,,,,,,,,NEEDS_REVIEW,1,False,,0,0,,behavioral,0,NEEDS_REVIEW,,0,0,390,2,0.895,STILL_AMBIGUOUS,"interactors=2, tx=390, revert=89.5%, source_chars=0, verified=False"
0x5427218e80f9db41a58d9d4bf380b1b404bea2fa,base,Behavioral confirmation: bot 0xdc9bcd2ad382d0a84ee51d6501bee8ca4525612f trapped in tx c179e59712fe1b258cb98c5bf0a29ac272,bytecode_pattern,0xa59bf63c94a527ae5f245ffdc91893f85a4e6db3,True,True,TieredDutilSale,,,,,,,,,,,,NEEDS_REVIEW,0,False,,0,0,,behavioral,0,NEEDS_REVIEW,OpenZeppelin|OpenZeppelin-Ownable,22445,0,6,2,0.167,LIKELY_FP_FROM_SOURCE,"verified source matches: OpenZeppelin, OpenZeppelin-Ownable"
0x8d9b510dcd56e40e6a3fb575db909b077b9ac9f1,base,Behavioral confirmation: bot 0x19b44aadd16306024ad94892cb93ea558436204e trapped in tx d6c05b97a119b7e683a0f975eac4f9d657,bytecode_pattern,0xa2222149ec9ec132b6570a4f7bb05dd3aed9d790,True,False,,,,,,,,,,,,,NEEDS_REVIEW,1,False,,0,0,,behavioral,0,NEEDS_REVIEW,,0,0,25,3,0.200,STILL_AMBIGUOUS,"interactors=3, tx=25, revert=20.0%, source_chars=0, verified=False"
0x59a00ccc149d42f6e7a5569f05058e3de5452672,base,Self-loop: deployer 0xd62dbb5454ce47a89849ef107efdf07f36540e3f called own contract in reverted tx at block 44631483 (BOT,bytecode_pattern,0xd62dbb5454ce47a89849ef107efdf07f36540e3f,True,False,,,,,,,,,,,,,NEEDS_REVIEW,1,False,,0,0,,self_loop,0,NEEDS_REVIEW,,0,0,80,1,1.000,STILL_AMBIGUOUS,"interactors=1, tx=80, revert=100.0%, source_chars=0, verified=False"
0x839ddfe8b6e64fec6061aa9edf6a840ae1631a4c,base,Behavioral confirmation: bot 0x1a1d939b2ee78756d81e6ad1638911bc8eaf63be trapped in tx fbc5534d7497fe07d4880fc1613c738eb8,bytecode_pattern,0x0c12d751b58345a346eb1d9862c084dc4190472e,True,False,,,,,,,,,,,,,NEEDS_REVIEW,0,False,,0,0,,behavioral,0,NEEDS_REVIEW,,0,0,5,2,1.000,LIKELY_TP_FROM_LOW_ACTIVITY,"sparse activity: 2 interactors, 5 txs — consistent with narrow honeypot"
0x73821fe90de95d972e2ced04b534a255217a1bb1,base,Behavioral confirmation: bot 0x1a1d939b2ee78756d81e6ad1638911bc8eaf63be trapped in tx 7dd99ea79c3b9877998a06ac374ef84677,bytecode_pattern,0x83418055953027abe8534f5432167a21882f94a9,True,False,,,,,,,,,,,,,NEEDS_REVIEW,0,False,,0,0,,behavioral,0,NEEDS_REVIEW,,0,0,5,2,0.200,LIKELY_TP_FROM_LOW_ACTIVITY,"sparse activity: 2 interactors, 5 txs — consistent with narrow honeypot"
0x8321d7e55e4a9b0c1c33fd8de73c25e65db32e17,base,Behavioral confirmation: bot 0x5d86a6f0f8e87e6f273389e2d3fa0b5d37fba6d2 trapped in tx ede9fc736fcc6a66fd3ac17db060922165,bytecode_pattern,0x99c6660b311da63a0d748da6720bf127a5ce5795,True,False,,,,,,,,,,,,,NEEDS_REVIEW,0,False,,0,0,,behavioral,0,NEEDS_REVIEW,,0,0,226844,4274,0.002,LIKELY_FP_FROM_ACTIVITY,"diverse activity: 4274 interactors, 226844 txs, 0.2% revert"
0x9cece7fb2956629eb10f287cf2be925e345d67c5,optimism,Self-loop: deployer 0xaeb32c05d15063fe44eae0d70fc08eac6d429fa6 called own contract in reverted tx at block 150196218 (BO,bytecode_pattern,0xaeb32c05d15063fe44eae0d70fc08eac6d429fa6,True,False,,,,,,,,,,,,,NEEDS_REVIEW,1,False,,0,0,,self_loop,0,NEEDS_REVIEW,,0,0,39,1,1.000,STILL_AMBIGUOUS,"interactors=1, tx=39, revert=100.0%, source_chars=0, verified=False"
0x2059ca55a0fe74985b26ee7ffc47582476ce2863,base,Self-loop: deployer 0xaeb32c05d15063fe44eae0d70fc08eac6d429fa6 called own contract in reverted tx at block 44600993 (BOT,bytecode_pattern,0xaeb32c05d15063fe44eae0d70fc08eac6d429fa6,True,False,,,,,,,,,,,,,NEEDS_REVIEW,1,False,,0,0,,self_loop,0,NEEDS_REVIEW,,0,0,41,1,1.000,STILL_AMBIGUOUS,"interactors=1, tx=41, revert=100.0%, source_chars=0, verified=False"
0x8bbabf24694f9e6c1de8bf076aade78b023af8fd,base,Behavioral confirmation: bot 0x7eb63b6dbcdc5adea1cb21340c2f028aaa0a373b trapped in tx 3b8a3dc485d3cf11610741442632e49222,bytecode_pattern,0x0bb14c2b85901310d4c64806f8a25338286a4ab6,True,False,,,,,,,,,,,,,NEEDS_REVIEW,0,False,,0,0,,behavioral,0,NEEDS_REVIEW,,0,0,167,2,0.329,STILL_AMBIGUOUS,"interactors=2, tx=167, revert=32.9%, source_chars=0, verified=False"
0x1213328b55003d0d85d1300f5f79928d6632d4a0,base,Behavioral confirmation: bot 0x1a1d939b2ee78756d81e6ad1638911bc8eaf63be trapped in tx ef7c58bc8c419faf36133c2d0a4d75e069,bytecode_pattern,0x19e21180fef7a99a43fd9a4aa61a3d6316ab5eee,True,False,BUIDL Build,,,,BUIDL Build,BUILD,ERC-721,0,,,,,NEEDS_REVIEW,0,False,,0,0,,behavioral,0,NEEDS_REVIEW,,0,0,12,3,0.500,STILL_AMBIGUOUS,"interactors=3, tx=12, revert=50.0%, source_chars=0, verified=False"
0x0c7c9d142cbcd81e22fb3af2c6368372f28d5f4b,arbitrum,Behavioral confirmation: bot 0x1cd45d09b0254e714ca50665f5f1655ec3a76a7c trapped in tx 94f9ab400483c0df0620472c82f4ef269b,bytecode_pattern,0x596cb11f0cc64cb24ab11ac5eab5ee7e32de74b1,True,False,,,,,,,,,,,,,NEEDS_REVIEW,0,False,,0,0,,behavioral,0,NEEDS_REVIEW,,0,0,1705,10,0.960,LIKELY_TP_FROM_REVERT_PROFILE,"10 interactors, 96.0% revert rate — trap signature"
0xca8a097f627ef41be12ebf7433f5b6b8a114d77b,base,Behavioral confirmation: bot 0xc64f67bd1dd685e09f65e5d32c1de7c1ebf55320 trapped in tx 8676bcbefda65f82811ddb31136f3a99d0,deployer_history,0x0a2c3a5b964658eac71819778a9429f1dd3071c2,True,False,,,,,,,,,,,,,NEEDS_REVIEW,0,False,,0,0,,behavioral,0,NEEDS_REVIEW,,0,0,98,8,0.337,STILL_AMBIGUOUS,"interactors=8, tx=98, revert=33.7%, source_chars=0, verified=False"
0xe360f1622571092a966ead8463301c17c991c352,base,Behavioral confirmation: bot 0x19b44aadd16306024ad94892cb93ea558436204e trapped in tx 87b2180cc342cdea61c56f7d1cfa337fb5,bytecode_pattern,0xa2222149ec9ec132b6570a4f7bb05dd3aed9d790,True,False,,,,,,,,,,,,,NEEDS_REVIEW,1,False,,0,0,,behavioral,0,NEEDS_REVIEW,,0,0,170,4,0.076,STILL_AMBIGUOUS,"interactors=4, tx=170, revert=7.6%, source_chars=0, verified=False"
0xc96544b95dfe4f4f0d5744cca704e2e1b11dd9b7,arbitrum,Behavioral confirmation: bot 0x8ba99de89475507ae0137c64b066b34735cc9270 trapped in tx d194bcce1fb500808ba4ecaee38b2625b6,bytecode_pattern,0x809088835c4cf6a1af0de599da08ff355a9723db,True,False,,,,,,,,,,,,,NEEDS_REVIEW,0,False,,0,0,,behavioral,0,NEEDS_REVIEW,,0,0,7,3,1.000,LIKELY_TP_FROM_LOW_ACTIVITY,"sparse activity: 3 interactors, 7 txs — consistent with narrow honeypot"
0x3f302248214281d18ddfb4d55b264a1a4eddc4b1,base,Behavioral confirmation: bot 0x1a1d939b2ee78756d81e6ad1638911bc8eaf63be trapped in tx ca72f561dbb7dc8872a54ab83baf5b86cf,bytecode_pattern,0x85589fb42b811773d5826cf270dd6c477c57ad6b,True,True,Token,,,,OneFootball Credits,OFC,ERC-20,0,,,,,NEEDS_REVIEW,0,False,,0,0,,behavioral,0,STILL_NEEDS_REVIEW,,6824,0,9,8,0.111,STILL_AMBIGUOUS,"interactors=8, tx=9, revert=11.1%, source_chars=6824, verified=True"
0xd5d637c15b54ebbf9d17136d956d3715986663ae,base,Behavioral confirmation: bot 0x1a1d939b2ee78756d81e6ad1638911bc8eaf63be trapped in tx 85cc6678fa3b63d879bd4d62e2ab45afa3,deployer_history,0x7d501ac2f75b01e132e667f124be8acf1ce546d4,True,False,,,,,,,,,,,,,NEEDS_REVIEW,0,False,,0,0,,behavioral,0,NEEDS_REVIEW,,0,0,6,1,1.000,LIKELY_TP_FROM_LOW_ACTIVITY,"sparse activity: 1 interactors, 6 txs — consistent with narrow honeypot"
0xdecc8d7de2777ae4f8c37e3758d9eee09dcf38fd,base,Behavioral confirmation: bot 0x1a1d939b2ee78756d81e6ad1638911bc8eaf63be trapped in tx d1c72544e15e02da9d763954f4a4eab11e,bytecode_pattern,0x41be5900c4c4a8772c99b0cd78c21a3f68b81f5e,True,True,Token,,,,MOONDOGE (moondoge.world),MOONDOGE,ERC-20,1,,,,,NEEDS_REVIEW,0,False,,0,0,,behavioral,0,STILL_NEEDS_REVIEW,,6824,0,8,6,0.125,STILL_AMBIGUOUS,"interactors=6, tx=8, revert=12.5%, source_chars=6824, verified=True"
0x2f805fba291b1e9467643a39ded67228091995f3,base,Behavioral confirmation: bot 0x1a1d939b2ee78756d81e6ad1638911bc8eaf63be trapped in tx 4cdaced33aef35fce64a6b0c3bc1f7372f,bytecode_pattern,0x113a11e4a81a62cc3dba760d3dffa7cb0bacfb8b,True,False,,,,,,,,,,,,,NEEDS_REVIEW,0,False,,0,0,,behavioral,0,NEEDS_REVIEW,,0,0,13,2,0.923,STILL_AMBIGUOUS,"interactors=2, tx=13, revert=92.3%, source_chars=0, verified=False"
0x2c259d3015dbfa25bfee72baf91f23b3591a593a,base,Behavioral confirmation: bot 0x1a1d939b2ee78756d81e6ad1638911bc8eaf63be trapped in tx 63600462f4861726b04cb6e9a03f6951b9,bytecode_pattern,0x4ec24ee62af3374ccba3365af44d98b01edb5de3,True,True,Token,,,,iShares MSCI Japan ETF (Derivatives),EWJ,ERC-20,2,,,,,NEEDS_REVIEW,0,False,,0,0,,behavioral,0,STILL_NEEDS_REVIEW,,6824,0,5,4,0.200,STILL_AMBIGUOUS,"interactors=4, tx=5, revert=20.0%, source_chars=6824, verified=True"
0xaeac0e69f6d2f6d88149cdca003c1689c9ed9eb8,base,Behavioral confirmation: bot 0x1a1d939b2ee78756d81e6ad1638911bc8eaf63be trapped in tx 42ae8eeb1986172c636a81484314e29b83,bytecode_pattern,0x4cb2c0b892c6d618976e35f52903cb63d08e526d,True,True,EVMToken,,,,Laser Eagle,🦅LSEG,ERC-20,2,,,,,NEEDS_REVIEW,0,False,,0,0,,behavioral,0,STILL_NEEDS_REVIEW,ERC20-interface,18234,0,6,3,0.167,LIKELY_FP_FROM_SOURCE,verified source matches: ERC20-interface
0xa4c738f7389c3d7eceb7e000f2f820814591a100,base,Behavioral confirmation: bot 0xcffdfadd06b92880603dcca5fdfab4aa4cd04330 trapped in tx 52c0a28851e37ce8811fd0e7750eddef01,bytecode_pattern,0x614737b68f3b7fa65a165c4057c2412d4a3a9271,True,False,,,,,,,,,,,,,NEEDS_REVIEW,0,False,,0,0,,behavioral,0,NEEDS_REVIEW,,0,0,15,2,0.133,STILL_AMBIGUOUS,"interactors=2, tx=15, revert=13.3%, source_chars=0, verified=False"
0xcce968d27657ad0d80defb48d71867b687656a43,base,Behavioral confirmation: bot 0x1a1d939b2ee78756d81e6ad1638911bc8eaf63be trapped in tx d1ffdaa3c603cee42fa7c4c37c521a24fc,bytecode_pattern,0xf79156018e66177d7ef2a597c5ab31eb11e96c1a,True,True,Token,,,,BurnDog,BDOG,ERC-20,1,,,,,NEEDS_REVIEW,0,False,,0,0,,behavioral,0,STILL_NEEDS_REVIEW,,6824,0,11,7,0.273,STILL_AMBIGUOUS,"interactors=7, tx=11, revert=27.3%, source_chars=6824, verified=True"
0xfed9c78371a2694683eac531b1df5bdb59e929c2,base,Behavioral confirmation: bot 0x1a1d939b2ee78756d81e6ad1638911bc8eaf63be trapped in tx 8c198f7c8a5c743e576303998f52d717a7,bytecode_pattern,0xecc43de40c635d8978b9ac3691b1026e8c400d82,True,True,Token,,,,龙虾 (Lobster),龙虾,ERC-20,2,,,,,NEEDS_REVIEW,0,False,,0,0,,behavioral,0,STILL_NEEDS_REVIEW,,6824,0,12,8,0.250,STILL_AMBIGUOUS,"interactors=8, tx=12, revert=25.0%, source_chars=6824, verified=True"
0x9b736073160f42714b9988f1e76680ddf77f29d8,base,Behavioral confirmation: bot 0x1a1d939b2ee78756d81e6ad1638911bc8eaf63be trapped in tx ca75f6c3d1f5fbef352e707ca0d2a51840,bytecode_pattern,0xee5787409286bd7c515909ef33e221489d0754da,True,False,,,,,,,,,,,,,NEEDS_REVIEW,0,False,,0,0,,behavioral,0,NEEDS_REVIEW,,0,0,27,2,0.148,STILL_AMBIGUOUS,"interactors=2, tx=27, revert=14.8%, source_chars=0, verified=False"
0xabbd8748acc1ca2abc3fa5933efe2cb1cdf7b8f1,arbitrum,Behavioral confirmation: bot 0xcd20fe6e10838d8aec242e0438a65c3d704d3e3d trapped in tx 43ebbad52102fcdeed0a9ef3c39ff24374,deployer_history,0xc5d133296e17ba25df0409a6c31607bf3b78e3e3,True,False,,,,,,,,,,,,,NEEDS_REVIEW,2,False,,0,0,,behavioral,1,NEEDS_REVIEW,,0,0,97,2,0.010,STILL_AMBIGUOUS,"interactors=2, tx=97, revert=1.0%, source_chars=0, verified=False"
0x1bd9cf0b94163dc274ba17e87291ba8a85226e11,base,Behavioral confirmation: bot 0xc67179e6eaeadca028a83e0994bccd052546c07d trapped in tx 9a244b07ed80c8badc8c0b7abb92822975,bytecode_pattern,0x7631326866e04b5c8e48c647b4ffaa56514b2e63,True,False,,,,,,,,,,,,,NEEDS_REVIEW,1,False,,0,0,,behavioral,0,NEEDS_REVIEW,,0,0,254,9,0.079,STILL_AMBIGUOUS,"interactors=9, tx=254, revert=7.9%, source_chars=0, verified=False"
0xfe05a509f58028fae7d4bc003c76edc8da625608,base,Behavioral confirmation: bot 0xead1c966522fd4f1258425b7562c70e15b5798ec trapped in tx cb7fbe3624d020bfb37b88386b243c82c5,bytecode_pattern,0x7631326866e04b5c8e48c647b4ffaa56514b2e63,True,True,SchellGame,,,,,,,,,,,,NEEDS_REVIEW,1,False,,0,0,,behavioral,0,NEEDS_REVIEW,ERC20-interface|OpenZeppelin|OpenZeppelin-ERC20|OpenZeppelin-Ownable,99808,0,46254,15,0.000,LIKELY_FP_FROM_SOURCE,"verified source matches: ERC20-interface, OpenZeppelin, OpenZeppelin-ERC20, OpenZeppelin-Ownable"
0xbe36d0e151f0c74a4719544e0792e7b01e2f3423,arbitrum,Behavioral confirmation: bot 0x325433c35ba663059db37087610c5194bc1f6865 trapped in tx e23d8d2cb283e2d41e86a3a11465e576e7,deployer_history,0x468c700a07f781016fc01f110f325c352edf7c98,True,False,,,,,,,,,,,,,NEEDS_REVIEW,0,False,,0,0,,behavioral,0,NEEDS_REVIEW,,0,0,7065,101,0.097,LIKELY_FP_FROM_ACTIVITY,"diverse activity: 101 interactors, 7065 txs, 9.7% revert"
0xf6f996663f1fc86fe18b4fb335860f034cf2070a,base,Behavioral confirmation: bot 0x52391ea6438480753c5ae18f726632f570fe0ae0 trapped in tx 40b0cb879313228862024d839d58dbf987,bytecode_pattern,0x2ce5ff20a54c736e98098b1f2b3f277f0d154bf5,True,False,EG,,,,EG,EG,ERC-20,93,,,,,NEEDS_REVIEW,0,False,,139,19,7.32,behavioral,0,NEEDS_REVIEW,,0,0,1976,148,0.002,LIKELY_FP_FROM_ACTIVITY,"diverse activity: 148 interactors, 1976 txs, 0.2% revert"
0xc0346da757aa1ffecf3f0a8350d2c5b0db7b6709,base,Behavioral confirmation: bot 0x7f2814ff3eab6ba5489f54e5b0b034b0d8463a5c trapped in tx ec346258f55c4eecc06f61c7bff5141b37,bytecode_pattern,0xde61fb59edbfa45be7a36bf8a054ff8af45ebe0f,True,True,MerkleDistributorWithDeadline,,,,,,,,,,,,NEEDS_REVIEW,0,False,,0,0,,behavioral,0,NEEDS_REVIEW,ERC20-interface|OpenZeppelin|OpenZeppelin-ERC20|OpenZeppelin-Ownable,52028,0,6,5,0.167,LIKELY_FP_FROM_SOURCE,"verified source matches: ERC20-interface, OpenZeppelin, OpenZeppelin-ERC20, OpenZeppelin-Ownable"
0x2bfd3710b4dbe6b62653920ec5ee7c0ec0ac8ba3,base,Self-loop: deployer 0xd62dbb5454ce47a89849ef107efdf07f36540e3f called own contract in reverted tx at block 44646859 (BOT,bytecode_pattern,0xd62dbb5454ce47a89849ef107efdf07f36540e3f,True,False,,,,,,,,,,,,,NEEDS_REVIEW,1,False,,0,0,,self_loop,0,NEEDS_REVIEW,,0,0,667,1,1.000,STILL_AMBIGUOUS,"interactors=1, tx=667, revert=100.0%, source_chars=0, verified=False"
0xa60ac54e18739f1c4681409383dcf881de3efabe,arbitrum,Behavioral confirmation: bot 0x6626735e51b34119f971d29241f2bbcded57cc78 trapped in tx 954c6b92f0d031df79fbc71c262210e663,deployer_history,0x00c2796b3ad3369d604e009d75204d7a15cc584b,True,True,Diamond,,,,,,,,,,,,NEEDS_REVIEW,1,False,,0,0,,behavioral,0,NEEDS_REVIEW,ERC20-interface|OpenZeppelin|OpenZeppelin-AccessControl|OpenZeppelin-ERC20|OpenZeppelin-Ownable,601955,0,214,7,0.079,LIKELY_FP_FROM_SOURCE,"verified source matches: ERC20-interface, OpenZeppelin, OpenZeppelin-AccessControl, OpenZeppelin-ERC20, OpenZeppelin-Ownable"
0xbb5a731b16ffde52555e3941c35015916d61998b,base,Behavioral confirmation: bot 0x3a02a29fd173ed251485515cd67f03942f7340ae trapped in tx 713dfddc878e5d3d441ea03aa9b06d4736,bytecode_pattern,0x856c01323906b21f42e6de7d81e07ac1e3f15083,True,False,,,,,,,,,,,,,NEEDS_REVIEW,0,False,,0,0,,behavioral,0,NEEDS_REVIEW,,0,0,42877,198,0.137,LIKELY_FP_FROM_ACTIVITY,"diverse activity: 198 interactors, 42877 txs, 13.7% revert"
0x3a10593bbe34ab4841e4350eececd616717e1707,base,Behavioral confirmation: bot 0x00000000c242f647fbb77a1a83829310eba5eb2f trapped in tx 5f3fbbe62451d794b1c2b0d066fd931758,bytecode_pattern,0x9ce9a03786d7cb54f2431d62cb979738f5946133,True,False,,,,,,,,,,,,,NEEDS_REVIEW,0,False,,0,0,,behavioral,0,NEEDS_REVIEW,,0,0,342441,48,0.725,STILL_AMBIGUOUS,"interactors=48, tx=342441, revert=72.5%, source_chars=0, verified=False"
0x28d89489d86373006466fdb5e736d21626dcc4b8,arbitrum,Behavioral confirmation: bot 0x343c3928d65920bf2001593e4d8d866db5f88888 trapped in tx 006fcd19202bbfc8833fadee11109377b4,bytecode_pattern,0x0c6a3bf950c60a7e77ad8380988af6ed234cc5a0,True,True,MEVExecutor,,,,,,,,,,,,NEEDS_REVIEW,0,False,,0,0,,behavioral,0,NEEDS_REVIEW,,4450,0,59,3,0.322,STILL_AMBIGUOUS,"interactors=3, tx=59, revert=32.2%, source_chars=4450, verified=True"
0xbc12b6d606fb53311290f38b76b4780f4324e41b,base,Behavioral confirmation: bot 0x213490a7c0e1681ad4239fbbe829994aeeecd193 trapped in tx 67e67da9893525142c1ed9c38ff41a8336,bytecode_pattern,0x021868f2e3d49c059ef52b539aaa933b437e0321,True,False,,,,,,,,,,,,,NEEDS_REVIEW,0,False,,0,0,,behavioral,0,NEEDS_REVIEW,,0,0,2,2,0.500,LIKELY_TP_FROM_LOW_ACTIVITY,"sparse activity: 2 interactors, 2 txs — consistent with narrow honeypot"
0xe9a4737fee728bf14e0c4c87ef25c2ab70d1296b,base,Behavioral confirmation: bot 0x64f2d8f82be4e7fae541ae674900fc6a2dc847fd trapped in tx ef22983ff5b27c46d246e27b90ed1d985b,deployer_history,0x495fb7ddd383be8030efc93324ff078f173eab2a,True,False,,,,,,,,,,,,,NEEDS_REVIEW,0,False,,0,0,,behavioral,0,NEEDS_REVIEW,,0,0,53,3,0.113,STILL_AMBIGUOUS,"interactors=3, tx=53, revert=11.3%, source_chars=0, verified=False"
0x471a499950b5b81dff82fdd8dd7627b6b4987fad,base,Behavioral confirmation: bot 0x65417a543a3de03c76616cbca45ce416a2a1dab1 trapped in tx 1b416fa1dc796cd0d992ea6f27d1183052,bytecode_pattern,0x980ddb04c54979b3ed23df4a7dbc7049b7d0d686,True,False,SOTA Deflat v2 (Base),,,,SOTA Deflat v2 (Base),SDEF2,ERC-20,5,,,,,NEEDS_REVIEW,0,False,,0,0,,behavioral,0,NEEDS_REVIEW,,0,0,327,10,0.046,STILL_AMBIGUOUS,"interactors=10, tx=327, revert=4.6%, source_chars=0, verified=False"
0x4f835c9f54bcf17daf9040f60cb72951ccbb49dd,base,Behavioral confirmation: bot 0xe35b01d8ea27cbc6e3b8f97ba7ce994e9739acf7 trapped in tx 38ad0fc4f54b04eb7bdd1ced935ad03b30,bytecode_pattern,0xf9572bdf7da594a8a92cc33142f0f053eb6ff03f,True,True,Robot Money USDC,,,,Robot Money USDC,rmUSDC,ERC-20,1,,,,,NEEDS_REVIEW,0,False,,0,0,,behavioral,0,STILL_NEEDS_REVIEW,ERC20-interface|OpenZeppelin|OpenZeppelin-AccessControl|OpenZeppelin-ERC20,195462,0,22,4,0.091,LIKELY_FP_FROM_SOURCE,"verified source matches: ERC20-interface, OpenZeppelin, OpenZeppelin-AccessControl, OpenZeppelin-ERC20"
0xded3a04612ff12b57317abe38e68026fc9d28114,arbitrum,Behavioral confirmation: bot 0x73b7e354685c0ef327fa51287a2589d6d64daae8 trapped in tx 5cd7f6eae357319da3b29787ae34fd81de,deployer_history,0xf456a36b04b0951cd19d6d8aa0c0b3b0a07f9ff2,True,True,TransparentUpgradeableProxy,,,,,,,,,,,,NEEDS_REVIEW,1,False,,0,0,,behavioral,0,NEEDS_REVIEW,OpenZeppelin-Ownable,35397,0,69,32,0.058,LIKELY_FP_FROM_SOURCE,verified source matches: OpenZeppelin-Ownable
0xc774f30484818f06a261a89a1d66367e6bbe3e5a,arbitrum,Behavioral confirmation: bot 0x14964d7ca5bbc0b534825499f876130256df44ff trapped in tx 9257e763c7577cc46bd6c82ce8b58ed300,deployer_history,0xf456a36b04b0951cd19d6d8aa0c0b3b0a07f9ff2,True,True,AlchemistRouter,,,,,,,,,,,,NEEDS_REVIEW,1,False,,0,0,,behavioral,0,NEEDS_REVIEW,ERC20-interface|OpenZeppelin|OpenZeppelin-ERC20,119140,0,66,25,0.015,LIKELY_FP_FROM_SOURCE,"verified source matches: ERC20-interface, OpenZeppelin, OpenZeppelin-ERC20"
0x2ba13dcef724ae14f1c508e1d4041ba32ae299a5,arbitrum,Behavioral confirmation: bot 0x88884606cebf8ca5b3dc82762ee48eed15888888 trapped in tx d3bf063154f123e493e934a158fc4bf2b6,bytecode_pattern,0x4f461e7f7691512419b791993ba716f6f3ead893,True,False,,,,,,,,,,,,,NEEDS_REVIEW,1,False,,0,0,,behavioral,0,NEEDS_REVIEW,,0,0,8,2,1.000,LIKELY_TP_FROM_LOW_ACTIVITY,"sparse activity: 2 interactors, 8 txs — consistent with narrow honeypot"
0x6d09a6c8c4ec207361bb7cbe18c37c94c053c740,arbitrum,Behavioral confirmation: bot 0xc1c17cd6bb99f1c7ac36cb058337d9826d84f5fa trapped in tx 5a4f7a814f86110abcb6c4ac33feb919c0,deployer_history,0xcadf9ebe57ce822cb4f2f36c514599f7b4f98154,True,False,,,,,,,,,,,,,NEEDS_REVIEW,1,False,,0,0,,behavioral,0,NEEDS_REVIEW,,0,0,1,1,1.000,LIKELY_TP_FROM_LOW_ACTIVITY,"sparse activity: 1 interactors, 1 txs — consistent with narrow honeypot"
0xcacb648149c3b4e407de1b141be8d5b5518b0f3e,base,Behavioral confirmation: bot 0x63e7bd3560efab6aad6c4305810e076f80c5027f trapped in tx a33678925354580f4686e4b13d47ab8e00,bytecode_pattern,0x32df289e1564c14a8b79c0a8d1c9c8a627d5e180,True,False,BitcoinHyper,,,,BitcoinHyper,HYPER,ERC-20,39,,,,,NEEDS_REVIEW,0,False,,1,1,1.00,behavioral,0,NEEDS_REVIEW,,0,0,8,3,0.125,LIKELY_TP_FROM_LOW_ACTIVITY,"sparse activity: 3 interactors, 8 txs — consistent with narrow honeypot"
0xc70f7d0dfe687ad9e5e2fcdd1faf0d5b175b81f9,base,Behavioral confirmation: bot 0xa9396e3fd5e18a09b285c6708f68444ecbcfcfa3 trapped in tx 6a471a025b6aa376c348ce5af79ac2ddba,bytecode_pattern,0x2c58f853b21becbf9abb59995c7ae33a6750bd0b,True,True,OracleTreasuryV17,,,,,,,,,,,,NEEDS_REVIEW,0,False,,0,0,,behavioral,0,NEEDS_REVIEW,,3043,0,4057,110,0.000,LIKELY_FP_FROM_ACTIVITY,"diverse activity: 110 interactors, 4057 txs, 0.0% revert"
0x71ee6e6315000feca89d1e4cc3ac31825db20171,base,Behavioral confirmation: bot 0xadaf6cdc16d2cf9976b8eca9100e02d93bccba5c trapped in tx 2c0a2662b6b96d01215a1220893df31395,bytecode_pattern,0x4d333ea3a1130ca2857899094709ac008cbab572,True,False,,,,,,,,,,,,,NEEDS_REVIEW,1,False,,0,0,,behavioral,0,NEEDS_REVIEW,,0,0,151554,14,1.000,LIKELY_TP_FROM_REVERT_PROFILE,"14 interactors, 100.0% revert rate — trap signature"
0x59eb70f7cd16f63a9e81aebe3dd10d4cfa4f0319,base,Behavioral confirmation: bot 0x8f079761078bdf2c8143b431857046586fc26f3a trapped in tx 27da1f9821f1ad44c84bd897d852b5a24c,deployer_history,0x0780b1456d5e60cf26c8cd6541b85e805c8c05f2,True,False,,,,,,,,,,,,,NEEDS_REVIEW,1,False,,0,0,,behavioral,0,NEEDS_REVIEW,,0,0,333,5,0.078,STILL_AMBIGUOUS,"interactors=5, tx=333, revert=7.8%, source_chars=0, verified=False"
0x01ef44f505188d4d65f22d46e175c30ef65aefaa,base,Behavioral confirmation: bot 0x40a2cf8301caa11e888b193038c21d2fd0f2b116 trapped in tx 8da7472c7a64f2786894f297f2961e29a2,bytecode_pattern,0x58b680c580fd68cd896d8466768c4e85011a7f5c,True,False,,,,,,,,,,,,,NEEDS_REVIEW,0,False,,0,0,,behavioral,0,NEEDS_REVIEW,,0,0,4,2,0.250,LIKELY_TP_FROM_LOW_ACTIVITY,"sparse activity: 2 interactors, 4 txs — consistent with narrow honeypot"
0x5b8ca3260ce325ac402beaed66eb06a617a12f6c,base,Behavioral confirmation: bot 0x18779e54787320ae9ab997f2ba3fc6e31d2a0ac1 trapped in tx 4619672f1616aece56b46a33ff99075147,bytecode_pattern,0xf6c99cec5bd639316a19d2f56afc14bd046d3a90,True,False,,,,,,,,,,,,,NEEDS_REVIEW,0,False,,0,0,,behavioral,0,NEEDS_REVIEW,,0,0,198,8,0.955,LIKELY_TP_FROM_REVERT_PROFILE,"8 interactors, 95.5% revert rate — trap signature"
0xb9d7d0db190df6fd115095a72ecce40501643c62,base,Self-loop: deployer 0x3e2dad35635f82a38fe8fabfe2c0003df68d6f60 called own contract in reverted tx at block 45080637 (BOT,bytecode_pattern,0x3e2dad35635f82a38fe8fabfe2c0003df68d6f60,True,False,,,,,,,,,,,,,NEEDS_REVIEW,1,False,,0,0,,self_loop,0,NEEDS_REVIEW,,0,0,298,1,0.554,STILL_AMBIGUOUS,"interactors=1, tx=298, revert=55.4%, source_chars=0, verified=False"
0xecd1e4ba1a16bdd1f5e285b960290a1b89f8dd98,arbitrum,Behavioral confirmation: bot 0xab4dae054bdd9b46f0d2568e180ace1f09b61b1f trapped in tx c8db57f98de93c57d212ebfbdc829deaba,deployer_history,0xe911f518449ba0011d84b047b4cde50daa081ec1,True,False,,,,,,,,,,,,,NEEDS_REVIEW,0,False,,0,0,,behavioral,0,NEEDS_REVIEW,,0,0,7,3,0.143,LIKELY_TP_FROM_LOW_ACTIVITY,"sparse activity: 3 interactors, 7 txs — consistent with narrow honeypot"
0x44cde1225a73426a045704ef22345e86e152302d,base,Self-loop: deployer 0x3e2dad35635f82a38fe8fabfe2c0003df68d6f60 called own contract in reverted tx at block 45061151 (BOT,bytecode_pattern,0x3e2dad35635f82a38fe8fabfe2c0003df68d6f60,True,False,,,,,,,,,,,,,NEEDS_REVIEW,1,False,,0,0,,self_loop,0,NEEDS_REVIEW,,0,0,208,1,1.000,STILL_AMBIGUOUS,"interactors=1, tx=208, revert=100.0%, source_chars=0, verified=False"
0x70b239b860b5af27211cb8b2764c866ed740aa52,arbitrum,Behavioral confirmation: bot 0xc515f7263c4ee918b0cfd2995b1ff1b1da5f2222 trapped in tx b174b9fe2e16ab0222e38beb1b6ea4aa1e,bytecode_pattern,0x4f461e7f7691512419b791993ba716f6f3ead893,True,False,,,,,,,,,,,,,NEEDS_REVIEW,1,False,,0,0,,behavioral,0,NEEDS_REVIEW,,0,0,259,4,0.992,LIKELY_TP_FROM_REVERT_PROFILE,"4 interactors, 99.2% revert rate — trap signature"
0x6d3261c6e1cb05e0fd0132b6d962ca8fabb109ac,base,Behavioral confirmation: bot 0xf01dbf8f4b4c8d28a2bfd7d3e04603323ecd83f3 trapped in tx 7a025ce0be6d57c48b7d41d5166a5d6e7b,bytecode_pattern,0xe69bc665f54d49279d0d5279220440ea23096aba,True,False,,,,,,,,,,,,,NEEDS_REVIEW,0,True,asym/-/fee,0,0,,behavioral,0,NEEDS_REVIEW,,0,0,308,64,0.003,LIKELY_FP_FROM_ACTIVITY,"diverse activity: 64 interactors, 308 txs, 0.3% revert"
0x8eacdb008568431483f07161a53d7e8d555f58c3,base,Behavioral confirmation: bot 0x73a8e582a640d231a460b7e8e7ca10a90dd52de5 trapped in tx 62960b2a6d491b45baa806aad00f33b5ef,bytecode_pattern,0xd7a1c535965aa05a422b44c99921371f58807fae,True,False,,,,,,,,,,,,,NEEDS_REVIEW,0,False,,0,0,,behavioral,0,NEEDS_REVIEW,,0,0,2364,3,0.701,STILL_AMBIGUOUS,"interactors=3, tx=2364, revert=70.1%, source_chars=0, verified=False"
0xe4e873dcef553dab821b03a3cac36b84c5f16b8d,optimism,Behavioral confirmation: bot 0x63bf2f4373b65fdde9961b02e059f7c1d09a6207 trapped in tx 59ee07def4c4b9ed7cfde9e729e0924d07,bytecode_pattern,0x2455b411adbf3cbe079566046eb629f2cb573a0a,True,False,,,,,,,,,,,,,NEEDS_REVIEW,0,False,,0,0,,behavioral,0,NEEDS_REVIEW,,0,0,19,3,0.053,STILL_AMBIGUOUS,"interactors=3, tx=19, revert=5.3%, source_chars=0, verified=False"
0x897ad784a29387f20ac67d274a21e90012b1a397,base,Behavioral confirmation: bot 0xbccbe8af1d71d05f6ea1d9be0e957cad7b487b8f trapped in tx a187e319ec4084f248fc9b1c1ae7c1fa1a,bytecode_pattern,0x6b2d9726989b1486dc208753a12887b729a8e733,True,False,,,,,,,,,,,,,NEEDS_REVIEW,0,False,,0,0,,behavioral,0,NEEDS_REVIEW,,0,0,190,1,0.016,STILL_AMBIGUOUS,"interactors=1, tx=190, revert=1.6%, source_chars=0, verified=False"
0x144681860389b8925c19b4294dfe7f069d33607e,optimism,Behavioral confirmation: bot 0xa04163e4033a941a3446c33e432a1da7ecc8898a trapped in tx fc3f398a626e2155f85b32cf6def2ba8f7,bytecode_pattern,0xc5e529a6a0eb4e4555aaff2b1c3426914e2dbdd4,True,True,AccessControlledOffchainAggregator,,,,,,,,,,,,NEEDS_REVIEW,1,False,,0,0,,behavioral,0,NEEDS_REVIEW,,71734,0,24,10,0.042,STILL_AMBIGUOUS,"interactors=10, tx=24, revert=4.2%, source_chars=71734, verified=True"
0xa05bfc6806f1f969edf2b6aa622431261b22296a,base,Behavioral confirmation: bot 0xd1c67571b4b6f36556fd6444e1031e5edd87b5d8 trapped in tx 7344dbaeb1bdf1cc51ec778f9266aa9369,bytecode_pattern,0xec234d11ee5c4bf39024b1204515ce71d758ef28,True,False,,,,,,,,,,,,,NEEDS_REVIEW,0,False,,0,0,,behavioral,0,NEEDS_REVIEW,,0,0,110343,52,0.002,LIKELY_FP_FROM_ACTIVITY,"diverse activity: 52 interactors, 110343 txs, 0.2% revert"
0x3901fc5d7fac1a097ffd26548c432314fad69992,base,Behavioral confirmation: bot 0x6fbd620bc2641238bad794f9402a88200d18dca5 trapped in tx 5dad3c3b86b48c0bdde1e55cc390a53b9f,deployer_history,0xa24d2af7b9d58579225800b32111d71fb34643c9,True,False,,,,,,,,,,,,,NEEDS_REVIEW,1,False,,0,0,,behavioral,0,NEEDS_REVIEW,,0,0,1427267,63,0.000,LIKELY_FP_FROM_ACTIVITY,"diverse activity: 63 interactors, 1427267 txs, 0.0% revert"
0x6f3d47fe9ad26cd95f64869f5f0477a5e20569b5,arbitrum,Behavioral confirmation: bot 0x8903a0e797ccd822fec6adac30d6d53c79a70ac8 trapped in tx 5d1e70f9278d66ca7ceb3fb1d616d11a52,bytecode_pattern,0x102ba56522a32c0275506bd20f9387a4445228da,True,False,,,,,,,,,,,,,NEEDS_REVIEW,0,False,,0,0,,behavioral,0,NEEDS_REVIEW,,0,0,57,4,0.018,STILL_AMBIGUOUS,"interactors=4, tx=57, revert=1.8%, source_chars=0, verified=False"
0x6e0f21e50a8ca1ee8b2c03309c41e86a860c18ad,base,Behavioral confirmation: bot 0x644b7154a6e4796d3bfa0a58865080aa5bf92d0f trapped in tx 1dfc4fb4a8562d33224497b7c5eb6421a2,bytecode_pattern,0x5bf77f28b40bfedafadc20de67cac2f6f7543cdc,True,False,,,,,,,,,,,,,NEEDS_REVIEW,0,False,,0,0,,behavioral,0,NEEDS_REVIEW,,0,0,31,1,1.000,STILL_AMBIGUOUS,"interactors=1, tx=31, revert=100.0%, source_chars=0, verified=False"
0x1f62825989a734bf48e57b5d2a2f30812e53a2aa,arbitrum,Behavioral confirmation: bot 0xc1c17cd6bb99f1c7ac36cb058337d9826d84f5fa trapped in tx 1fc7e4ab2692f965242638aae962caf0aa,deployer_history,0xcadf9ebe57ce822cb4f2f36c514599f7b4f98154,True,False,,,,,,,,,,,,,NEEDS_REVIEW,1,False,,0,0,,behavioral,0,NEEDS_REVIEW,,0,0,36,8,0.222,STILL_AMBIGUOUS,"interactors=8, tx=36, revert=22.2%, source_chars=0, verified=False"
0x6a714ae7b5b6ea520f6bca23d2e609c4fd5863f2,arbitrum,Behavioral confirmation: bot 0xa169574d0d353e3010997a3e64846b7d1b2a63b6 trapped in tx 7b96f0b0fc6964a29350a3432c4b03a138,deployer_history,0x14c82ce4e5713e88c9462680e9c02bf4a3089871,True,True,ERC1967Proxy,,,,,,,,,,,,NEEDS_REVIEW,1,False,,0,0,,behavioral,0,NEEDS_REVIEW,,22868,0,335,16,0.063,STILL_AMBIGUOUS,"interactors=16, tx=335, revert=6.3%, source_chars=22868, verified=True"
0xe1b619e9b39ea4109d2f429ea5eaa307759b0011,arbitrum,Behavioral confirmation: bot 0x377045b4752592ec1e0e95d32f6d763d5fb85f78 trapped in tx 31ce0b1383e16e510474ba733adf26df64,deployer_history,0x14c82ce4e5713e88c9462680e9c02bf4a3089871,True,True,PrizesWallet,,,,,,,,,,,,NEEDS_REVIEW,1,False,,0,0,,behavioral,0,NEEDS_REVIEW,ERC20-interface|OpenZeppelin|OpenZeppelin-ERC20|OpenZeppelin-Ownable,92794,0,1,1,1.000,LIKELY_FP_FROM_SOURCE,"verified source matches: ERC20-interface, OpenZeppelin, OpenZeppelin-ERC20, OpenZeppelin-Ownable"
0xd1351032a3535035f8889dfdb86f86488d4c03d9,base,Behavioral confirmation: bot 0x2849ccecf8f9a1697e9f8f33a9e675e19d9183ca trapped in tx 17a97881ae90c9f4fdd784d910c4abf4e5,deployer_history,0x2a343e795556c99cd94c9f334bc0c54d70bec1be,True,False,,,,,,,,,,,,,NEEDS_REVIEW,0,False,,0,0,,behavioral,0,NEEDS_REVIEW,,0,0,1,1,1.000,LIKELY_TP_FROM_LOW_ACTIVITY,"sparse activity: 1 interactors, 1 txs — consistent with narrow honeypot"
0x1bbda943b2db98a619212147f71669817d9b1a65,base,Behavioral confirmation: bot 0xc22ee3cf55214e073e0b9bf89f86a5eadfc75dab trapped in tx 07a81224a1d5053b5328155ad0520fc1e3,deployer_history,0x672831b527ced56ce89b2c92f152e40df1567402,True,True,ERC1967Proxy,,,,,,,,,,,,NEEDS_REVIEW,0,False,,0,0,,behavioral,0,NEEDS_REVIEW,,24555,0,50,18,0.080,STILL_AMBIGUOUS,"interactors=18, tx=50, revert=8.0%, source_chars=24555, verified=True"
0xa027baa5ae4ed952696891cab4b00a7bc11add8b,optimism,Behavioral confirmation: bot 0xb7def016a960743c71ba6c458cdc2a3e6d2aaf3d trapped in tx 95c7f4c487308028a3751c332addabb219,bytecode_pattern,0x56684f5c8666a544660b58b3ee2a206f8fe52f6f,True,True,EVMTraderAutomationExecutor,,,,,,,,,,,,NEEDS_REVIEW,0,False,,0,0,,behavioral,0,NEEDS_REVIEW,,18361,0,9,2,0.111,LIKELY_TP_FROM_LOW_ACTIVITY,"sparse activity: 2 interactors, 9 txs — consistent with narrow honeypot"
0x73e18c4bba029868e11d04c47b383e44352a4b9f,base,Behavioral confirmation: bot 0x46c72488cc6a1c695fdb6b93bb9e1b8e0e6d39b1 trapped in tx 4ad10292da9ef911e92747e17c7398e982,deployer_history,0x5e6690efd54f0b1c938a08b4e1b5bc0d83031ba4,True,True,ERC1967Proxy,,,,,,,,,,,,NEEDS_REVIEW,0,False,,0,0,,behavioral,0,NEEDS_REVIEW,,22868,1,12246,12214,0.000,LIKELY_FP_FROM_CLUSTER,deployer has 1 other LIKELY_FP contract(s) in Phase A — siblings likely legitimate
0x72049fa2ebe595e1519a1aab136e9d71a74bd348,base,Behavioral confirmation: bot 0xda9b6dafb89e61fc17bdef75ced00b4df512bb99 trapped in tx 881d08fb33550244e52d071756565d391d,bytecode_pattern,0x630f9e176ca321f5f0e7b230cb7f035fd3a5014a,True,False,,,,,,,,,,,,,NEEDS_REVIEW,1,False,,0,0,,behavioral,0,NEEDS_REVIEW,,0,0,358,8,0.179,STILL_AMBIGUOUS,"interactors=8, tx=358, revert=17.9%, source_chars=0, verified=False"
0x284f350f0c399a13044de77cee7db968ec798406,base,Behavioral confirmation: bot 0xb7cdca104bd3d850d3f535289ed83993f0cf2707 trapped in tx e03b7e1c4d6324621dbc3f1efbb99f2633,deployer_history,0x045f4aa85dca9e00b901e3acf689cbc5143ee1f5,True,False,,,,,,,,,,,,,NEEDS_REVIEW,0,False,,0,0,,behavioral,0,NEEDS_REVIEW,,0,0,180,4,0.006,STILL_AMBIGUOUS,"interactors=4, tx=180, revert=0.6%, source_chars=0, verified=False"
0xad8f4faff73ad0a2919b394a5ab5a9e7ed8a1fad,base,Behavioral confirmation: bot 0x3db3ff6eaec90956920769b27739d481c7c305bd trapped in tx 6b82fd7f425c22b2100ff63798325527b9,deployer_history,0x898a02af06f7370358a74e9690bb6450f72bca63,True,False,,,,,,,,,,,,,NEEDS_REVIEW,0,False,,0,0,,behavioral,0,NEEDS_REVIEW,,0,0,1163,608,0.001,LIKELY_FP_FROM_ACTIVITY,"diverse activity: 608 interactors, 1163 txs, 0.1% revert"
0x467b6097ec9908bfd7c80c148c2cd11f11b28d8e,base,Behavioral confirmation: bot 0x0c8d75db354802f2afff22d034747b491e06d612 trapped in tx a5898320ac99bf557d643eb8d1c2e2ebe0,deployer_history,0xb38719f1a6e6b4c55ef7b679cc9011faf3c17c37,True,False,,,,,,,,,,,,,NEEDS_REVIEW,0,False,,0,0,,behavioral,0,NEEDS_REVIEW,,0,0,919,1,0.108,STILL_AMBIGUOUS,"interactors=1, tx=919, revert=10.8%, source_chars=0, verified=False"
0x6972b75e74e70acf4ef9838f1403a6270f047fae,base,Self-loop: deployer 0x8b25d695656ea8019c3f4b5d524389684e1221dc called own contract in reverted tx at block 45183824 (BOT,bytecode_pattern,0x8b25d695656ea8019c3f4b5d524389684e1221dc,True,False,,,,,,,,,,,,,NEEDS_REVIEW,1,False,,0,0,,self_loop,0,NEEDS_REVIEW,,0,0,80,1,0.963,STILL_AMBIGUOUS,"interactors=1, tx=80, revert=96.2%, source_chars=0, verified=False"
0x0ea761bbb04129b74fd4d2bc004c8307ce4d9fc4,base,Behavioral confirmation: bot 0xe8b2b6b531c19d9bea48bf54c949ef6a9e47dc03 trapped in tx 5c66acb6be7bcd2f0adbe0a95d4bfa8d47,bytecode_pattern,0x4d333ea3a1130ca2857899094709ac008cbab572,True,False,,,,,,,,,,,,,NEEDS_REVIEW,1,False,,0,0,,behavioral,0,NEEDS_REVIEW,,0,0,2089,14,0.989,LIKELY_TP_FROM_REVERT_PROFILE,"14 interactors, 98.9% revert rate — trap signature"
0xa8054a90181efe184170f1969dbe651661d7c3ca,base,Behavioral confirmation: bot 0xc1addf6b82ddd3049e970d5c35d75f9dfbc56d76 trapped in tx b223a3c390ac20d79d9b5aa217944eecb3,bytecode_pattern,0x8a057393a5b67a349db2be35a6622f9e958d71f9,True,False,,,,,,,,,,,,,NEEDS_REVIEW,0,False,,0,0,,behavioral,0,NEEDS_REVIEW,,0,0,72,6,0.458,STILL_AMBIGUOUS,"interactors=6, tx=72, revert=45.8%, source_chars=0, verified=False"
0x672539f852252b1468cb59f9c8cfdc2c8bdd028a,arbitrum,Behavioral confirmation: bot 0x4f85a2206b6afe2cdb87557efeb9cdf2b098960b trapped in tx 0bb80d675bb3e0a3499384e1abe67e2535,deployer_history,0x4e443d19e8c30eea5b2513eaa55b0b016ac71263,True,False,,,,,,,,,,,,,NEEDS_REVIEW,1,False,,0,0,,behavioral,0,NEEDS_REVIEW,,0,0,61,6,0.049,STILL_AMBIGUOUS,"interactors=6, tx=61, revert=4.9%, source_chars=0, verified=False"
0xf6b0cfb443e9e578f4f8e99b233dee8dd2244e13,base,Behavioral confirmation: bot 0x36a64ccf16165d2cecf6b4b0b06f33d58815763e trapped in tx fbf17eaf427c47f81c6badc61e87acb794,bytecode_pattern,0xccc0c1b584fc5d9ec3969545dbbbab52db6ec687,True,False,,,,,,,,,,,,,NEEDS_REVIEW,0,True,asym/-/-,0,0,,behavioral,0,NEEDS_REVIEW,,0,0,5682,2,0.170,STILL_AMBIGUOUS,"interactors=2, tx=5682, revert=17.0%, source_chars=0, verified=False"
0x9a914a4b8268c94b3248ecc2f5e78a6a5edd8ffe,base,Behavioral confirmation: bot 0xeff9d47a60eb73013e5cc8a6101f0c4a059871a4 trapped in tx 2e4f4b83cea79991d8627863d903adcdcd,bytecode_pattern,0x5a567898881cef8df767d192b74d99513caa6e46,True,False,,,,,,,,,,,,,NEEDS_REVIEW,0,False,,0,0,,behavioral,0,NEEDS_REVIEW,,0,0,21,7,0.048,STILL_AMBIGUOUS,"interactors=7, tx=21, revert=4.8%, source_chars=0, verified=False"
0x7ee2ceea5cc0532102dc1ad8441d20475242282c,base,Behavioral confirmation: bot 0x72604ce1e9b9081bc8906e04d207bef89dc9b8e8 trapped in tx 3352b6d0b724878901e67f00df68e725ae,deployer_history,0x1f9c7415526c0796f8ee29b59da830e101fe9cc3,True,False,,,,,,,,,,,,,NEEDS_REVIEW,1,True,asym/-/-,0,0,,behavioral,0,NEEDS_REVIEW,,0,0,5,5,0.400,STILL_AMBIGUOUS,"interactors=5, tx=5, revert=40.0%, source_chars=0, verified=False"
0x25735aaac4a0a87fcce58088de9a99c2575d1c8e,base,Self-loop: deployer 0x1f9c7415526c0796f8ee29b59da830e101fe9cc3 called own contract in reverted tx at block 45646414 (BOT,deployer_history,0x1f9c7415526c0796f8ee29b59da830e101fe9cc3,True,False,,,,,,,,,,,,,NEEDS_REVIEW,1,False,,0,0,,self_loop,0,NEEDS_REVIEW,,0,0,301,1,0.980,STILL_AMBIGUOUS,"interactors=1, tx=301, revert=98.0%, source_chars=0, verified=False"
0x699e71be293aa08bb4b860c5f356874bb4b730c6,base,Behavioral confirmation: bot 0x21dc7f245beebd631e693ffa02214a21cb71fc34 trapped in tx 6f4155c92578a224eee6a34db7f0d0e054,bytecode_pattern,0x202c8b326ca75bf737fd709b524a1333681f0480,True,True,TerraAgentNFT,,,,TerraBase Agent,TERA,ERC-721,1,,,,,NEEDS_REVIEW,5,False,,0,0,,behavioral,0,STILL_NEEDS_REVIEW,ERC20-interface|OpenZeppelin|OpenZeppelin-ERC20,185987,0,3056,2,0.998,LIKELY_FP_FROM_SOURCE,"verified source matches: ERC20-interface, OpenZeppelin, OpenZeppelin-ERC20"
0x37a2ec5de009c3a50cfc5ed1cabb445e7edfbeab,base,Behavioral confirmation: bot 0x2db33fc29a7ec0f39b9a210bf0a5b98225da977d trapped in tx a019e0fb4620c909fec9263bc12fad9343,bytecode_pattern,0x16cd9c10664baf804734a18ffb6d57927b5ff1ca,True,True,KillverseGame,,,,,,,,,,,,NEEDS_REVIEW,0,False,,0,0,,behavioral,0,NEEDS_REVIEW,ERC20-interface|OpenZeppelin-Ownable,45970,0,49,2,0.388,LIKELY_FP_FROM_SOURCE,"verified source matches: ERC20-interface, OpenZeppelin-Ownable"
0x55e49f2d3d9718583001ef8fbb601c7dd2eac1dc,base,Self-loop: deployer 0x8b25d695656ea8019c3f4b5d524389684e1221dc called own contract in reverted tx at block 45226626 (BOT,bytecode_pattern,0x8b25d695656ea8019c3f4b5d524389684e1221dc,True,False,,,,,,,,,,,,,NEEDS_REVIEW,1,False,,0,0,,self_loop,0,NEEDS_REVIEW,,0,0,107,1,0.972,STILL_AMBIGUOUS,"interactors=1, tx=107, revert=97.2%, source_chars=0, verified=False"
0x51b4478cd08b4bb0abaf83df6a7ce91421083f7e,base,Behavioral confirmation: bot 0x466e767f12726e877f414519540211d8b33be45e trapped in tx 344afd2eb87817798607d03e3e449142f4,bytecode_pattern,0xbe6d8df4599a733cd111288787f6685bd3119d52,True,False,,,,,,,,,,,,,NEEDS_REVIEW,0,False,,0,0,,behavioral,0,NEEDS_REVIEW,,0,0,722,722,0.003,LIKELY_FP_FROM_ACTIVITY,"diverse activity: 722 interactors, 722 txs, 0.3% revert"
0x612efc91d8f7f3c0940e7cba28312a35d52bc953,arbitrum,Behavioral confirmation: bot 0x01e87caa86c91c65d2e3e74a9dfac972c0b8944e trapped in tx c95ca0be3bd252dfd7797b9d2068a88d06,deployer_history,0x2463bf4cf17c040ea7beb1f46847c91d45e34608,True,True,ERC1967Proxy,,,,,,,,,,,,NEEDS_REVIEW,0,False,,0,0,,behavioral,0,NEEDS_REVIEW,,22817,0,51,2,0.118,STILL_AMBIGUOUS,"interactors=2, tx=51, revert=11.8%, source_chars=22817, verified=True"
0x4cae9789fc3f01af8373caf5ff64266eb94d517e,arbitrum,Behavioral confirmation: bot 0xe4eec0eedc3c9dbbf35d65066ca7ec0480e9f8e3 trapped in tx b4284e589fb9a8c5f5ee10c9bb161d1a32,deployer_history,0x4e443d19e8c30eea5b2513eaa55b0b016ac71263,True,False,,,,,,,,,,,,,NEEDS_REVIEW,1,False,,0,0,,behavioral,0,NEEDS_REVIEW,,0,0,197,6,0.005,STILL_AMBIGUOUS,"interactors=6, tx=197, revert=0.5%, source_chars=0, verified=False"
0x70ff566a417ece44784196106afdbecdaaa3b511,base,Behavioral confirmation: bot 0xe2a4a8b9d77080c57799a94ba8edeb2dd6e0ac10 trapped in tx aa0de9f89476b9d06c3fe27f39e68cc4bc,deployer_history,0x0780b1456d5e60cf26c8cd6541b85e805c8c05f2,True,False,Baseling House,,,,Baseling House,BHOUSE,ERC-721,1,,,,,NEEDS_REVIEW,1,False,,0,0,,behavioral,0,NEEDS_REVIEW,,0,0,73,2,0.219,STILL_AMBIGUOUS,"interactors=2, tx=73, revert=21.9%, source_chars=0, verified=False"
0x03b9f640dc3ef49188d94c359344e6ad8620c92b,base,Behavioral confirmation: bot 0x6fbd620bc2641238bad794f9402a88200d18dca5 trapped in tx 76fd1bc465532d0a13eb65cf80f76736e3,bytecode_pattern,0xd5fa35e996651af09040922e334ab9236716aa3a,True,False,,,,,,,,,,,,,NEEDS_REVIEW,0,False,,0,0,,behavioral,0,NEEDS_REVIEW,,0,0,11146,2,0.001,STILL_AMBIGUOUS,"interactors=2, tx=11146, revert=0.1%, source_chars=0, verified=False"
0xeefa24c1d9a08b075d577694221e9cac941d7b95,arbitrum,Behavioral confirmation: bot 0x76aedacce2a79207825a1a1f2539a30003096f35 trapped in tx 39c8e678ccd9111de84c1d3ff67df64e76,bytecode_pattern,0x8fe879dc51bf234dc5b6366aacf58072541b7b31,True,False,,,,,,,,,,,,,NEEDS_REVIEW,0,False,,0,0,,behavioral,0,NEEDS_REVIEW,,0,0,4286,5,0.591,STILL_AMBIGUOUS,"interactors=5, tx=4286, revert=59.1%, source_chars=0, verified=False"
0x196a943c9cfc795a1607945e1924a48a113feea7,base,Behavioral confirmation: bot 0x9f111112d8891afa1639c94d3c55b048f98bbd7b trapped in tx db7d50656af5008c1138896d1f034dd4ee,bytecode_pattern,0xc00cbae0a6a7ae8c1635909d28a477382cbd1dd4,True,False,,,,,,,,,,,,,NEEDS_REVIEW,0,False,,0,0,,behavioral,0,NEEDS_REVIEW,,0,0,143,2,0.091,STILL_AMBIGUOUS,"interactors=2, tx=143, revert=9.1%, source_chars=0, verified=False"
0x5b876d802c2c5c199ee47078b2ac6c327ea5b8a1,arbitrum,Behavioral confirmation: bot 0x5f6161e2db9b73100e3e651b038b5acd9e0ff3ec trapped in tx a6122b97defa9c2502664a532d254d5c29,bytecode_pattern,0x04aee59de73f6812f389203c6d6b25ffd9dbeb79,True,False,Hegress Vault Share,,,,Hegress Vault Share,HEGRESS,ERC-20,0,,,,,NEEDS_REVIEW,0,False,,0,0,,behavioral,0,NEEDS_REVIEW,,0,0,30,4,0.033,STILL_AMBIGUOUS,"interactors=4, tx=30, revert=3.3%, source_chars=0, verified=False"
0x882b86dd658f097aed9dee036481c4eaf2296504,base,Behavioral confirmation: bot 0xddb819a635830938ad81858f01851e6d5c005554 trapped in tx de84380a3d3b01562e005bd39e45332053,bytecode_pattern,0x7f750a3f6daf548e844b5ac7de82edfd9002b086,True,False,,,,,,,,,,,,,NEEDS_REVIEW,0,True,-/rev/-,0,0,,behavioral,0,NEEDS_REVIEW,,0,0,724,2,0.035,STILL_AMBIGUOUS,"interactors=2, tx=724, revert=3.5%, source_chars=0, verified=False"
0x12958ee2dd38449922806cd09b31649f4f5aa0b8,base,Behavioral confirmation: bot 0x96495974f9cd5e16eb18646cfd3f4ff397891215 trapped in tx ef3531ed3ba4d094314b4a9e6ade66faa5,deployer_history,0x18a1fa67d5e8cecf5ddf6010bcebd8cf382b78cd,True,False,,,,,,,,,,,,,NEEDS_REVIEW,0,True,-/-/fee,0,0,,behavioral,0,NEEDS_REVIEW,,0,0,10,3,0.100,LIKELY_TP_FROM_LOW_ACTIVITY,"sparse activity: 3 interactors, 10 txs — consistent with narrow honeypot"
0x060d46af9eda9fdff15fc52db31e804ecffab7ae,base,Behavioral confirmation: bot 0x444a2f2096d2cd85ddb053af85a0ed8cd2289868 trapped in tx d0ff312770975e2d58d96077ff6cc152cf,deployer_history,0x2884b95a9eeb0c8b40d04ee0ac400a35759570af,True,False,,,,,,,,,,,,,NEEDS_REVIEW,0,True,-/rev/-,0,0,,behavioral,0,NEEDS_REVIEW,,0,0,7,2,0.429,LIKELY_TP_FROM_LOW_ACTIVITY,"sparse activity: 2 interactors, 7 txs — consistent with narrow honeypot"
0x6c6c8f8008550e5489933968e27e84cc8fbba994,arbitrum,Behavioral confirmation: bot 0xe7a9f850b32d279ecca2c97411754afaf440156a trapped in tx 922b116aa231f536a774847c0a0313eee2,bytecode_pattern,0x64defac2fc320c8194af86e4987bba26f0c2f49c,True,True,PredepositClaim,,,,,,,,,,,,NEEDS_REVIEW,0,True,-/rev/fee,0,0,,behavioral,0,NEEDS_REVIEW,ERC20-interface|OpenZeppelin|OpenZeppelin-ERC20|OpenZeppelin-Ownable,28107,0,809,764,0.027,LIKELY_FP_FROM_SOURCE,"verified source matches: ERC20-interface, OpenZeppelin, OpenZeppelin-ERC20, OpenZeppelin-Ownable"
0x5b383568c06800d0c6c85fd637306aff5e143843,base,Behavioral confirmation: bot 0x5a730f67100495a5a907f05e1e18de740744bbb3 trapped in tx f450870a69be335201e3052558c59ff0ce,bytecode_pattern,0xb2a35f421ec0f1d744df961aa1b5569d83596137,True,True,Rug Pull Run XP,,,,Rug Pull Run XP,XP,ERC-20,8,,,,,NEEDS_REVIEW,0,False,,0,0,,behavioral,0,STILL_NEEDS_REVIEW,,2997,0,5,2,0.200,LIKELY_TP_FROM_LOW_ACTIVITY,"sparse activity: 2 interactors, 5 txs — consistent with narrow honeypot"
0xe446219ebd8b23524cd7592a04fc103efd704a0e,base,Behavioral confirmation: bot 0x151fea4804dccee6f8e34708af0d31ee77119a58 trapped in tx c34fa8eab65a4c3f80fff4cc4ff50b2796,bytecode_pattern,0x0cbb693e0199cb7ad4f3c846f43045cb95247fc5,True,True,universalRouter,,,,,,,,,,,,NEEDS_REVIEW,0,False,,0,0,,behavioral,0,NEEDS_REVIEW,Solmate,95324,0,50,41,0.020,LIKELY_FP_FROM_SOURCE,verified source matches: Solmate
0xf79c2dc829cd3a2d8ceec353bdb1b2414ba1eee0,arbitrum,Behavioral confirmation: bot 0x5cb4d906f0464b34c44d6555a770bf6af4a2cefe trapped in tx 0872bb99570422e8075c033ebed5776c85,bytecode_pattern,0xe5f5ef79b3dff47ecdf7842645222e43ad0ed080,True,False,The Pool Zap LP Vault V2.1,,,,The Pool Zap LP Vault V2.1,pZAP-LPV21,ERC-20,5,,,,,NEEDS_REVIEW,0,False,,0,0,,behavioral,0,NEEDS_REVIEW,,0,0,35,6,0.229,STILL_AMBIGUOUS,"interactors=6, tx=35, revert=22.9%, source_chars=0, verified=False"
0x24fb0134586d5aec98e4b57c9bbce7b79302b837,base,Behavioral confirmation: bot 0xce547b1090c004be2e5f45e0908eff01745f9d3d trapped in tx 28b6edd5d195d7422fe00d6a130966312d,bytecode_pattern,0x019fb9e154dd71531e352f91254c9fbb93929465,True,False,ALFA,,,,ALFA,ALFA,ERC-20,4,,,,,NEEDS_REVIEW,0,True,-/-/fee,0,0,,behavioral,0,NEEDS_REVIEW,,0,0,38,2,0.395,STILL_AMBIGUOUS,"interactors=2, tx=38, revert=39.5%, source_chars=0, verified=False"
0x549d893a3b7afbf7798b97f5019da0a8c8843c6e,base,Behavioral confirmation: bot 0xae81c12f03bb004eb5f96f4fbd464e48c358c070 trapped in tx 49c83b649bb667a44ba7ba605b5828ad47,bytecode_pattern,0x1f802b022da65cfc82561587ef20c4d198a69b42,True,True,DeaderalReserveProtocol,,,,,,,,,,,,NEEDS_REVIEW,0,False,,0,0,,behavioral,0,NEEDS_REVIEW,ERC20-interface|OpenZeppelin|OpenZeppelin-ERC20|OpenZeppelin-Ownable,77251,0,73,7,0.274,LIKELY_FP_FROM_SOURCE,"verified source matches: ERC20-interface, OpenZeppelin, OpenZeppelin-ERC20, OpenZeppelin-Ownable"
0xe75bed4df14647ee0336394e15327cb262ee08d2,base,Behavioral confirmation: bot 0x0ab3193c12928909b01b41cae4ed420d2d904478 trapped in tx 263c6e2297604e27cc5ca3502f48f559eb,deployer_history,0x96495974f9cd5e16eb18646cfd3f4ff397891215,True,False,,,,,,,,,,,,,NEEDS_REVIEW,0,True,-/-/fee,0,0,,behavioral,0,NEEDS_REVIEW,,0,0,2,2,0.500,LIKELY_TP_FROM_LOW_ACTIVITY,"sparse activity: 2 interactors, 2 txs — consistent with narrow honeypot"
0x5dc39020e9801620f852658235d25c4183e1a558,base,Self-loop: deployer 0xc594b79456a4ff713be4a86a84a3228da1fe88e5 called own contract in reverted tx at block 45314241 (BOT,bytecode_pattern,0xc594b79456a4ff713be4a86a84a3228da1fe88e5,True,False,,,,,,,,,,,,,NEEDS_REVIEW,1,False,,0,0,,self_loop,0,NEEDS_REVIEW,,0,0,16,1,0.562,STILL_AMBIGUOUS,"interactors=1, tx=16, revert=56.2%, source_chars=0, verified=False"
0xa173517c6653bdc82518094d6983cf3621f04308,base,Self-loop: deployer 0xc594b79456a4ff713be4a86a84a3228da1fe88e5 called own contract in reverted tx at block 45306202 (BOT,bytecode_pattern,0xc594b79456a4ff713be4a86a84a3228da1fe88e5,True,False,,,,,,,,,,,,,NEEDS_REVIEW,1,False,,0,0,,self_loop,0,NEEDS_REVIEW,,0,0,543,1,0.989,STILL_AMBIGUOUS,"interactors=1, tx=543, revert=98.9%, source_chars=0, verified=False"
0x476767bfd0c18e5178b8fa3fc8b40cb00fadaf0d,base,Behavioral confirmation: bot 0x02f0daafa6f2a8e03f1df8e63f964c09cc04527d trapped in tx 15791ee5d7b49037204097017a7cc19ce4,bytecode_pattern,0x8b75a6abc2092310d535e4ac822c63a90bcb0e99,True,True,AlgoSharesICO,,,,,,,,,,,,NEEDS_REVIEW,0,False,,0,0,,behavioral,0,NEEDS_REVIEW,ERC20-interface|OpenZeppelin|OpenZeppelin-ERC20|OpenZeppelin-Ownable,36982,0,7,3,0.571,LIKELY_FP_FROM_SOURCE,"verified source matches: ERC20-interface, OpenZeppelin, OpenZeppelin-ERC20, OpenZeppelin-Ownable"
0xfd19fad56ca3d6facd4279a2f84f09bef8967f6a,base,Behavioral confirmation: bot 0xbe87fed7b491cd95a7d425f7d0bf7e62805bf7bf trapped in tx 8b1c34cd242b22e2f93fe2a409fd6cee02,deployer_history,0xb01dce443d052e44b7d13726c0ec9ffb7f5815b6,True,True,AgentKernel,,,,,,,,,,,,NEEDS_REVIEW,1,False,,0,0,,behavioral,0,NEEDS_REVIEW,OpenZeppelin|Solady|Solmate,353936,0,150,4,0.240,LIKELY_FP_FROM_SOURCE,"verified source matches: OpenZeppelin, Solady, Solmate"
0x30a0f7edf61c3fe81f63764b800e0edd507e9d8d,base,Self-loop: deployer 0xbc85088c3f7f0c2d4462b1b0ce9b7663ac62034f called own contract in reverted tx at block 45325155 (BOT,bytecode_pattern,0xbc85088c3f7f0c2d4462b1b0ce9b7663ac62034f,True,False,,,,,,,,,,,,,NEEDS_REVIEW,1,False,,0,0,,self_loop,0,NEEDS_REVIEW,,0,0,5388,1,0.580,STILL_AMBIGUOUS,"interactors=1, tx=5388, revert=58.0%, source_chars=0, verified=False"
0x9755238dc52256e011ac305c6d5b702e1cbd68b5,arbitrum,Behavioral confirmation: bot 0xfbf4884bf72371f808d20a3fdcb89589dbe8fae6 trapped in tx aa79856e1cb38846ad689c8c18902b4645,bytecode_pattern,0x7d8dcb16349ba8487caa319f387699d27d152f64,True,False,,,,,,,,,,,,,NEEDS_REVIEW,0,False,,0,0,,behavioral,0,NEEDS_REVIEW,,0,0,22,3,0.227,STILL_AMBIGUOUS,"interactors=3, tx=22, revert=22.7%, source_chars=0, verified=False"
0x7eb26c03015df1dd7c84913c70b77e5ac8e94eba,base,Behavioral confirmation: bot 0xc272260bf79676b68d9a59a4ac6ff210a6bf7393 trapped in tx a9b4cff09d9113a7e5095b8923fb987785,bytecode_pattern,0xac4132fec669a149b053b9c786a50be9eed965a3,True,False,Chimi Strategy USDC SteakhouseHighYieldTurbo,,,,Chimi Strategy USDC SteakhouseHighYieldTurbo,ysUSDC,ERC-20,1,,,,,NEEDS_REVIEW,0,False,,0,0,,behavioral,0,NEEDS_REVIEW,,0,0,66,2,0.530,STILL_AMBIGUOUS,"interactors=2, tx=66, revert=53.0%, source_chars=0, verified=False"
0x518dde8eaf5f0a31f0b3d464c705d36a35005b47,base,Behavioral confirmation: bot 0xab8b612548cc3f5f9f7e723823be37058d0110b2 trapped in tx cde56ac9e0b18fbdb3f68372f77d6b4316,deployer_history,0xbbba8ff71937c339009c2ce91178ebf2f88d4f75,True,False,,,,,,,,,,,,,NEEDS_REVIEW,0,False,,0,0,,behavioral,0,NEEDS_REVIEW,,0,0,27,2,0.222,STILL_AMBIGUOUS,"interactors=2, tx=27, revert=22.2%, source_chars=0, verified=False"
0xa00c9248f2e10b2b0673ea0226cdb2c1224cb5f7,base,Behavioral confirmation: bot 0x181bf186f87d8da4598b6610df7fdccf0cce5fd3 trapped in tx e85a206e07b1fabd47cd0dc3837bc716d7,bytecode_pattern,0x7da1539189fec6f12d80df395f27604debce5dc0,True,False,,,,,,,,,,,,,NEEDS_REVIEW,0,False,,0,0,,behavioral,0,NEEDS_REVIEW,,0,0,491,6,0.008,STILL_AMBIGUOUS,"interactors=6, tx=491, revert=0.8%, source_chars=0, verified=False"
0xd7218ed4626a311e39599f24c4fa9ca65290bc61,base,Behavioral confirmation: bot 0x045bd7882ed9d740ed4dbc737e018505f883fea4 trapped in tx b87decb16729f5f79ab79da5d54be96294,bytecode_pattern,0xe59db59b17d59f0ca650dda0efc5f82683006300,True,False,,,,,,,,,,,,,NEEDS_REVIEW,0,False,,0,0,,behavioral,0,NEEDS_REVIEW,,0,0,2635,20,0.954,LIKELY_TP_FROM_REVERT_PROFILE,"20 interactors, 95.4% revert rate — trap signature"
0x4b55eafeb08b9b8824c2c7c35f062f81a8a9de42,base,Behavioral confirmation: bot 0x291a3b3ed46328e035d854eeb364adc725d8ed4b trapped in tx 61768f517d6c7625a595fc192baf280d1f,deployer_history,0xcc57d7ab71f58a5c244e0b691d1129f17c634880,True,False,Machima V3 Positions NFT-V1,,,,Machima V3 Positions NFT-V1,MACHIMA-V3-POS,ERC-721,2,,,,,NEEDS_REVIEW,0,False,,0,0,,behavioral,0,NEEDS_REVIEW,,0,0,5,1,0.200,LIKELY_TP_FROM_LOW_ACTIVITY,"sparse activity: 1 interactors, 5 txs — consistent with narrow honeypot"
0xddb4ca8cfb0f886831f2e7d014c7c3f27adb2167,base,Behavioral confirmation: bot 0x1fabcd716472b66816e885b1baf6b653784d8da1 trapped in tx fc8a7e359d9b5938e9dc68a9f945918b2a,bytecode_pattern,0x2187b98c254b50b2d785eaf36e333959784f6904,True,False,,,,,,,,,,,,,NEEDS_REVIEW,1,False,,0,0,,behavioral,0,NEEDS_REVIEW,,0,0,771,4,0.781,LIKELY_TP_FROM_REVERT_PROFILE,"4 interactors, 78.1% revert rate — trap signature"
0x50e95f8c19c4c4f260a256a916f80550e3635f80,optimism,Behavioral confirmation: bot 0xe3150ab1618f9ed050b1082aa56ad7d25ce75eeb trapped in tx c6af42b21639e4f843504b1579b93aa44c,deployer_history,0x89c0a6bf7723fba9d10b9365bfb447ebaf11c6b1,True,False,,,,,,,,,,,,,NEEDS_REVIEW,0,False,,0,0,,behavioral,0,NEEDS_REVIEW,,0,0,140,10,0.043,STILL_AMBIGUOUS,"interactors=10, tx=140, revert=4.3%, source_chars=0, verified=False"
0x10dbf81dfb4169c2db8635642666102786f2f6a0,base,Behavioral confirmation: bot 0x541790e90fdb8ec213baeec6656f2ee5847959f8 trapped in tx 31a8ba299a3bbe4c8ab5e627ea9566b686,bytecode_pattern,0xbd0d5003bd78690ad64ee2303231cb3029a8a31c,True,True,SwapGateway,,,,,,,,,,,,NEEDS_REVIEW,0,False,,0,0,,behavioral,0,NEEDS_REVIEW,ERC20-interface|OpenZeppelin|OpenZeppelin-ERC20,261125,0,367,99,0.019,LIKELY_FP_FROM_SOURCE,"verified source matches: ERC20-interface, OpenZeppelin, OpenZeppelin-ERC20"
0x2a7f100c6955a92785b886d2c33aa1f4c8339de2,base,Behavioral confirmation: bot 0xb3ba0236db050da0752ddf34ad5a38cc525393e7 trapped in tx b2a5e4b476a35d94976d4c614b1d5d3394,bytecode_pattern,0x7994f08cac9e51d40c7e4a6ca7e0d2c68c3da6d5,True,True,IntentEscrow,,,,,,,,,,,,NEEDS_REVIEW,0,False,,0,0,,behavioral,0,NEEDS_REVIEW,ERC20-interface|OpenZeppelin|OpenZeppelin-ERC20,37234,0,8,1,0.625,LIKELY_FP_FROM_SOURCE,"verified source matches: ERC20-interface, OpenZeppelin, OpenZeppelin-ERC20"
0xbf5526d07f612dfadda2fb1358e9136371206163,base,Behavioral confirmation: bot 0x9e8c65e53d27b84e3ecbccebe1706574e48bd00a trapped in tx e72c96ec25f89a7c700e22cfb817c1803a,bytecode_pattern,0xad0e48307e2e84a05411649a121ed2622a05034f,True,False,,,,,,,,,,,,,NEEDS_REVIEW,0,False,,0,0,,behavioral,0,NEEDS_REVIEW,,0,0,6821,128,0.070,LIKELY_FP_FROM_ACTIVITY,"diverse activity: 128 interactors, 6821 txs, 7.0% revert"
0x81c94a45f5eb24551f8f7aa2ec5a05c338efcc06,base,Behavioral confirmation: bot 0xc57e561e0bd4b3ac4473095afacebdcd409ef401 trapped in tx 08a7f485c70e3df67e171133222f77138c,deployer_history,0x5851f4d600f81f5722a2841a552ce29b15ea2aeb,True,True,TesseraAuction,,,,,,,,,,,,NEEDS_REVIEW,0,False,,0,0,,behavioral,0,NEEDS_REVIEW,ERC20-interface|OpenZeppelin|OpenZeppelin-ERC20,59773,0,17,3,0.118,LIKELY_FP_FROM_SOURCE,"verified source matches: ERC20-interface, OpenZeppelin, OpenZeppelin-ERC20"
0xb1b169b817131dc19febd2bbecb0a791cc3e5bee,base,Behavioral confirmation: bot 0x495d760eb4c63f962ffb3238ba766da6aa1e4a76 trapped in tx 4b6d623f7787ca82554e918d98002f8502,bytecode_pattern,0x46d3540c16c3f6bfbcbccc78df70599f7845999a,True,False,,,,,,,,,,,,,NEEDS_REVIEW,0,False,,0,0,,behavioral,0,NEEDS_REVIEW,,0,0,58,23,0.069,STILL_AMBIGUOUS,"interactors=23, tx=58, revert=6.9%, source_chars=0, verified=False"
0xb99f61c5f8e2e9efa226c3b65d171f49733da39b,base,Behavioral confirmation: bot 0xb10caf05b0a7677061dcb4cbcfb70c8508519023 trapped in tx a0a240e45120232a6acc37ac6a369a0e05,bytecode_pattern,0xeee3d4a14759e91af3f95011e3840fd7f6f88dcb,True,False,,,,,,,,,,,,,NEEDS_REVIEW,1,False,,0,0,,behavioral,0,NEEDS_REVIEW,,0,0,2,2,0.500,LIKELY_TP_FROM_LOW_ACTIVITY,"sparse activity: 2 interactors, 2 txs — consistent with narrow honeypot"
0xa2e5d3af97d95fb9fedde3a2586e9ab9470f2273,base,Behavioral confirmation: bot 0xb10caf05b0a7677061dcb4cbcfb70c8508519023 trapped in tx 047825ef35efc63e00dad16cc5cda9e64e,bytecode_pattern,0xeee3d4a14759e91af3f95011e3840fd7f6f88dcb,True,False,,,,,,,,,,,,,NEEDS_REVIEW,1,False,,0,0,,behavioral,0,NEEDS_REVIEW,,0,0,1176,14,0.800,LIKELY_TP_FROM_REVERT_PROFILE,"14 interactors, 80.0% revert rate — trap signature"
0x71bf19ee1e757f47dbb3ac2eafe3de6b61e2ce0b,base,Behavioral confirmation: bot 0x25627d44ab8d35b53bfd11aecef930e8e5964964 trapped in tx 2fd94efc216bf8ba2b0d0c9b61010213fd,bytecode_pattern,0x0b9678fbaa61495cfcca9b21f8dbe4b51d0d818a,True,False,,,,,,,,,,,,,NEEDS_REVIEW,0,False,,0,0,,behavioral,0,NEEDS_REVIEW,,0,0,285,11,0.982,LIKELY_TP_FROM_REVERT_PROFILE,"11 interactors, 98.2% revert rate — trap signature"
0xdb5cc5478800c389645bb0821a7ad5463387d717,arbitrum,Behavioral confirmation: bot 0x0d1472582639b6ba14244cecf4f01402848a0356 trapped in tx 08c44036d561fca2eaaf3dfb4c8f9d516b,bytecode_pattern,0x777b8bfda893b00f7586bb6a47299891c1de35c5,True,True,AntiBotToken,,,,VERY,VERY,ERC-20,5,,,,,NEEDS_REVIEW,0,True,-/-/fee,0,0,,behavioral,0,STILL_NEEDS_REVIEW,ERC20-interface,9007,0,4,2,0.250,LIKELY_FP_FROM_SOURCE,verified source matches: ERC20-interface
0x79e2bf99e182b1b6056cdadf5ffefb55f679f2d0,base,Behavioral confirmation: bot 0xd3686110d8e682e08d267a376f69202313001fbf trapped in tx e737ccd5efe6c425cf67c56cb2ab2acc6b,bytecode_pattern,0xaf3237ffcd1cff1532311596789ce4a3ca3565f7,True,False,Trade With Friends Play,,,,Trade With Friends Play,PLAY,ERC-20,5,,,,,NEEDS_REVIEW,0,False,,0,0,,behavioral,0,NEEDS_REVIEW,,0,0,25,7,0.040,STILL_AMBIGUOUS,"interactors=7, tx=25, revert=4.0%, source_chars=0, verified=False"
0x4de53ccdd8e07113a42b631c186006a77095880c,base,Behavioral confirmation: bot 0xfb480340f2dd912bb6d06f5b8e9aa21b92ba93bf trapped in tx 771a772aa022d725d462d0f9bfa294ba77,deployer_history,0x00c2796b3ad3369d604e009d75204d7a15cc584b,True,True,InstantLayer,,,,,,,,,,,,NEEDS_REVIEW,1,False,,0,0,,behavioral,0,NEEDS_REVIEW,OpenZeppelin|OpenZeppelin-AccessControl,165250,0,14,5,0.071,LIKELY_FP_FROM_SOURCE,"verified source matches: OpenZeppelin, OpenZeppelin-AccessControl"
0xa56ee8d7bbdde7f2adde4e4b8fc4ef9c2e00ed0a,arbitrum,Behavioral confirmation: bot 0xa254305ad142d99195e6598de614f2c104ab223e trapped in tx 9cf23491475195bde1dbabf4a30d0e63e1,bytecode_pattern,0xb1851cfcf026588a475a9a5f1dec6373660377ee,True,True,LiquidityStrategyManager,,,,,,,,,,,,NEEDS_REVIEW,0,False,,0,0,,behavioral,0,NEEDS_REVIEW,ERC20-interface|OpenZeppelin|OpenZeppelin-ERC20|OpenZeppelin-Ownable,52945,0,30,2,0.067,LIKELY_FP_FROM_SOURCE,"verified source matches: ERC20-interface, OpenZeppelin, OpenZeppelin-ERC20, OpenZeppelin-Ownable"
0xd6de605e90b7a96f53705547fbf9dc4f92ac34b9,arbitrum,Behavioral confirmation: bot 0xa9ea98b1f915c6914330f6f97186ae17cfe76440 trapped in tx b6922b2d7ff20cad1d127df8f5ed1c18c8,bytecode_pattern,0xf22b184551c01a9a5f258a3c3dc84594f2a06148,True,False,MXKTIDF,,,,MXKTIDF,MXKTIDF,ERC-20,8,,,,,NEEDS_REVIEW,0,False,,2,1,2.00,behavioral,0,NEEDS_REVIEW,,0,0,14,3,0.214,STILL_AMBIGUOUS,"interactors=3, tx=14, revert=21.4%, source_chars=0, verified=False"
0x77cd662165434c0ab60ded459221f818ef31b58c,base,Behavioral confirmation: bot 0xdb94848a6c32b974c359441d208b9fc79eebda56 trapped in tx 4e514c03436ddd2e19192839cb8c3ec618,bytecode_pattern,0xe7f3fbb7473f2ed70962c8af2b10d0c2f27f9fc1,True,False,,,,,,,,,,,,,NEEDS_REVIEW,1,True,-/-/fee,0,0,,behavioral,0,NEEDS_REVIEW,,0,0,63,4,0.714,LIKELY_TP_FROM_REVERT_PROFILE,"4 interactors, 71.4% revert rate — trap signature"
0xd29ef132b730802931ffbc7faf0d5c0ab12813c4,base,Behavioral confirmation: bot 0xdb94848a6c32b974c359441d208b9fc79eebda56 trapped in tx 9218193d25d5632b572df69217c5734414,bytecode_pattern,0xe7f3fbb7473f2ed70962c8af2b10d0c2f27f9fc1,True,False,,,,,,,,,,,,,NEEDS_REVIEW,1,True,-/-/fee,0,0,,behavioral,0,NEEDS_REVIEW,,0,0,35,4,0.457,STILL_AMBIGUOUS,"interactors=4, tx=35, revert=45.7%, source_chars=0, verified=False"
0x0b3d767f36d402db16697f5de8d8bcacb3e5204b,base,Behavioral confirmation: bot 0x589e078f0d305202f394ab7449058d1efd344c56 trapped in tx 55adacb7f921da2bcd813a4059fb1db2e0,bytecode_pattern,0x24208afc94e4f6432c8870bd6467f9c2ecfa694a,True,True,UCITipDistribution,,,,,,,,,,,,NEEDS_REVIEW,0,False,,0,0,,behavioral,0,NEEDS_REVIEW,ERC20-interface|OpenZeppelin|OpenZeppelin-ERC20|OpenZeppelin-Ownable,27564,0,13887,1901,0.005,LIKELY_FP_FROM_SOURCE,"verified source matches: ERC20-interface, OpenZeppelin, OpenZeppelin-ERC20, OpenZeppelin-Ownable"
0xde1f06b449449e71f7a4e44d215323420ee1d99f,arbitrum,Behavioral confirmation: bot 0xc298374ab2c7c4af3adea2d9d31135f58e3f16d4 trapped in tx ea294c0119d073900651ca334f5002874b,bytecode_pattern,0x3075e0223634269590927c4f252fe29659128176,True,True,DexAggregator,,,,,,,,,,,,NEEDS_REVIEW,0,False,,0,0,,behavioral,0,NEEDS_REVIEW,OpenZeppelin-Ownable,66303,0,105,6,0.105,LIKELY_FP_FROM_SOURCE,verified source matches: OpenZeppelin-Ownable
0xc3affe4a933ba254faf665bd7c412dddffc016da,base,Behavioral confirmation: bot 0xc547a0000f64d4b20f494a3c4b2034e28f8d1381 trapped in tx 6d35cc6bda3071fc7107578dc6a0c2553f,bytecode_pattern,0x3c7942b94fa7d4c9a887c8a0b8e4094270d939e8,True,False,,,,,,,,,,,,,NEEDS_REVIEW,0,False,,0,0,,behavioral,0,NEEDS_REVIEW,,0,0,970,8,0.001,STILL_AMBIGUOUS,"interactors=8, tx=970, revert=0.1%, source_chars=0, verified=False"
0x981c6b69641a0f48c53463cc733fe51edf79b223,base,Behavioral confirmation: bot 0x0f5621be87add79553542a52ddca3a637c6e1703 trapped in tx ebac6b2e31b431ededd45880381b952147,bytecode_pattern,0x4b4ca2bfaecc8bcf22a231977edca261e8302518,True,False,,,,,,,,,,,,,NEEDS_REVIEW,0,False,,0,0,,behavioral,0,NEEDS_REVIEW,,0,0,16,10,1.000,LIKELY_TP_FROM_REVERT_PROFILE,"10 interactors, 100.0% revert rate — trap signature"
0x0739a3832ea7fff5a793ad1050cb95346a5c854c,base,Behavioral confirmation: bot 0xf192ae524b033e2a66539a7e4388423d7e994bf6 trapped in tx c2dc08bb1cff5384b238be82141e0640e2,bytecode_pattern,0x2187b98c254b50b2d785eaf36e333959784f6904,True,False,,,,,,,,,,,,,NEEDS_REVIEW,1,False,,0,0,,behavioral,0,NEEDS_REVIEW,,0,0,3016,4,0.604,STILL_AMBIGUOUS,"interactors=4, tx=3016, revert=60.4%, source_chars=0, verified=False"
0x91d7d9460e8ea59c75c092cc28e724e1e03605f5,base,Behavioral confirmation: bot 0x069d202dbb0a2f2cae0e774584b92ed9cafa3561 trapped in tx 4f5d77846901d672ee470a392a1854faba,bytecode_pattern,0xf06de65a69a3aa1aa2e3b7edf1e90e9ad4ebffbc,True,False,,,,,,,,,,,,,NEEDS_REVIEW,0,False,,0,0,,behavioral,0,NEEDS_REVIEW,,0,0,43,2,0.023,STILL_AMBIGUOUS,"interactors=2, tx=43, revert=2.3%, source_chars=0, verified=False"
0x91734696e8164cbf79b666569d2504b0e21218f6,base,Behavioral confirmation: bot 0xa199820ba026c534025cae219d019c353c80a99a trapped in tx 7729a60dd7743fcf4992c7167bbc2359c4,deployer_history,0x46a1eee3d800799726faaf18f28360eb2e97ad63,True,False,Ardinal,,,,Ardinal,ARDI,ERC-721,0,,,,,NEEDS_REVIEW,1,False,,0,0,,behavioral,0,NEEDS_REVIEW,,0,0,91,27,0.220,STILL_AMBIGUOUS,"interactors=27, tx=91, revert=22.0%, source_chars=0, verified=False"
0x21c2eba56c440c292a32f0fdd16c26be13d391bb,base,Behavioral confirmation: bot 0x631aca14ed0bac025c5a9a83b072afbcd9e77d6c trapped in tx 4404c2d09fd83b14aef907ed3795f40ae4,deployer_history,0x46a1eee3d800799726faaf18f28360eb2e97ad63,True,False,,,,,,,,,,,,,NEEDS_REVIEW,1,False,,0,0,,behavioral,0,NEEDS_REVIEW,,0,0,7566,38,0.575,STILL_AMBIGUOUS,"interactors=38, tx=7566, revert=57.5%, source_chars=0, verified=False"
0xd9c7db68bab3eff332e64112037caf47c8fc8688,base,Behavioral confirmation: bot 0xbbc721a939546c8f8efa30913986f63405592015 trapped in tx 172f94699893f01423bf3ef44515dc9254,bytecode_pattern,0xbd402823cbc82efe70e997b3c3be0af35dfdb151,True,False,,,,,,,,,,,,,NEEDS_REVIEW,0,False,,0,0,,behavioral,0,NEEDS_REVIEW,,0,0,480,2,0.002,STILL_AMBIGUOUS,"interactors=2, tx=480, revert=0.2%, source_chars=0, verified=False"
0x866f3d8cdf3bb7344ed8748577f67299ebd5c909,base,Behavioral confirmation: bot 0x1347d7bd6c57923837a157d8d9f9141e23888888 trapped in tx 02c84064e3c34b241c8e81e5d4f5efe748,deployer_history,0x66f044518cf67ecf648b6ea59ee9d840989dcbee,True,False,,,,,,,,,,,,,NEEDS_REVIEW,0,False,,0,0,,behavioral,0,NEEDS_REVIEW,,0,0,1,1,1.000,LIKELY_TP_FROM_LOW_ACTIVITY,"sparse activity: 1 interactors, 1 txs — consistent with narrow honeypot"
0x18f89114a9d161e194e8046dd2f99131124730bb,base,Self-loop: deployer 0x48d689490809f1a6967f5e58bbd26150f180b93c called own contract in reverted tx at block 45468740 (BOT,bytecode_pattern,0x48d689490809f1a6967f5e58bbd26150f180b93c,True,False,,,,,,,,,,,,,NEEDS_REVIEW,1,False,,0,0,,self_loop,0,NEEDS_REVIEW,,0,0,1,1,0.000,LIKELY_TP_FROM_LOW_ACTIVITY,"sparse activity: 1 interactors, 1 txs — consistent with narrow honeypot"
0x0bf53638b1674743190ff7c4c70558f0f347d910,base,Behavioral confirmation: bot 0xd562820feb2bcea2aa06e53d758b33fd28f454e6 trapped in tx 170b3581a571c61ae18feb886221840a78,deployer_history,0x31e54d1ccc43772bd04981b8cc07e8ae6f0af327,True,False,"MI - May 10, 2024",,,,"MI - May 10, 2024",MIMAY1,ERC-721,0,,,,,NEEDS_REVIEW,0,False,,0,0,,behavioral,0,NEEDS_REVIEW,,0,0,6,2,0.333,LIKELY_TP_FROM_LOW_ACTIVITY,"sparse activity: 2 interactors, 6 txs — consistent with narrow honeypot"
0xcda30eef3d56a96c8b010ed7d21ddf2f34f42d54,base,Behavioral confirmation: bot 0x675a38b2a29376e1db300bba72f2fd5e2fd56dd6 trapped in tx 11fe2cce54434c84ea2514a39f33bd458e,deployer_history,0x4f7636a37590ac1c5caef8b653319fb0491e9f1e,True,True,BASE6,,,,,,,,,,,,NEEDS_REVIEW,0,False,,0,0,,behavioral,0,NEEDS_REVIEW,,206,0,1,1,1.000,LIKELY_TP_FROM_LOW_ACTIVITY,"sparse activity: 1 interactors, 1 txs — consistent with narrow honeypot"
0xa327f4e4cebdc9940570a86aa9b0c8883a673433,base,Behavioral confirmation: bot 0xd43fe73d4d754e78dda0a5e6b2d365297456cd79 trapped in tx 6a62f56e113d28bf0c0d869fb242e35ec4,bytecode_pattern,0xbcd695fc0fbd6d3754171ceaf82155236eff88f6,True,True,BULLBASE,,,,BULLBASE,BULLBASE,ERC-20,0,,,,,NEEDS_REVIEW,0,False,,33,2,16.50,behavioral,0,STILL_NEEDS_REVIEW,ERC20-interface,28914,0,49,34,0.020,LIKELY_FP_FROM_SOURCE,verified source matches: ERC20-interface
0x2fddb4eeb8c2fb8a2213b5e888c98fc8209f89e0,base,Behavioral confirmation: bot 0xae81c12f03bb004eb5f96f4fbd464e48c358c070 trapped in tx df1f869ba6f90ec280e641034c99121cfa,bytecode_pattern,0x53305588b21e185cacb6f4c5692e676c9efb470b,True,True,DeaderalReserveProtocol,,,,,,,,,,,,NEEDS_REVIEW,0,False,,0,0,,behavioral,0,NEEDS_REVIEW,ERC20-interface|OpenZeppelin|OpenZeppelin-ERC20|OpenZeppelin-Ownable,77251,0,39,8,0.231,LIKELY_FP_FROM_SOURCE,"verified source matches: ERC20-interface, OpenZeppelin, OpenZeppelin-ERC20, OpenZeppelin-Ownable"
0x2a073c9e497bec9f9e5b16725149d2e6a2b7f656,base,Behavioral confirmation: bot 0x675a38b2a29376e1db300bba72f2fd5e2fd56dd6 trapped in tx 74a2b3061d8e71412dfb65047d2ca6a624,bytecode_pattern,0x48d689490809f1a6967f5e58bbd26150f180b93c,True,False,,,,,,,,,,,,,NEEDS_REVIEW,1,False,,0,0,,behavioral,0,NEEDS_REVIEW,,0,0,1,1,1.000,LIKELY_TP_FROM_LOW_ACTIVITY,"sparse activity: 1 interactors, 1 txs — consistent with narrow honeypot"
0xf1ed41ad769454bcd457cf84f37fb25d2ec58ef4,arbitrum,Behavioral confirmation: bot 0x11888716817f5bc4791e904ceaaf1c8a1e3d7afc trapped in tx b17eb866ea6e02889196efe16b807a5ab9,deployer_history,0xc129f543f1e166aa26ab86f5e5d25d56ef915ffd,True,True,defimarketplus HIGHER-USD,,,,defimarketplus HIGHER-USD,hmUSD,ERC-20,2,,,,,NEEDS_REVIEW,2,False,,0,0,,behavioral,0,STILL_NEEDS_REVIEW,,22852,0,41,4,0.024,STILL_AMBIGUOUS,"interactors=4, tx=41, revert=2.4%, source_chars=22852, verified=True"
0xaa75becc8c2c4f68f7ee34c1f933f3d27b80b090,base,Behavioral confirmation: bot 0x6fbd620bc2641238bad794f9402a88200d18dca5 trapped in tx 6d9ace072fa09bddcfa55442ff8affb8f1,bytecode_pattern,0x0f58a320f46899f60342f995d683ab1fcc696ceb,True,True,BloomMining,,,,,,,,,,,,NEEDS_REVIEW,0,True,-/-/fee,0,0,,behavioral,0,NEEDS_REVIEW,ERC20-interface|OpenZeppelin|OpenZeppelin-ERC20|OpenZeppelin-Ownable,26236,0,272,78,0.004,LIKELY_FP_FROM_SOURCE,"verified source matches: ERC20-interface, OpenZeppelin, OpenZeppelin-ERC20, OpenZeppelin-Ownable"
0x05d485af9cec7c969f61a3fa146774c890d3ed3a,arbitrum,Behavioral confirmation: bot 0x6f13bedd3255a01e677a5fbbaceb77e5dfa8971e trapped in tx 1d27605b6d5f2bf5b0a7cd31530e94e48b,bytecode_pattern,0xb5a92fffc497aa557baa298c2648999a02ce4166,True,False,,,,,,,,,,,,,NEEDS_REVIEW,0,True,-/-/fee,0,0,,behavioral,0,NEEDS_REVIEW,,0,0,20,3,0.250,STILL_AMBIGUOUS,"interactors=3, tx=20, revert=25.0%, source_chars=0, verified=False"
0xbf7cd21157dbba9704562179cdca365cc651db9e,base,Behavioral confirmation: bot 0x6fbd620bc2641238bad794f9402a88200d18dca5 trapped in tx 590ab8100ae5f4bc403969ed5606b8e826,bytecode_pattern,0x5760c8188a664dae3acc1047239c97052c694550,True,False,,,,,,,,,,,,,NEEDS_REVIEW,0,True,-/-/-,0,0,,behavioral,0,NEEDS_REVIEW,,0,0,975,3,0.001,STILL_AMBIGUOUS,"interactors=3, tx=975, revert=0.1%, source_chars=0, verified=False"
0x6a4f1ca0482d2c90f486d2f32cb5317504eef210,base,Behavioral confirmation: bot 0xccc0c1b584fc5d9ec3969545dbbbab52db6ec687 trapped in tx 5203464387debd7c64171239a0760e5c7e,bytecode_pattern,0xcaccd906389c10a78a6d582c2c39f354c9baf3f9,True,False,,,,,,,,,,,,,NEEDS_REVIEW,1,False,,0,0,,behavioral,0,NEEDS_REVIEW,,0,0,9,2,0.889,LIKELY_TP_FROM_LOW_ACTIVITY,"sparse activity: 2 interactors, 9 txs — consistent with narrow honeypot"
0xd3260f77cd0e38a3a4e55b6666c28257714c7101,base,Behavioral confirmation: bot 0x1d7d4da72a32b0ab37b92c773c15412381c7203a trapped in tx 5bfd5184e9aa18138d7dfab0d4aa1b1a5e,bytecode_pattern,0x9eb566cc59e3e9d42209dd2d832740a6a74f5f23,True,False,,,,,,,,,,,,,NEEDS_REVIEW,0,False,,0,0,,behavioral,0,NEEDS_REVIEW,,0,0,33,8,0.091,STILL_AMBIGUOUS,"interactors=8, tx=33, revert=9.1%, source_chars=0, verified=False"
0xbf5db1bf2cdf8a70a0b73988e856bd90181003af,base,Behavioral confirmation: bot 0x829bb1ad5bbe9e92570c739d0e19b2a1c905cf0b trapped in tx 772a619e06f9ad232e2f854f52e20b64a1,bytecode_pattern,0xcaccd906389c10a78a6d582c2c39f354c9baf3f9,True,False,,,,,,,,,,,,,NEEDS_REVIEW,1,False,,0,0,,behavioral,0,NEEDS_REVIEW,,0,0,6044,2,0.143,STILL_AMBIGUOUS,"interactors=2, tx=6044, revert=14.3%, source_chars=0, verified=False"
0x1f6451bd914d2b5170ad4d8d2075defaf3b3f10d,base,Self-loop: deployer 0xbc85088c3f7f0c2d4462b1b0ce9b7663ac62034f called own contract in reverted tx at block 45528629 (BOT,bytecode_pattern,0xbc85088c3f7f0c2d4462b1b0ce9b7663ac62034f,True,False,,,,,,,,,,,,,NEEDS_REVIEW,1,False,,0,0,,self_loop,0,NEEDS_REVIEW,,0,0,34530,2,0.513,STILL_AMBIGUOUS,"interactors=2, tx=34530, revert=51.3%, source_chars=0, verified=False"
0x24b418fb6563c35d0d739f9a2ba102fa8783fa2e,base,Behavioral confirmation: bot 0x317502a767017ed1e81cceba36a3c3b6ab541adb trapped in tx f4cff67bf7d3fa2de8d2d8afc016df53a3,bytecode_pattern,0x72747b3100031e3f8b88a83f6eb52c506d8a84af,True,False,NAP,,,,NAP,NAP,ERC-20,57,,,,,NEEDS_REVIEW,0,False,,150,12,12.50,behavioral,0,NEEDS_REVIEW,,0,0,960,158,0.003,LIKELY_FP_FROM_ACTIVITY,"diverse activity: 158 interactors, 960 txs, 0.3% revert"
0x9036cb7445d961b8c42a0dd36525e729eed8b5e0,base,Behavioral confirmation: bot 0xe4e628ac8572a958d02ec2ed5b12648b1d6999ed trapped in tx 1da5a4e3422641419946f545bc12e2a80c,bytecode_pattern,0xe9cc759c263d6d784df530ffaacf5ba88222ca4b,True,False,,,,,,,,,,,,,NEEDS_REVIEW,0,False,,0,0,,behavioral,0,NEEDS_REVIEW,,0,0,2888,3,0.001,STILL_AMBIGUOUS,"interactors=3, tx=2888, revert=0.1%, source_chars=0, verified=False"
0xd8319c87943c3dc3226d16b188173062c9f0a1f8,base,Behavioral confirmation: bot 0x02f0f958018d24b8e3ed84978a3c43878f4eea14 trapped in tx 8f606502a81c0e869f7e62f1a6268839d9,deployer_history,0xb9512eb9da2bafcf49ffdd9f0d2661d971812091,True,False,,,,,,,,,,,,,NEEDS_REVIEW,0,False,,0,0,,behavioral,0,NEEDS_REVIEW,,0,0,1,1,1.000,LIKELY_TP_FROM_LOW_ACTIVITY,"sparse activity: 1 interactors, 1 txs — consistent with narrow honeypot"
0xbff5fe7c1565d61aa57ca19192ec4af81a4ab8ee,arbitrum,Behavioral confirmation: bot 0x4bdb8234ad81f26985d257f36a2d2d8c30365546 trapped in tx 86e2508581d7e24b1675e106e1000504c3,deployer_history,0x0f922eea78cf9831895c1fd95592be66f5df13f7,True,False,,,,,,,,,,,,,NEEDS_REVIEW,0,False,,0,0,,behavioral,0,NEEDS_REVIEW,,0,0,11,1,0.727,STILL_AMBIGUOUS,"interactors=1, tx=11, revert=72.7%, source_chars=0, verified=False"
0x4622e578ca79864dd475cc241e623e2ba556fb1b,base,Behavioral confirmation: bot 0xaa01b6073fd8a3e60261b5aab9c26f29434ccb6a trapped in tx b3cd14d07c85aa04bbc41bb5195b8a022f,deployer_history,0x17d518736ee9341dcdc0a2498e013d33cfcdd080,True,False,,,,,,,,,,,,,NEEDS_REVIEW,0,False,,0,0,,behavioral,0,NEEDS_REVIEW,,0,0,10,2,0.300,LIKELY_TP_FROM_LOW_ACTIVITY,"sparse activity: 2 interactors, 10 txs — consistent with narrow honeypot"
0x20f6ee51340adeed01a59b0e65cb3703f3dc860c,arbitrum,Behavioral confirmation: bot 0xcd6b980029e6e6e0733ac8ec3e02be9410d09799 trapped in tx 1bc9d1e34eae5cc6d63e375b00d7b791e7,bytecode_pattern,0x9f2efccb4041236c7b683521de9459958977f694,True,True,DexAggregator,,,,,,,,,,,,NEEDS_REVIEW,0,False,,0,0,,behavioral,0,NEEDS_REVIEW,OpenZeppelin-Ownable,66383,0,3917,268,0.367,LIKELY_FP_FROM_SOURCE,verified source matches: OpenZeppelin-Ownable
0xdc2357e6f9b915b4ae0c19ec0be818d914bf4410,base,Behavioral confirmation: bot 0x2c75198547a1198bd5d4bec44370490273ee8f44 trapped in tx e2fbb5657ac4075982db9ee325b3a86e7c,deployer_history,0x0ec9902a59b5a19132d2c4f82599868698ccec67,True,True,GenFortuneMarketplace,,,,,,,,,,,,NEEDS_REVIEW,0,False,,0,0,,behavioral,0,NEEDS_REVIEW,,5269,0,4,2,0.750,LIKELY_TP_FROM_LOW_ACTIVITY,"sparse activity: 2 interactors, 4 txs — consistent with narrow honeypot"
0x028088649924c6c277d22f79aad8a258ff80e26a,base,Behavioral confirmation: bot 0xd4d065624f7d0f2b67f454903bc7ad24d65d1d0e trapped in tx 06388e654ccddafb28e14c26841d600360,bytecode_pattern,0xf0a6975d4a1da1a328b9426350d490c6141e5adb,True,True,StakingLocker,,,,,,,,,,,,NEEDS_REVIEW,0,True,asym/-/fee,0,0,,behavioral,0,NEEDS_REVIEW,ERC20-interface|OpenZeppelin|OpenZeppelin-ERC20,81130,0,80,41,0.013,LIKELY_FP_FROM_SOURCE,"verified source matches: ERC20-interface, OpenZeppelin, OpenZeppelin-ERC20"
0x23344ace13a3e5bf92cff73142fda58ddd33f3b0,base,Behavioral confirmation: bot 0x542b81d019ee68b5a9cbc0a90c832477e09ee3b9 trapped in tx 162cd051337e7b7eccdb2c1fe06e961546,bytecode_pattern,0x07f9dc153d792ddf26cc57b0d28a04b155cc2b5c,True,False,,,,,,,,,,,,,NEEDS_REVIEW,0,False,,0,0,,behavioral,0,NEEDS_REVIEW,,0,0,531,2,0.996,STILL_AMBIGUOUS,"interactors=2, tx=531, revert=99.6%, source_chars=0, verified=False"
0x1a817f4e0f6398613ecc3c329c80fa7789edac5c,base,Behavioral confirmation: bot 0x1fabcd716472b66816e885b1baf6b653784d8da1 trapped in tx 012e7cbafd7170f8e0c230d0e99933df0a,bytecode_pattern,0x2f066e6ff7e01d5a559f119488f8891384741f72,True,False,,,,,,,,,,,,,NEEDS_REVIEW,0,False,,0,0,,behavioral,0,NEEDS_REVIEW,,0,0,1,1,1.000,LIKELY_TP_FROM_LOW_ACTIVITY,"sparse activity: 1 interactors, 1 txs — consistent with narrow honeypot"
0xf9a8eadfe12a90cb375eee524f03d66ecace5daa,optimism,Behavioral confirmation: bot 0xd8119b4b10c58a3ffa93ba77f6633344e282036e trapped in tx 422d5d286f897daa21cb7391dd5a8dcf64,deployer_history,0xb835af52422a14c917d4b37b36c9a73d24770261,True,False,,,,,,,,,,,,,NEEDS_REVIEW,0,False,,0,0,,behavioral,0,NEEDS_REVIEW,,0,0,152341,39,0.347,STILL_AMBIGUOUS,"interactors=39, tx=152341, revert=34.7%, source_chars=0, verified=False"
0xa7679e94cb1498d9e30d2a0dc3ace4bdbdbf9bb4,base,Behavioral confirmation: bot 0xd10064c8f1ef2125002149465ab16e0efd980587 trapped in tx 11f44097597503b87942f38d2a2eb7435a,deployer_history,0x82c010b63ef0a47c7419f2261e4c70c2d4bad5e7,True,True,TransparentUpgradeableProxy,,,,Super Gacha Dev,FBP-NFT-DEV,ERC-1155,1,,,,,NEEDS_REVIEW,0,False,,0,0,,behavioral,0,STILL_NEEDS_REVIEW,OpenZeppelin-Ownable,35397,0,394,10,0.023,LIKELY_FP_FROM_SOURCE,verified source matches: OpenZeppelin-Ownable
0x058ab566b337ff69863fc5fb232cbcf2e7dd416e,base,Behavioral confirmation: bot 0x3fbb78da872202ced3ddc14136cd432ee5af1074 trapped in tx caddbf04a314fc215df8749f709e99b3cc,bytecode_pattern,0x747d1381d719d803ed59b6312e8870cbb91e473f,True,False,,,,,,,,,,,,,NEEDS_REVIEW,0,False,,0,0,,behavioral,0,NEEDS_REVIEW,,0,0,38,7,0.079,STILL_AMBIGUOUS,"interactors=7, tx=38, revert=7.9%, source_chars=0, verified=False"
0x765f39e0959ccd8f849937135d607494f967f1a7,base,Behavioral confirmation: bot 0x3380266ca63ab28009c0d1dd5f221fc1e733bb9d trapped in tx c213a16f9b0eae2d79a3f81e053884ce2e,deployer_history,0x95a02229aa8c02841b7ca51aaa3c74e172276e94,True,True,ERC1967Proxy,,,,teststakingPOD,testxPOD,ERC-20,2,,,,,NEEDS_REVIEW,3,False,,2,1,2.00,behavioral,0,STILL_NEEDS_REVIEW,,21779,0,22,5,0.045,STILL_AMBIGUOUS,"interactors=5, tx=22, revert=4.5%, source_chars=21779, verified=True"
0x8c86e97d26fbf7c77b5756714856a060596663f5,arbitrum,Behavioral confirmation: bot 0x17d9412819846756fe2f0bbd41c80fe65f71883e trapped in tx 050e9dbc62c4abf3bd5babeaffaf0d994a,bytecode_pattern,0xa71d501c52ad0dc0bcc02006a8d8dd95c2a73597,True,False,,,,,,,,,,,,,NEEDS_REVIEW,0,False,,0,0,,behavioral,0,NEEDS_REVIEW,,0,0,19,3,0.105,STILL_AMBIGUOUS,"interactors=3, tx=19, revert=10.5%, source_chars=0, verified=False"
0x082a99e38f9308c122ebf4f0c984616a3382b2f2,base,Behavioral confirmation: bot 0x322250f7f1d8b823e8c71fde03daac5f8b66c268 trapped in tx 4ee4898a46766bdd88ee4752fc4cded14a,bytecode_pattern,0x3b9e5466713910489db4b30e5b7c26c4545bf62f,True,False,,,,,,,,,,,,,NEEDS_REVIEW,0,False,,0,0,,behavioral,0,NEEDS_REVIEW,,0,0,6064,17,0.962,LIKELY_TP_FROM_REVERT_PROFILE,"17 interactors, 96.2% revert rate — trap signature"
0xb25b2078b048b37d22e9ec2c6693a0408a6e930f,base,Behavioral confirmation: bot 0x558de92d01ae77fe38335f5109001d3aeeac2b85 trapped in tx 6b93bc2c75a1884e93738e0b1e1154d887,deployer_history,0x353317ea2e0331be404ef897069053bc10b46611,True,False,RogueAIAgent,,,,RogueAIAgent,RAGENT,ERC-721,52,,,,,NEEDS_REVIEW,1,False,,0,0,,behavioral,0,NEEDS_REVIEW,,0,0,106410,100,0.027,LIKELY_FP_FROM_ACTIVITY,"diverse activity: 100 interactors, 106410 txs, 2.7% revert"
0x49f8b0f4cae5a97b86bd24c4814a8f5bd8a67f2c,base,Behavioral confirmation: bot 0xfe533e55ac2898ef33885564b841e04fa6bda9bd trapped in tx 68385940f1e6e16c56e1acf4cc8bdcbc35,deployer_history,0xc5eadeda9ed7a4aa542a62df0cdf0adbeb551813,True,False,,,,,,,,,,,,,NEEDS_REVIEW,0,False,,0,0,,behavioral,0,NEEDS_REVIEW,,0,0,22,1,0.273,STILL_AMBIGUOUS,"interactors=1, tx=22, revert=27.3%, source_chars=0, verified=False"
0x9cba66310e25b001d39eaab512ae31d44e0d6b21,base,Behavioral confirmation: bot 0xb4c3931e5ec48fb66854afe5873336652aeb078a trapped in tx c08c8b8b67ca69176a558b9d6577b06f50,bytecode_pattern,0xcd5b8d9678104732acb7447f898927994baa9c04,True,True,TicketFactory,,,,,,,,,,,,NEEDS_REVIEW,1,False,,0,0,,behavioral,0,NEEDS_REVIEW,ERC20-interface|OpenZeppelin|OpenZeppelin-ERC20|OpenZeppelin-Ownable,32848,0,45,6,0.044,LIKELY_FP_FROM_SOURCE,"verified source matches: ERC20-interface, OpenZeppelin, OpenZeppelin-ERC20, OpenZeppelin-Ownable"
0x48821e2da39e6ac963afcfe22e33bb38660e3f36,base,Behavioral confirmation: bot 0x675a38b2a29376e1db300bba72f2fd5e2fd56dd6 trapped in tx d9304408711ef204af3f107dd8d24f9cad,bytecode_pattern,0x8ffdd4efa051b82b13e5a86ce18eef8f8b5b7813,True,True,Token2,,,,tungtungtung,Sahur,ERC-20,6,,,,,NEEDS_REVIEW,0,False,,0,0,,behavioral,0,STILL_NEEDS_REVIEW,ERC20-interface,19008,0,1,1,1.000,LIKELY_FP_FROM_SOURCE,verified source matches: ERC20-interface
0xc45d858b87c48c984f7690e063b4a3302f40b6e0,base,Behavioral confirmation: bot 0x675a38b2a29376e1db300bba72f2fd5e2fd56dd6 trapped in tx 6c240c603b33021d50062877cfa428f2df,bytecode_pattern,0xd4f1254c803662c46d9c21f80f4f3c15ff57e2c9,True,False,,,,,,,,,,,,,NEEDS_REVIEW,0,True,asym/-/-,0,0,,behavioral,0,NEEDS_REVIEW,,0,0,1,1,1.000,LIKELY_TP_FROM_LOW_ACTIVITY,"sparse activity: 1 interactors, 1 txs — consistent with narrow honeypot"
0x0f2d2eb8bc31e4086a9ee165616b5c1dc865af28,base,Behavioral confirmation: bot 0xd3e0dd5d534f78d26c7fa16f8587f6c6b1e23d21 trapped in tx a6b7ced523f221c64a1f4445cdd18d0c25,bytecode_pattern,0x9ef26fb43cfe52dd907957edcbb88f1da7aaf205,True,False,,,,,,,,,,,,,NEEDS_REVIEW,0,False,,0,0,,behavioral,0,NEEDS_REVIEW,,0,0,473,157,0.027,LIKELY_FP_FROM_ACTIVITY,"diverse activity: 157 interactors, 473 txs, 2.7% revert"
0xb5a29cc64e68f243a4c6ca2ea0553fbee5b1cf71,base,Behavioral confirmation: bot 0x675a38b2a29376e1db300bba72f2fd5e2fd56dd6 trapped in tx 071fc8231588e6006725abd7f6fa4b47d2,bytecode_pattern,0xebfeea28a85286468bdb37fd7169c37542c01ce7,True,False,,,,,,,,,,,,,NEEDS_REVIEW,0,False,,0,0,,behavioral,0,NEEDS_REVIEW,,0,0,1,1,1.000,LIKELY_TP_FROM_LOW_ACTIVITY,"sparse activity: 1 interactors, 1 txs — consistent with narrow honeypot"
0x52cc9e977ca3ea33c69383a41f87f32a71140a52,base,Behavioral confirmation: bot 0x24103ea5ea17abffda8b2904acca679c798b3695 trapped in tx 919d65bce16ce17371ec5998e02867b418,deployer_history,0x87caed4e51c36a2c2ece3aaf4ddac9693d2405e1,True,False,,,,,,,,,,,,,NEEDS_REVIEW,0,False,,0,0,,behavioral,0,NEEDS_REVIEW,,0,0,12,3,0.083,STILL_AMBIGUOUS,"interactors=3, tx=12, revert=8.3%, source_chars=0, verified=False"
0x803ee9bcde603c6f88475d86ea108fa5e17f928a,base,Behavioral confirmation: bot 0x675a38b2a29376e1db300bba72f2fd5e2fd56dd6 trapped in tx fbe0f9c6e57cd3bbbaa0ecf50f1889d254,bytecode_pattern,0xb74fc08ef58c57cc5c8d81477895a83f874d737c,True,True,IntentRegistry,,,,,,,,,,,,NEEDS_REVIEW,0,False,,0,0,,behavioral,0,NEEDS_REVIEW,,21927,0,1,1,1.000,LIKELY_TP_FROM_LOW_ACTIVITY,"sparse activity: 1 interactors, 1 txs — consistent with narrow honeypot"
0xd078148d3442a1cebaaa5780ca67a8c355a755bd,base,Behavioral confirmation: bot 0x675a38b2a29376e1db300bba72f2fd5e2fd56dd6 trapped in tx 0594e1cd57a9d1b05bdcc3686c14d0cc8a,deployer_history,0x2b2438894119339571961e7ed951a2e2bc376e45,True,True,GlobalOwner,,,,,,,,,,,,NEEDS_REVIEW,0,False,,0,0,,behavioral,0,NEEDS_REVIEW,OpenZeppelin|OpenZeppelin-Ownable|OpenZeppelin-UUPS,42918,0,1,1,1.000,LIKELY_FP_FROM_SOURCE,"verified source matches: OpenZeppelin, OpenZeppelin-Ownable, OpenZeppelin-UUPS"
0xea30a3c8d8d40e5c8588ea065978f3a7e0779a45,base,Behavioral confirmation: bot 0x675a38b2a29376e1db300bba72f2fd5e2fd56dd6 trapped in tx f6d3cf10e5b426d5ae1713ddbc43750303,deployer_history,0x7d43d4fe8275552e9efb8361a4c6d17eb4c9ef03,True,True,ERC20Plus,,,,,,,,,,,,NEEDS_REVIEW,1,False,,0,0,,behavioral,0,NEEDS_REVIEW,ERC20-interface|LayerZero|OpenZeppelin|OpenZeppelin-AccessControl|OpenZeppelin-ERC20,272638,0,1,1,1.000,LIKELY_FP_FROM_SOURCE,"verified source matches: ERC20-interface, LayerZero, OpenZeppelin, OpenZeppelin-AccessControl, OpenZeppelin-ERC20"
0x2a9eef446abe43272b996fa8184c626117d4b0b3,base,Behavioral confirmation: bot 0x675a38b2a29376e1db300bba72f2fd5e2fd56dd6 trapped in tx 7b0ce0a3bd7ed82192f1a5a0b59eca3542,deployer_history,0x7d43d4fe8275552e9efb8361a4c6d17eb4c9ef03,True,True,TransparentUpgradeableProxy,,,,,,,,,,,,NEEDS_REVIEW,1,False,,0,0,,behavioral,0,NEEDS_REVIEW,OpenZeppelin-Ownable,35397,0,9,2,0.111,LIKELY_FP_FROM_SOURCE,verified source matches: OpenZeppelin-Ownable
0x1cd732156834725868397928c40ef4a0d1ecbd97,base,Behavioral confirmation: bot 0x675a38b2a29376e1db300bba72f2fd5e2fd56dd6 trapped in tx d0279ba68249325421bf34f0101d113648,bytecode_pattern,0x3e2313816e7263827202706ab8c9773ed6e3f3ba,True,True,HubStakingVault,,,,,,,,,,,,NEEDS_REVIEW,0,False,,0,0,,behavioral,0,NEEDS_REVIEW,ERC20-interface|OpenZeppelin|OpenZeppelin-ERC20|OpenZeppelin-Ownable,38532,0,1,1,1.000,LIKELY_FP_FROM_SOURCE,"verified source matches: ERC20-interface, OpenZeppelin, OpenZeppelin-ERC20, OpenZeppelin-Ownable"
0xaf25e7cb684e31c45f63693b4e0c1ada7afbfb15,base,Behavioral confirmation: bot 0x675a38b2a29376e1db300bba72f2fd5e2fd56dd6 trapped in tx 583d936ba08cbd7bdb3442e35f61aefeb6,deployer_history,0xb41a7c117fa19c724216fa94ca0e0fbd3161bbb2,True,False,Mock USD Coin,,,,Mock USD Coin,USDC,ERC-20,3,,,,,NEEDS_REVIEW,0,False,,0,0,,behavioral,0,NEEDS_REVIEW,,0,0,9,2,0.111,LIKELY_TP_FROM_LOW_ACTIVITY,"sparse activity: 2 interactors, 9 txs — consistent with narrow honeypot"
0x4cded3959aae1026e325a3812a16a4347cba3408,base,Behavioral confirmation: bot 0x675a38b2a29376e1db300bba72f2fd5e2fd56dd6 trapped in tx d5a8a08d4aeae6fdfe324f0abb995cf4cc,bytecode_pattern,0x594407e951ee44884de1ee6e34a04c83fcb5c238,True,False,,,,,,,,,,,,,NEEDS_REVIEW,0,True,-/-/-,0,0,,behavioral,0,NEEDS_REVIEW,,0,0,1,1,1.000,LIKELY_TP_FROM_LOW_ACTIVITY,"sparse activity: 1 interactors, 1 txs — consistent with narrow honeypot"
0xaced5f2f7b6b18035b726a47793c91717c224c36,base,Behavioral confirmation: bot 0x675a38b2a29376e1db300bba72f2fd5e2fd56dd6 trapped in tx 7746ed82bee2281a177576a0d0210fce12,bytecode_pattern,0xea5b99ca3926690ee4ec49c232595f432de8ae20,True,False,,,,,,,,,,,,,NEEDS_REVIEW,0,False,,0,0,,behavioral,0,NEEDS_REVIEW,,0,0,6,2,0.333,LIKELY_TP_FROM_LOW_ACTIVITY,"sparse activity: 2 interactors, 6 txs — consistent with narrow honeypot"
0x2ac7e12e5ff6e0e51eca2908e2bbe30879b5d8dd,base,Behavioral confirmation: bot 0x675a38b2a29376e1db300bba72f2fd5e2fd56dd6 trapped in tx 648a388c188688480c94fce648dedd19e1,bytecode_pattern,0x2e991192756b3c82ca4af3d9eb946130b3763f7f,True,True,ERC721SeaDrop,,,,NullBot ACO Test 2,NLB,ERC-721,5,,,,,NEEDS_REVIEW,0,True,asym/-/-,0,0,,behavioral,0,STILL_NEEDS_REVIEW,ERC20-interface|OpenZeppelin|OpenZeppelin-Ownable|Solmate,190024,0,10,2,0.100,LIKELY_FP_FROM_SOURCE,"verified source matches: ERC20-interface, OpenZeppelin, OpenZeppelin-Ownable, Solmate"
0xa31e29b74a31e22ed791b543da211f86fe4ed1af,base,Behavioral confirmation: bot 0x675a38b2a29376e1db300bba72f2fd5e2fd56dd6 trapped in tx c54e78a8cba6dca4f0b2a5fab8c5e98a0d,deployer_history,0x26d7dfb6285f1291405593bac002c4e03dd683b5,True,True,SynthaxAI Test,,,,SynthaxAI Test,SYNTH,ERC-20,1,,,,,NEEDS_REVIEW,0,False,,0,0,,behavioral,0,STILL_NEEDS_REVIEW,ERC20-interface,85473,0,1,1,1.000,LIKELY_FP_FROM_SOURCE,verified source matches: ERC20-interface
0x20bcbda9755512d46802174668b34dbc6f357a40,base,Behavioral confirmation: bot 0x6336507d4096ca0c8226da4dcf295b844ef9c277 trapped in tx 48218a89ae3ee9497c61173aeeaa2a5b5c,deployer_history,0x5e00e0ca9549f168f82bbbfb6ea9cfccef23a592,True,False,,,,,,,,,,,,,NEEDS_REVIEW,1,False,,0,0,,behavioral,0,NEEDS_REVIEW,,0,0,26,4,0.038,STILL_AMBIGUOUS,"interactors=4, tx=26, revert=3.8%, source_chars=0, verified=False"
0x989a62637e8d19fbdf163369407048c1c0e5bd21,base,Behavioral confirmation: bot 0x675a38b2a29376e1db300bba72f2fd5e2fd56dd6 trapped in tx 98f9945568196efa073e2ba1e7787edeb4,deployer_history,0x5e00e0ca9549f168f82bbbfb6ea9cfccef23a592,True,True,CompoundV3Strategy,,,,,,,,,,,,NEEDS_REVIEW,1,False,,0,0,,behavioral,0,NEEDS_REVIEW,ERC20-interface|OpenZeppelin|OpenZeppelin-ERC20|OpenZeppelin-Ownable,47544,0,1,1,1.000,LIKELY_FP_FROM_SOURCE,"verified source matches: ERC20-interface, OpenZeppelin, OpenZeppelin-ERC20, OpenZeppelin-Ownable"
0x173f5d687b03565a1094cd120a0016289a124c11,base,Behavioral confirmation: bot 0x675a38b2a29376e1db300bba72f2fd5e2fd56dd6 trapped in tx 8368bed043f196223ccdb9401d681f0531,deployer_history,0x4df504dea3bbf5bae046204f1bb88e8534637677,True,False,BasePeg,,,,BasePeg,bPEG,ERC-20,1,,,,,NEEDS_REVIEW,0,False,,0,0,,behavioral,0,NEEDS_REVIEW,,0,1,1,1,1.000,LIKELY_FP_FROM_CLUSTER,deployer has 1 other LIKELY_FP contract(s) in Phase A — siblings likely legitimate
0xdd18f45a018c8723d63f855e03078bc7c091c017,base,Behavioral confirmation: bot 0x675a38b2a29376e1db300bba72f2fd5e2fd56dd6 trapped in tx d80358031f98946df11fbd3d6a0d425f23,bytecode_pattern,0x47fef7c31e0561096ed4d31b5b16dde5ae5cf94b,True,False,SHARE,,,,SHARE,PFA,ERC-721,1,,,,,NEEDS_REVIEW,0,True,-/-/-,0,0,,behavioral,0,NEEDS_REVIEW,,0,0,1,1,1.000,LIKELY_TP_FROM_LOW_ACTIVITY,"sparse activity: 1 interactors, 1 txs — consistent with narrow honeypot"
0xc97f035410ae159fe4ba421da6bc02bd84ff3fa9,base,Behavioral confirmation: bot 0x675a38b2a29376e1db300bba72f2fd5e2fd56dd6 trapped in tx 9875f80af99b5f3ce91b794bb12eb1c5af,bytecode_pattern,0x383a6a34c623c02dcf9bb7069fae4482967fb713,True,False,,,,,,,,,,,,,NEEDS_REVIEW,0,False,,0,0,,behavioral,0,NEEDS_REVIEW,,0,0,1,1,1.000,LIKELY_TP_FROM_LOW_ACTIVITY,"sparse activity: 1 interactors, 1 txs — consistent with narrow honeypot"
0x40f8809a279e38ac6a687bfb5b9c9bc91f449af3,arbitrum,Behavioral confirmation: bot 0x8b05f283f46f757959e87239922d78e108bbbf2c trapped in tx 521c0a4b80929eb4a8094572d615c966c1,deployer_history,0xd660fa35cd16f768e41c8e09729e39385b51f55c,True,False,,,,,,,,,,,,,NEEDS_REVIEW,1,False,,0,0,,behavioral,0,NEEDS_REVIEW,,0,0,5,2,0.400,LIKELY_TP_FROM_LOW_ACTIVITY,"sparse activity: 2 interactors, 5 txs — consistent with narrow honeypot"
0x3a426753d78196aae2e9bc06b1bd9b3326fdead3,base,Behavioral confirmation: bot 0x675a38b2a29376e1db300bba72f2fd5e2fd56dd6 trapped in tx e65a86a28ac0453569fa9357289c24040b,deployer_history,0x696f619f7047ddf5fa63175a405f5925dc03ace1,True,True,MyToken,,,,Hopeum,HOPE,ERC-20,8,,,,,NEEDS_REVIEW,0,False,,1,1,1.00,behavioral,0,STILL_NEEDS_REVIEW,ERC20-interface,26312,0,5,3,0.200,LIKELY_FP_FROM_SOURCE,verified source matches: ERC20-interface
0xd8c46a5b27b8fdce13c54912f353ed69a0f363ad,base,Behavioral confirmation: bot 0x675a38b2a29376e1db300bba72f2fd5e2fd56dd6 trapped in tx a3c2a2d17e163c1262ccbbaf797f3a6b12,bytecode_pattern,0x09d207d732f6c0e81e4cdafc1f2021f5e494ce57,True,False,,,,,,,,,,,,,NEEDS_REVIEW,1,True,-/rev/-,0,0,,behavioral,0,NEEDS_REVIEW,,0,0,1,1,1.000,LIKELY_TP_FROM_LOW_ACTIVITY,"sparse activity: 1 interactors, 1 txs — consistent with narrow honeypot"
0x3021a2a8f87b047e59c66b13be3d03007b66dde0,base,Behavioral confirmation: bot 0x675a38b2a29376e1db300bba72f2fd5e2fd56dd6 trapped in tx 4c614f438bf88aa6f1473dd50f8abcb071,bytecode_pattern,0x7c1cce9f517b75694b3d0c7bd809bfa4e63e68b3,True,False,IONIX Chain,,,,IONIX Chain,IONX,ERC-20,39,,,,,NEEDS_REVIEW,0,False,,0,0,,behavioral,0,NEEDS_REVIEW,,0,0,11,3,0.091,STILL_AMBIGUOUS,"interactors=3, tx=11, revert=9.1%, source_chars=0, verified=False"
0xf9ec5513f82679221172d0ad0e07e148173e176e,base,Behavioral confirmation: bot 0x675a38b2a29376e1db300bba72f2fd5e2fd56dd6 trapped in tx 5b402e1c91920a52c870ccce2ceee58ffa,bytecode_pattern,0xd9b42f470c6adb9bd5beca3f95691327c54f6637,True,False,,,,,,,,,,,,,NEEDS_REVIEW,0,False,,0,0,,behavioral,0,NEEDS_REVIEW,,0,0,1,1,1.000,LIKELY_TP_FROM_LOW_ACTIVITY,"sparse activity: 1 interactors, 1 txs — consistent with narrow honeypot"
0xa6c85db9aca0254210b7fd7ae9164b4dffeb66ec,base,Behavioral confirmation: bot 0x675a38b2a29376e1db300bba72f2fd5e2fd56dd6 trapped in tx c54b1c6b50caff159856000aa083199d8d,bytecode_pattern,0xd004027c4bc2e0bde51c23b06e80d63bcd279caf,True,False,,,,,,,,,,,,,NEEDS_REVIEW,0,False,,0,0,,behavioral,0,NEEDS_REVIEW,,0,0,1,1,1.000,LIKELY_TP_FROM_LOW_ACTIVITY,"sparse activity: 1 interactors, 1 txs — consistent with narrow honeypot"
0xd475a18affbd994b0388e772adc25c4488d4b0e0,base,Behavioral confirmation: bot 0x675a38b2a29376e1db300bba72f2fd5e2fd56dd6 trapped in tx a239199521fd22e40c86b4859393ba70ef,deployer_history,0x7cda9e29479a0fa82d5b95985c78109d0340812d,True,True,MyToken,,,,GRTOKEN,GRT,ERC-20,1,,,,,NEEDS_REVIEW,1,False,,0,0,,behavioral,0,STILL_NEEDS_REVIEW,ERC20-interface|OpenZeppelin|OpenZeppelin-ERC20|OpenZeppelin-Ownable,25367,0,1,1,1.000,LIKELY_FP_FROM_SOURCE,"verified source matches: ERC20-interface, OpenZeppelin, OpenZeppelin-ERC20, OpenZeppelin-Ownable"
0x598db80f258d424f997b39bbcc603cf3be54cdb1,base,Behavioral confirmation: bot 0x675a38b2a29376e1db300bba72f2fd5e2fd56dd6 trapped in tx 2051060145480fb86452e62e1ee80e5f2f,deployer_history,0x7cda9e29479a0fa82d5b95985c78109d0340812d,True,True,MyToken,,,,PARAOOID,OID,ERC-20,1,,,,,NEEDS_REVIEW,1,False,,0,0,,behavioral,0,STILL_NEEDS_REVIEW,ERC20-interface|OpenZeppelin|OpenZeppelin-ERC20|OpenZeppelin-Ownable,25368,0,1,1,1.000,LIKELY_FP_FROM_SOURCE,"verified source matches: ERC20-interface, OpenZeppelin, OpenZeppelin-ERC20, OpenZeppelin-Ownable"
0x9ffef998d639a2b325eeabaa9c10a2dfa0cb39e2,base,Behavioral confirmation: bot 0x675a38b2a29376e1db300bba72f2fd5e2fd56dd6 trapped in tx ad915c947cd18a58cdfe14f4ef411b194b,bytecode_pattern,0xe03d76b50bce4baf28dc3f8c4850db7d8122274a,True,False,SHARE,,,,SHARE,PFA,ERC-721,1,,,,,NEEDS_REVIEW,0,True,-/-/-,0,0,,behavioral,0,NEEDS_REVIEW,,0,0,1,1,1.000,LIKELY_TP_FROM_LOW_ACTIVITY,"sparse activity: 1 interactors, 1 txs — consistent with narrow honeypot"
0xaf9d79e7e583c2c027f51c8892961b96fb6fe870,base,Behavioral confirmation: bot 0x675a38b2a29376e1db300bba72f2fd5e2fd56dd6 trapped in tx fdcb0b8bc83d1ebf99b13049b24cc818da,bytecode_pattern,0x32292d7853c5651b5189575455394c7b3ea063c7,True,False,SHARE,,,,SHARE,PFA,ERC-721,1,,,,,NEEDS_REVIEW,0,True,-/-/-,0,0,,behavioral,0,NEEDS_REVIEW,,0,0,1,1,1.000,LIKELY_TP_FROM_LOW_ACTIVITY,"sparse activity: 1 interactors, 1 txs — consistent with narrow honeypot"
0xf18c937a735ff87648a5f32ac70d40af927898b6,base,Behavioral confirmation: bot 0x675a38b2a29376e1db300bba72f2fd5e2fd56dd6 trapped in tx a15cf5ae36503876a6e1547163ca75bcb9,bytecode_pattern,0x32f9ca08e07dee73f0f5c2eb97f4f2a32e0181a5,True,False,SHARE,,,,SHARE,PFA,ERC-721,1,,,,,NEEDS_REVIEW,0,True,-/-/-,0,0,,behavioral,0,NEEDS_REVIEW,,0,0,1,1,1.000,LIKELY_TP_FROM_LOW_ACTIVITY,"sparse activity: 1 interactors, 1 txs — consistent with narrow honeypot"
0x6fdc6098e1c4dd6dec9c5d81b9f786e407c46a19,base,Behavioral confirmation: bot 0x675a38b2a29376e1db300bba72f2fd5e2fd56dd6 trapped in tx 6d37d6b5b4337bc94a93a19eec028253da,bytecode_pattern,0x270b02fdcdf9a843e11fbc32f8e72027a6f43b51,True,False,SHARE,,,,SHARE,PFA,ERC-721,1,,,,,NEEDS_REVIEW,0,True,-/-/-,0,0,,behavioral,0,NEEDS_REVIEW,,0,0,1,1,1.000,LIKELY_TP_FROM_LOW_ACTIVITY,"sparse activity: 1 interactors, 1 txs — consistent with narrow honeypot"
0xb936f697b1dda0749b5b89fe5f0d425cc5bb7e56,base,Behavioral confirmation: bot 0x675a38b2a29376e1db300bba72f2fd5e2fd56dd6 trapped in tx 079fa436624da45a6147deeed0e5468958,bytecode_pattern,0x84fa09f84fc522a0950036c61fbe3d059ef7ce05,True,False,,,,,,,,,,,,,NEEDS_REVIEW,0,True,asym/-/-,0,0,,behavioral,0,NEEDS_REVIEW,,0,0,1,1,1.000,LIKELY_TP_FROM_LOW_ACTIVITY,"sparse activity: 1 interactors, 1 txs — consistent with narrow honeypot"
0xa6216ea21f4a4d190edd453a51e4e015a44e60c4,base,Behavioral confirmation: bot 0x675a38b2a29376e1db300bba72f2fd5e2fd56dd6 trapped in tx 7b69318256ec77005b8fca82f0c3e1d3e5,deployer_history,0xb05cf01231cf2ff99499682e64d3780d57c80fdd,True,False,,,,,,,,,,,,,NEEDS_REVIEW,0,False,,0,0,,behavioral,0,NEEDS_REVIEW,,0,0,1,1,1.000,LIKELY_TP_FROM_LOW_ACTIVITY,"sparse activity: 1 interactors, 1 txs — consistent with narrow honeypot"
0x49d5dc89239c17555160c42661abc4598e6da110,base,Behavioral confirmation: bot 0x675a38b2a29376e1db300bba72f2fd5e2fd56dd6 trapped in tx fca6b448e15809f230a026461eca33c753,deployer_history,0x1d9d6e0169ae70e57beb44e4f1c18ffebd9773b9,True,False,,,,,,,,,,,,,NEEDS_REVIEW,1,False,,0,0,,behavioral,0,NEEDS_REVIEW,,0,0,3,2,0.333,LIKELY_TP_FROM_LOW_ACTIVITY,"sparse activity: 2 interactors, 3 txs — consistent with narrow honeypot"
0x7d11f0c4670e7e67f35e158b848f4c2903929889,base,Behavioral confirmation: bot 0x675a38b2a29376e1db300bba72f2fd5e2fd56dd6 trapped in tx c978cc5226bfc466caf7ac43da422d9b54,bytecode_pattern,0x8bd68724903395e95d201df99d535bd470ede48e,True,False,,,,,,,,,,,,,NEEDS_REVIEW,1,False,,0,0,,behavioral,0,NEEDS_REVIEW,,0,0,1,1,1.000,LIKELY_TP_FROM_LOW_ACTIVITY,"sparse activity: 1 interactors, 1 txs — consistent with narrow honeypot"
0x3b3792ededb782fe2a03320b2f1223fd4dde239d,base,Behavioral confirmation: bot 0x675a38b2a29376e1db300bba72f2fd5e2fd56dd6 trapped in tx 4d58a7f352aec3e69e0256a48ef101b352,bytecode_pattern,0xf2155b00a04564ad34a7a2bd94e691a851f1d0b1,True,True,Token2,,,,jeje,jeje,ERC-20,6,,,,,NEEDS_REVIEW,0,False,,0,0,,behavioral,0,STILL_NEEDS_REVIEW,ERC20-interface,19008,0,4,3,0.250,LIKELY_FP_FROM_SOURCE,verified source matches: ERC20-interface
0x3c2c6d001feec53a1dd5ce07bcf08cffd7376668,base,Behavioral confirmation: bot 0x675a38b2a29376e1db300bba72f2fd5e2fd56dd6 trapped in tx 7674f964b166b893afe6f09de6f3240d10,bytecode_pattern,0x5784ec9a05b2dbd0fdffb051d7cabab8a1d28ada,True,False,,,,,,,,,,,,,NEEDS_REVIEW,0,False,,0,0,,behavioral,0,NEEDS_REVIEW,,0,0,2,2,0.500,LIKELY_TP_FROM_LOW_ACTIVITY,"sparse activity: 2 interactors, 2 txs — consistent with narrow honeypot"
0x163bbe9b889c5e2c8a2674b885b4bb6c15bdc3c6,base,Behavioral confirmation: bot 0x675a38b2a29376e1db300bba72f2fd5e2fd56dd6 trapped in tx 8d2b82aa10de636956ce361b4aa0df712d,bytecode_pattern,0x8f44f95f558e4124eaed83625bf905946a45cd66,True,True,ERC20,,,,Z391BLK1TXN2,Z391BLK1TXN2,ERC-20,5,,,,,NEEDS_REVIEW,0,False,,0,0,,behavioral,0,STILL_NEEDS_REVIEW,ERC20-interface,7937,0,1,1,1.000,LIKELY_FP_FROM_SOURCE,verified source matches: ERC20-interface
0xf4802a5d4dbfb8ad2e367e09137aa00357281687,base,Behavioral confirmation: bot 0x675a38b2a29376e1db300bba72f2fd5e2fd56dd6 trapped in tx 580c78a8c722a2545bf4fe07251b2269d6,bytecode_pattern,0x862ad86f906082de0c4820e9a28dee75f444937d,True,True,Token2,,,,titcoin,titcoin,ERC-20,7,,,,,NEEDS_REVIEW,0,False,,0,0,,behavioral,0,STILL_NEEDS_REVIEW,ERC20-interface,19008,0,4,4,0.250,LIKELY_FP_FROM_SOURCE,verified source matches: ERC20-interface
0x0b35384e82926dd2575f7c9a9ef5e8affb629304,base,Behavioral confirmation: bot 0x675a38b2a29376e1db300bba72f2fd5e2fd56dd6 trapped in tx 13203e8d35a619f6ba3c96238c08d98f63,bytecode_pattern,0x856a297b5fd8ce373bebe7db0a7c58801d2c8cb6,True,False,,,,,,,,,,,,,NEEDS_REVIEW,0,True,asym/-/-,0,0,,behavioral,0,NEEDS_REVIEW,,0,0,1,1,1.000,LIKELY_TP_FROM_LOW_ACTIVITY,"sparse activity: 1 interactors, 1 txs — consistent with narrow honeypot"
0xa97206828667818707b3a7f92d07543d49963c30,base,Behavioral confirmation: bot 0x675a38b2a29376e1db300bba72f2fd5e2fd56dd6 trapped in tx 05bebc3da8ff2c0063026209a6c9ee44da,bytecode_pattern,0x0275d1d09737a46be2b40a39618f946624c02068,True,False,,,,,,,,,,,,,NEEDS_REVIEW,0,False,,0,0,,behavioral,0,NEEDS_REVIEW,,0,0,1,1,1.000,LIKELY_TP_FROM_LOW_ACTIVITY,"sparse activity: 1 interactors, 1 txs — consistent with narrow honeypot"
0x8277153a05698d5f78c296b99b7056abe13ee0b3,base,Behavioral confirmation: bot 0x675a38b2a29376e1db300bba72f2fd5e2fd56dd6 trapped in tx 74770c29da6b22283c8613e78ad7ff0f6c,bytecode_pattern,0x17e517f3494b2f9524f6bcb642a4eab3d45ed719,True,False,,,,,,,,,,,,,NEEDS_REVIEW,0,True,asym/-/-,0,0,,behavioral,0,NEEDS_REVIEW,,0,0,1,1,1.000,LIKELY_TP_FROM_LOW_ACTIVITY,"sparse activity: 1 interactors, 1 txs — consistent with narrow honeypot"
0xa9c5e3dc27cd5beeaa61d524412e8baf3a365d42,base,Behavioral confirmation: bot 0x675a38b2a29376e1db300bba72f2fd5e2fd56dd6 trapped in tx ceaf509929631e8a9d9a19899a339793ee,deployer_history,0xc72999e9d438a4e2929160642921dbcc2d1fb37b,True,True,Mediacoin,,,,BarkCoin,BARK,ERC-1155,2,,,,,NEEDS_REVIEW,7,False,,0,0,,behavioral,0,STILL_NEEDS_REVIEW,OpenZeppelin,59534,0,3,2,0.333,LIKELY_FP_FROM_SOURCE,verified source matches: OpenZeppelin
0xedadb79e6d6bfba3cc58f96367b65b012b7b8133,base,Behavioral confirmation: bot 0x675a38b2a29376e1db300bba72f2fd5e2fd56dd6 trapped in tx 6cd01720e7e2df29f038bcc1f9eca97292,deployer_history,0x06cc8e9c35973b2563001d2a26a950a123013300,True,False,Token888,,,,Token888,8888,ERC-20,1,,,,,NEEDS_REVIEW,0,False,,0,0,,behavioral,0,NEEDS_REVIEW,,0,0,1,1,1.000,LIKELY_TP_FROM_LOW_ACTIVITY,"sparse activity: 1 interactors, 1 txs — consistent with narrow honeypot"
0x847101786e2521e8a3ec4417d21077433eb440f4,base,Behavioral confirmation: bot 0x675a38b2a29376e1db300bba72f2fd5e2fd56dd6 trapped in tx cb42567a583b57bee0259e12d596aa902a,deployer_history,0xc72999e9d438a4e2929160642921dbcc2d1fb37b,True,True,Mediacoin,,,,Sadboi Buzz,SDBZ,ERC-1155,2,,,,,NEEDS_REVIEW,7,False,,0,0,,behavioral,0,STILL_NEEDS_REVIEW,OpenZeppelin,59534,0,1,1,1.000,LIKELY_FP_FROM_SOURCE,verified source matches: OpenZeppelin
0x7fbafca488ad5476eceb428f706b3846bb21e2e1,arbitrum,Behavioral confirmation: bot 0xd4b702b51f531b50db1cddfe85270619fe46a571 trapped in tx a009ed4672b5f3658486670758bf3c3664,bytecode_pattern,0xda977393363d166e9e0441bc2e2d02bc1b53f38f,True,False,,,,,,,,,,,,,NEEDS_REVIEW,1,False,,0,0,,behavioral,0,NEEDS_REVIEW,,0,0,45,24,0.111,STILL_AMBIGUOUS,"interactors=24, tx=45, revert=11.1%, source_chars=0, verified=False"
0x6eb087202eab611c4a877383e8f9702c5abbec53,base,Behavioral confirmation: bot 0xe8e181f2fb6de4cd047aeac740330de6fc344661 trapped in tx 59c3b0bc2fead16f15d778c9dd4b5e8611,bytecode_pattern,0x050de13c2c54a5e37b008febb893b158176fe098,True,False,,,,,,,,,,,,,NEEDS_REVIEW,0,False,,0,0,,behavioral,0,NEEDS_REVIEW,,0,0,31215,23,0.290,STILL_AMBIGUOUS,"interactors=23, tx=31215, revert=29.0%, source_chars=0, verified=False"
0x0ff0811eae5bb5f53b0de95b901b65c642101c42,base,Behavioral confirmation: bot 0x675a38b2a29376e1db300bba72f2fd5e2fd56dd6 trapped in tx 719c8fefaa3ac26fb6a072bb78d67711b0,bytecode_pattern,0x3a1082ecae3e2d9464d0772b0149431522b3b3b8,True,False,PFA_COLLECTION,,,,PFA_COLLECTION,SHARE,ERC-721,1,,,,,NEEDS_REVIEW,1,True,-/-/-,0,0,,behavioral,0,NEEDS_REVIEW,,0,0,3,2,0.333,LIKELY_TP_FROM_LOW_ACTIVITY,"sparse activity: 2 interactors, 3 txs — consistent with narrow honeypot"
0x190a351b061218c557077f13f0b6ed2b419173f2,base,Behavioral confirmation: bot 0x675a38b2a29376e1db300bba72f2fd5e2fd56dd6 trapped in tx 5fef296526a9c4621fff6e7d901ecef006,bytecode_pattern,0xb78c4893a315805c23ef942a2b8fa1ae3bd29a60,True,True,SatoToken,,,,sat0,sat0,ERC-20,0,,,,,NEEDS_REVIEW,0,False,,0,0,,behavioral,0,STILL_NEEDS_REVIEW,ERC20-interface|OpenZeppelin|OpenZeppelin-ERC20,26964,0,3,2,0.333,LIKELY_FP_FROM_SOURCE,"verified source matches: ERC20-interface, OpenZeppelin, OpenZeppelin-ERC20"
0xb882f44656734648e5d2c295cbd740b3f692e32f,base,Behavioral confirmation: bot 0x675a38b2a29376e1db300bba72f2fd5e2fd56dd6 trapped in tx aa4f7b565bdf297f64edb206e029d34f96,deployer_history,0x40fbfe5312330f278824ddbb7521ab77409192f0,True,True,PAFAccountUpgradeableProxy,,,,,,,,,,,,NEEDS_REVIEW,0,False,,0,0,,behavioral,0,NEEDS_REVIEW,OpenZeppelin,35201,0,12,2,0.083,LIKELY_FP_FROM_SOURCE,verified source matches: OpenZeppelin
0xc8f8736c4c7fa77b5d27ff8352b9c4839368b224,base,Behavioral confirmation: bot 0x675a38b2a29376e1db300bba72f2fd5e2fd56dd6 trapped in tx c86f2f9698132633bf23b3336a91c3fc7f,deployer_history,0xacb1b9d369b078cf1e4db91740ac0bdbdb7744b9,True,False,,,,,,,,,,,,,NEEDS_REVIEW,1,False,,0,0,,behavioral,0,NEEDS_REVIEW,,0,0,1,1,1.000,LIKELY_TP_FROM_LOW_ACTIVITY,"sparse activity: 1 interactors, 1 txs — consistent with narrow honeypot"
0x85f3226996b97fe3e05cdbb918956403cab5b71e,base,Behavioral confirmation: bot 0x675a38b2a29376e1db300bba72f2fd5e2fd56dd6 trapped in tx 37259d4703b9f99c637f686d4656fae055,bytecode_pattern,0x6997042c5b70394e8a3e51dbf8df4eb96ad4c94c,True,False,,,,,,,,,,,,,NEEDS_REVIEW,0,False,,0,0,,behavioral,0,NEEDS_REVIEW,,0,0,1,1,1.000,LIKELY_TP_FROM_LOW_ACTIVITY,"sparse activity: 1 interactors, 1 txs — consistent with narrow honeypot"
0x13954278241cbdf77a831e63eeee0bb179cfac96,base,Behavioral confirmation: bot 0x675a38b2a29376e1db300bba72f2fd5e2fd56dd6 trapped in tx 3de6408abcd364964e2ea567a5e76aeca8,deployer_history,0x8c5eeb6cbff441548ddf30793cadbdd047a68e91,True,False,,,,,,,,,,,,,NEEDS_REVIEW,0,True,asym/-/-,0,0,,behavioral,0,NEEDS_REVIEW,,0,0,1,1,1.000,LIKELY_TP_FROM_LOW_ACTIVITY,"sparse activity: 1 interactors, 1 txs — consistent with narrow honeypot"
0xc19e145452c3b98a108a1444d54fcdb4161f0e94,base,Behavioral confirmation: bot 0x675a38b2a29376e1db300bba72f2fd5e2fd56dd6 trapped in tx c851e67dfbd917eccea25667619057f5ad,deployer_history,0xc72999e9d438a4e2929160642921dbcc2d1fb37b,True,True,Mediacoin,,,,Pixel Pup,PUPX,ERC-1155,0,,,,,NEEDS_REVIEW,7,False,,0,0,,behavioral,0,STILL_NEEDS_REVIEW,OpenZeppelin,59534,0,3,2,0.333,LIKELY_FP_FROM_SOURCE,verified source matches: OpenZeppelin
0xea5c181f541c21ed171d341e46643d2fb530e0e4,base,Behavioral confirmation: bot 0x9aebc309f317b99d93be3991be1fd406f25159a7 trapped in tx 4112596b38b0d4b8d20ca418f7fa3d292a,bytecode_pattern,0x0258b967433b0d2d5fc6d19fb983841d32ff6e6e,True,False,,,,,,,,,,,,,NEEDS_REVIEW,0,False,,0,0,,behavioral,0,NEEDS_REVIEW,,0,0,137,1,0.708,STILL_AMBIGUOUS,"interactors=1, tx=137, revert=70.8%, source_chars=0, verified=False"
0x03f066e4562426dcde928cadd467ee554f72d462,base,Behavioral confirmation: bot 0x675a38b2a29376e1db300bba72f2fd5e2fd56dd6 trapped in tx f18cc8ef27ccb7dbe6d2dd973facb40198,deployer_history,0xc72999e9d438a4e2929160642921dbcc2d1fb37b,True,True,Mediacoin,,,,LeapFrog Coin,LEAP,ERC-1155,0,,,,,NEEDS_REVIEW,7,False,,0,0,,behavioral,0,STILL_NEEDS_REVIEW,OpenZeppelin,59534,0,2,2,0.500,LIKELY_FP_FROM_SOURCE,verified source matches: OpenZeppelin
0x4e4573d707b77fa06497d57439c5e541f207f9ec,base,Behavioral confirmation: bot 0x675a38b2a29376e1db300bba72f2fd5e2fd56dd6 trapped in tx e234a97bd806dcc26478ba33c545d44a49,bytecode_pattern,0xc5482dafea419ae86b4c7feaf282e521543051fc,True,False,,,,,,,,,,,,,NEEDS_REVIEW,0,False,,0,0,,behavioral,0,NEEDS_REVIEW,,0,0,1,1,1.000,LIKELY_TP_FROM_LOW_ACTIVITY,"sparse activity: 1 interactors, 1 txs — consistent with narrow honeypot"
0x9d7f9e4bec2dda2f778229048d5374233681fa6f,base,Behavioral confirmation: bot 0x675a38b2a29376e1db300bba72f2fd5e2fd56dd6 trapped in tx 1a0426f8346a2599c6a62bf55281115e32,bytecode_pattern,0xef5bed7c221c85a2c88e3c0223ee45482d6f037d,True,False,,,,,,,,,,,,,NEEDS_REVIEW,0,False,,0,0,,behavioral,0,NEEDS_REVIEW,,0,0,1,1,1.000,LIKELY_TP_FROM_LOW_ACTIVITY,"sparse activity: 1 interactors, 1 txs — consistent with narrow honeypot"
0x59310eca3c571f1e1dfe214655e8b706b467b1fd,base,Behavioral confirmation: bot 0x675a38b2a29376e1db300bba72f2fd5e2fd56dd6 trapped in tx bc22dc0c0b6f13b5ebba40f82a87877260,deployer_history,0x1d9d6e0169ae70e57beb44e4f1c18ffebd9773b9,True,False,,,,,,,,,,,,,NEEDS_REVIEW,1,False,,0,0,,behavioral,0,NEEDS_REVIEW,,0,0,3,2,0.333,LIKELY_TP_FROM_LOW_ACTIVITY,"sparse activity: 2 interactors, 3 txs — consistent with narrow honeypot"
0xc490f6edead3db83261009e4970181de170b0ac5,base,Behavioral confirmation: bot 0x675a38b2a29376e1db300bba72f2fd5e2fd56dd6 trapped in tx 6d275ac9a96fb3f1e95eeb11f2498c0b2e,bytecode_pattern,0x8bd68724903395e95d201df99d535bd470ede48e,True,False,,,,,,,,,,,,,NEEDS_REVIEW,1,False,,0,0,,behavioral,0,NEEDS_REVIEW,,0,0,3,2,0.333,LIKELY_TP_FROM_LOW_ACTIVITY,"sparse activity: 2 interactors, 3 txs — consistent with narrow honeypot"
0xd524e968d5020575d866f8b874d2cfde7d0f3496,base,Behavioral confirmation: bot 0x675a38b2a29376e1db300bba72f2fd5e2fd56dd6 trapped in tx d7bb2af8da3d93ea112ee2ad3eb537121b,deployer_history,0xd6e19bb1c02b0a73e00db4e5d9d70067644635e9,True,False,,,,,,,,,,,,,NEEDS_REVIEW,1,False,,0,0,,behavioral,0,NEEDS_REVIEW,,0,0,8,3,0.125,LIKELY_TP_FROM_LOW_ACTIVITY,"sparse activity: 3 interactors, 8 txs — consistent with narrow honeypot"
0xa0d0fff8cfcffc80092349c5521d1f144cda4791,base,Behavioral confirmation: bot 0x675a38b2a29376e1db300bba72f2fd5e2fd56dd6 trapped in tx 924f8a42fd9599edc7ad0b10abfe9a0c7a,deployer_history,0xd6e19bb1c02b0a73e00db4e5d9d70067644635e9,True,False,,,,,,,,,,,,,NEEDS_REVIEW,1,False,,0,0,,behavioral,0,NEEDS_REVIEW,,0,0,1,1,1.000,LIKELY_TP_FROM_LOW_ACTIVITY,"sparse activity: 1 interactors, 1 txs — consistent with narrow honeypot"
0x3fcdfaee9083686ad16f120976f68651ebf10d1e,base,Behavioral confirmation: bot 0xdcecb854b57142572d71322c643e78ee4cdd1c73 trapped in tx 88e4050586d258a2ff8d49b358ded543f9,bytecode_pattern,0xdbd91ad22be5304e385b7b0a2cfe91164e416e11,True,False,,,,,,,,,,,,,NEEDS_REVIEW,0,False,,0,0,,behavioral,0,NEEDS_REVIEW,,0,0,184,3,0.005,STILL_AMBIGUOUS,"interactors=3, tx=184, revert=0.5%, source_chars=0, verified=False"
0x40850caeade3bc205dbc611f1fb91f889ccdf48b,base,Behavioral confirmation: bot 0x675a38b2a29376e1db300bba72f2fd5e2fd56dd6 trapped in tx c526165fdebd490869005e65a9533d8607,bytecode_pattern,0xc194ae3fc3f40233c74b810478e1e47952b81cbd,True,True,GasTank,,,,,,,,,,,,NEEDS_REVIEW,1,False,,0,0,,behavioral,0,NEEDS_REVIEW,OpenZeppelin|OpenZeppelin-Ownable,164603,0,5,3,0.200,LIKELY_FP_FROM_SOURCE,"verified source matches: OpenZeppelin, OpenZeppelin-Ownable"
0xfbbae353dfd6000faf547618024e845ceea226d1,base,Behavioral confirmation: bot 0x675a38b2a29376e1db300bba72f2fd5e2fd56dd6 trapped in tx c8e25925a9cec9d3e39fa1b9c1e7684d70,bytecode_pattern,0xc194ae3fc3f40233c74b810478e1e47952b81cbd,True,True,BotFactory,,,,,,,,,,,,NEEDS_REVIEW,1,False,,0,0,,behavioral,0,NEEDS_REVIEW,ERC20-interface|OpenZeppelin|OpenZeppelin-AccessControl|OpenZeppelin-ERC20|OpenZeppelin-Ownable|Uniswap-v3,236212,0,2,2,0.500,LIKELY_FP_FROM_SOURCE,"verified source matches: ERC20-interface, OpenZeppelin, OpenZeppelin-AccessControl, OpenZeppelin-ERC20, OpenZeppelin-Ownable, Uniswap-v3"
0x973990d70ce83aca80cd4349ee66093c8f1ccdf3,base,Behavioral confirmation: bot 0x675a38b2a29376e1db300bba72f2fd5e2fd56dd6 trapped in tx f5d3a30afa03111c72831c338771075de6,deployer_history,0x0f5162779f6bfc140b12e7392a7770f839910299,True,False,,,,,,,,,,,,,NEEDS_REVIEW,0,False,,0,0,,behavioral,0,NEEDS_REVIEW,,0,0,8,3,0.125,LIKELY_TP_FROM_LOW_ACTIVITY,"sparse activity: 3 interactors, 8 txs — consistent with narrow honeypot"
0xde6c4239d34de1e0fdd1d7e21dd448f5c45204a8,base,Behavioral confirmation: bot 0x675a38b2a29376e1db300bba72f2fd5e2fd56dd6 trapped in tx 4be642dd0beae05f4f2bd5a425811949e8,bytecode_pattern,0x760ed7ff190e9957c738ce7b8577de6fe072ae02,True,True,Token2,,,,Just cant prove it,DETECTIVE,ERC-20,0,,,,,NEEDS_REVIEW,0,False,,0,0,,behavioral,0,STILL_NEEDS_REVIEW,ERC20-interface,19008,0,4,3,0.250,LIKELY_FP_FROM_SOURCE,verified source matches: ERC20-interface
0xee80d04303e2c850cc5571a9f41077afc0ff4887,base,Behavioral confirmation: bot 0x3c59ba9b37a7951a1e8af9a8beaf2fc3cd9180e3 trapped in tx a1c53e122dce6ab7c57d5ab53295578a06,bytecode_pattern,0xa8c7ac1cdc33e1c3bf0aa04bb598ff66025207c1,True,False,Sapien,,,,Sapien,SAP,ERC-20,1,,,,,NEEDS_REVIEW,0,False,,151,17,8.88,behavioral,0,NEEDS_REVIEW,,0,0,991,155,0.008,LIKELY_FP_FROM_ACTIVITY,"diverse activity: 155 interactors, 991 txs, 0.8% revert"
0x653f0b65d90ae74ffbaabbae72a1644f81dcb74f,base,Behavioral confirmation: bot 0x675a38b2a29376e1db300bba72f2fd5e2fd56dd6 trapped in tx 442f248442464e35e193cb35e77e2c0bfa,deployer_history,0xf58f19be7c3ab385500862dc2391f42b6596f978,True,False,Mock NFT,,,,Mock NFT,MNFT,ERC-721,0,,,,,NEEDS_REVIEW,1,False,,0,0,,behavioral,0,NEEDS_REVIEW,,0,0,6,2,0.167,LIKELY_TP_FROM_LOW_ACTIVITY,"sparse activity: 2 interactors, 6 txs — consistent with narrow honeypot"
0xb9e74635fc00cdd0d0dd966c1fa8a6ec2d10994d,base,Behavioral confirmation: bot 0x675a38b2a29376e1db300bba72f2fd5e2fd56dd6 trapped in tx 69e5506300ac71c92c303b166532787b48,bytecode_pattern,0xbfaa504fd72be3f9b9e1171055c8a248de15ebe8,True,True,Token2,,,,Kai Grok Companion,KAI,ERC-20,0,,,,,NEEDS_REVIEW,0,False,,0,0,,behavioral,0,STILL_NEEDS_REVIEW,ERC20-interface,19008,0,1,1,1.000,LIKELY_FP_FROM_SOURCE,verified source matches: ERC20-interface
0xa9d5ff84285440bb2859a238e50006faa5c71bc9,base,Behavioral confirmation: bot 0x675a38b2a29376e1db300bba72f2fd5e2fd56dd6 trapped in tx dd4cfa9aee0d782eefc4a69820d2f81f8f,bytecode_pattern,0x9b0db510f9c1593ee1cef889e47104e5ac44862c,True,False,,,,,,,,,,,,,NEEDS_REVIEW,0,False,,0,0,,behavioral,0,NEEDS_REVIEW,,0,0,1,1,1.000,LIKELY_TP_FROM_LOW_ACTIVITY,"sparse activity: 1 interactors, 1 txs — consistent with narrow honeypot"
0xfaf859fdc7e631d1375e5812783383154b3eaca3,base,Behavioral confirmation: bot 0x675a38b2a29376e1db300bba72f2fd5e2fd56dd6 trapped in tx 80192082907c6d0b184b74565772c4b81c,deployer_history,0xcb5a9f6c4709c3bb8e37f729be10c6c2aa66aefe,True,False,,,,,,,,,,,,,NEEDS_REVIEW,0,False,,0,0,,behavioral,0,NEEDS_REVIEW,,0,0,1,1,1.000,LIKELY_TP_FROM_LOW_ACTIVITY,"sparse activity: 1 interactors, 1 txs — consistent with narrow honeypot"
0x04f058f9218e67f76636c01d13de9866e45c30c6,base,Behavioral confirmation: bot 0x435815ab7a20d05cd1618a245baf02b23d43c641 trapped in tx 2f05b7d7322788d9e26aa7635f35de4a3d,bytecode_pattern,0x2aa49b946da6a5ab27ae17710efb7cece8e7c1f8,True,False,Uorm Badge,,,,Uorm Badge,UORM,ERC-721,0,,,,,NEEDS_REVIEW,0,False,,0,0,,behavioral,0,NEEDS_REVIEW,,0,0,14,5,0.143,STILL_AMBIGUOUS,"interactors=5, tx=14, revert=14.3%, source_chars=0, verified=False"
0xcc9639c4d931e130ff0f9bf52757d539983362f7,base,Behavioral confirmation: bot 0x675a38b2a29376e1db300bba72f2fd5e2fd56dd6 trapped in tx 671b567a3791b99df197fcd74b498d5424,bytecode_pattern,0xdc574b381277e6f2ac005214ce136f9afc00d19c,True,False,,,,,,,,,,,,,NEEDS_REVIEW,0,False,,0,0,,behavioral,0,NEEDS_REVIEW,,0,0,1,1,1.000,LIKELY_TP_FROM_LOW_ACTIVITY,"sparse activity: 1 interactors, 1 txs — consistent with narrow honeypot"
0x1f836831a08eda9edb4d7028f215864d9c3eb640,base,Behavioral confirmation: bot 0x675a38b2a29376e1db300bba72f2fd5e2fd56dd6 trapped in tx a1c3fd150af76ae69bfe1f350c35b23132,bytecode_pattern,0x57ace44df303f94d378d8330f48156dc0f17bc1b,True,False,Qubetics,,,,Qubetics,TICS,ERC-20,0,,,,,NEEDS_REVIEW,1,True,-/-/fee,0,0,,behavioral,0,NEEDS_REVIEW,,0,0,1,1,1.000,LIKELY_TP_FROM_LOW_ACTIVITY,"sparse activity: 1 interactors, 1 txs — consistent with narrow honeypot"
0x0a798fc7de0b4889e6f675a1758e80731ef191c2,base,Behavioral confirmation: bot 0x6fbd620bc2641238bad794f9402a88200d18dca5 trapped in tx 99032871d0257f0f58a0a98b9a5636ed68,bytecode_pattern,0x7baea33702b8a3905eef8429c71fd89ad4829f69,True,False,,,,,,,,,,,,,NEEDS_REVIEW,0,False,,0,0,,behavioral,0,NEEDS_REVIEW,,0,0,31658,2,0.304,STILL_AMBIGUOUS,"interactors=2, tx=31658, revert=30.4%, source_chars=0, verified=False"
0x79b06825fca42ba825863ad955f9ea097f84c094,base,Behavioral confirmation: bot 0x675a38b2a29376e1db300bba72f2fd5e2fd56dd6 trapped in tx 9077bd9870f7a51a3f8f97fd4620d388a6,bytecode_pattern,0x57ace44df303f94d378d8330f48156dc0f17bc1b,True,False,Qubetics,,,,Qubetics,TICS,ERC-20,0,,,,,NEEDS_REVIEW,1,True,-/-/fee,0,0,,behavioral,0,NEEDS_REVIEW,,0,0,2,2,0.500,LIKELY_TP_FROM_LOW_ACTIVITY,"sparse activity: 2 interactors, 2 txs — consistent with narrow honeypot"
0x60dc3f97ebad47dcbaef8e80604bd5a5f2a31ebe,base,Behavioral confirmation: bot 0x675a38b2a29376e1db300bba72f2fd5e2fd56dd6 trapped in tx 52426f575af6691fa1637d18c418ccf421,bytecode_pattern,0x233a8ad297d03ab18148946c196114ce401f9b04,True,True,CASPReserve,,,,,,,,,,,,NEEDS_REVIEW,0,False,,0,0,,behavioral,0,NEEDS_REVIEW,ERC20-interface|OpenZeppelin|OpenZeppelin-ERC20|OpenZeppelin-Ownable,27811,0,1,1,1.000,LIKELY_FP_FROM_SOURCE,"verified source matches: ERC20-interface, OpenZeppelin, OpenZeppelin-ERC20, OpenZeppelin-Ownable"
0x67273612c6700e45dbfb5db4df21c3b276ecf61b,base,Behavioral confirmation: bot 0x675a38b2a29376e1db300bba72f2fd5e2fd56dd6 trapped in tx 3f0dc78d5f43dfc066ec7bd2b62b64bd41,deployer_history,0x00f884b294766d858db5c7cf70a806820a8d15f0,True,False,,,,,,,,,,,,,NEEDS_REVIEW,0,False,,0,0,,behavioral,0,NEEDS_REVIEW,,0,0,1,1,1.000,LIKELY_TP_FROM_LOW_ACTIVITY,"sparse activity: 1 interactors, 1 txs — consistent with narrow honeypot"
0x1c0bb70681a7fb1fe06e71807eec1b7a04200ae1,base,Behavioral confirmation: bot 0x21b731c39d4399ccca72915d789b9a4f47c7e061 trapped in tx ceda4bb175db8f9850a9010ef055d1ef65,deployer_history,0x153fc8ee524f51967e457a90c0e7d1af103606a2,True,False,,,,,,,,,,,,,NEEDS_REVIEW,0,False,,0,0,,behavioral,0,NEEDS_REVIEW,,0,0,3558,2,0.997,STILL_AMBIGUOUS,"interactors=2, tx=3558, revert=99.7%, source_chars=0, verified=False"
0x9696d8c61d4dac0512dbc021bfd3b6aa55679a48,base,Behavioral confirmation: bot 0x675a38b2a29376e1db300bba72f2fd5e2fd56dd6 trapped in tx 4fe95a374e31de20c9744db53fc985405d,bytecode_pattern,0x6f9a0fcd04008ca4575572ed01c5cad55f0b676b,True,True,Token2,,,,Uranus,Uranus,ERC-20,0,,,,,NEEDS_REVIEW,0,False,,0,0,,behavioral,0,STILL_NEEDS_REVIEW,ERC20-interface,18280,0,1,1,1.000,LIKELY_FP_FROM_SOURCE,verified source matches: ERC20-interface
0xc2b0c4ca3aecc5f61913d661af2998b6b2807e02,base,Behavioral confirmation: bot 0x675a38b2a29376e1db300bba72f2fd5e2fd56dd6 trapped in tx a11a60731e366e6633901d8d0b1ee80765,bytecode_pattern,0x480ede04b09e86d8e9dd5042edfc270d78b38f35,True,False,,,,,,,,,,,,,NEEDS_REVIEW,0,False,,0,0,,behavioral,0,NEEDS_REVIEW,,0,0,1,1,1.000,LIKELY_TP_FROM_LOW_ACTIVITY,"sparse activity: 1 interactors, 1 txs — consistent with narrow honeypot"
0x5503eca7c4e453f42ae3151e7026754f84daa40c,base,Behavioral confirmation: bot 0x675a38b2a29376e1db300bba72f2fd5e2fd56dd6 trapped in tx 209c9f4c5179b5a152de29368ac0168efb,bytecode_pattern,0x3981859234be4e44ea1ff1b4b37e4b745f6800ed,True,True,Zeta2,,,,,,,,,,,,NEEDS_REVIEW,0,False,,0,0,,behavioral,0,NEEDS_REVIEW,OpenZeppelin|OpenZeppelin-Ownable,146041,0,1,1,1.000,LIKELY_FP_FROM_SOURCE,"verified source matches: OpenZeppelin, OpenZeppelin-Ownable"
0x99296e87a5e45b38d7581cef73604f949ab9431b,arbitrum,Behavioral confirmation: bot 0xd319317606e640c7552cd6fbf70257491030da62 trapped in tx f44bd49066c2ba773c72553621d8e8acc6,bytecode_pattern,0x0df74d8e669bad2508c4baff04b594dc252b7535,True,False,,,,,,,,,,,,,NEEDS_REVIEW,0,True,-/-/-,0,0,,behavioral,0,NEEDS_REVIEW,,0,0,11694,4,0.247,STILL_AMBIGUOUS,"interactors=4, tx=11694, revert=24.7%, source_chars=0, verified=False"
0x67316110717389623651044113c55d3cb33cebcf,base,Behavioral confirmation: bot 0x675a38b2a29376e1db300bba72f2fd5e2fd56dd6 trapped in tx edfb2965189db7e57e1d4e40b92cd9c5aa,bytecode_pattern,0xeeb55db419b81d30d189e575c35417088713a6f1,True,True,ZooContract,,,,,,,,,,,,NEEDS_REVIEW,0,False,,0,0,,behavioral,0,NEEDS_REVIEW,OpenZeppelin|OpenZeppelin-Ownable,189671,0,1,1,1.000,LIKELY_FP_FROM_SOURCE,"verified source matches: OpenZeppelin, OpenZeppelin-Ownable"
0xf4616d1526c44b1ca2be2d4448894f28bf2d1780,base,Behavioral confirmation: bot 0x675a38b2a29376e1db300bba72f2fd5e2fd56dd6 trapped in tx 50c2e7ad59d380b39edb89a6979177e58f,bytecode_pattern,0x64ae4355fdbcb05a0952b5836ceb096cd1bb80c2,True,True,Token2,,,,LC SHIB,LC,ERC-20,0,,,,,NEEDS_REVIEW,0,False,,0,0,,behavioral,0,STILL_NEEDS_REVIEW,ERC20-interface,19008,0,1,1,1.000,LIKELY_FP_FROM_SOURCE,verified source matches: ERC20-interface
0xb94ce9a053db36c70a2d9640ab39e27f61957139,base,Behavioral confirmation: bot 0x675a38b2a29376e1db300bba72f2fd5e2fd56dd6 trapped in tx ac4cd436c45a1ad15286275d40d435ab98,deployer_history,0x8703d5bf97d344805cc9a7c025390cadcf4ff143,True,False,,,,,,,,,,,,,NEEDS_REVIEW,1,False,,0,0,,behavioral,0,NEEDS_REVIEW,,0,0,1,1,1.000,LIKELY_TP_FROM_LOW_ACTIVITY,"sparse activity: 1 interactors, 1 txs — consistent with narrow honeypot"
0xee050f57a4a23fefd72a3a1341f0c80c2572e771,base,Behavioral confirmation: bot 0x675a38b2a29376e1db300bba72f2fd5e2fd56dd6 trapped in tx c68b4707edf2ec5c0f6c9788b8e479e42b,deployer_history,0x8703d5bf97d344805cc9a7c025390cadcf4ff143,True,False,,,,,,,,,,,,,NEEDS_REVIEW,1,False,,0,0,,behavioral,0,NEEDS_REVIEW,,0,0,1,1,1.000,LIKELY_TP_FROM_LOW_ACTIVITY,"sparse activity: 1 interactors, 1 txs — consistent with narrow honeypot"
0xb857118d7a9213babb8be8bb7ba1430bcd1c33a7,base,Behavioral confirmation: bot 0x675a38b2a29376e1db300bba72f2fd5e2fd56dd6 trapped in tx d5137223dc6d7597c2812a64ad492721d4,bytecode_pattern,0x1ca2fcabd73f86f184d829069de53f00f535fad9,True,True,TupleStabilizer,,,,,,,,,,,,NEEDS_REVIEW,0,False,,0,0,,behavioral,0,NEEDS_REVIEW,ERC20-interface|OpenZeppelin|OpenZeppelin-ERC20|OpenZeppelin-Ownable|Solady|Solmate,338067,0,1,1,1.000,LIKELY_FP_FROM_SOURCE,"verified source matches: ERC20-interface, OpenZeppelin, OpenZeppelin-ERC20, OpenZeppelin-Ownable, Solady, Solmate"
0xb9cfe85c4ac69e01d1b5474bd31ee5da2dcfb3c0,arbitrum,Behavioral confirmation: bot 0x6b4db669cb16653d94a2a27808fce8b8c34f9268 trapped in tx b9a446ba2ec88338092f725a1787e79ab7,deployer_history,0x62d8f07c80163fea2e2f9a17b8cffc8989cba0f5,True,False,,,,,,,,,,,,,NEEDS_REVIEW,1,False,,0,0,,behavioral,0,NEEDS_REVIEW,,0,0,33,3,0.091,STILL_AMBIGUOUS,"interactors=3, tx=33, revert=9.1%, source_chars=0, verified=False"
0x5f88f0a82b5c015f5a40f22d90bd2d454ff4768f,optimism,Behavioral confirmation: bot 0x675a38b2a29376e1db300bba72f2fd5e2fd56dd6 trapped in tx 388994c6a3425f261a1c2a3b0f3d860315,bytecode_pattern,0x52388497633a31dc8be827950cf968be94d80e9c,True,False,,,,,,,,,,,,,NEEDS_REVIEW,1,True,-/-/-,0,0,,behavioral,0,NEEDS_REVIEW,,0,0,1,1,1.000,LIKELY_TP_FROM_LOW_ACTIVITY,"sparse activity: 1 interactors, 1 txs — consistent with narrow honeypot"
0x94eb7d3eb3a0781fda95d5349b59146c66af7786,base,Behavioral confirmation: bot 0x675a38b2a29376e1db300bba72f2fd5e2fd56dd6 trapped in tx 947b4a40d33c2b11a418d37c40178620a6,bytecode_pattern,0x39e67b9238b874f74233692454e2d04e9fc68363,True,True,StableNairaUUPSDeployer,,,,,,,,,,,,NEEDS_REVIEW,0,True,asym/-/-,0,0,,behavioral,0,NEEDS_REVIEW,ERC20-interface|OpenZeppelin|OpenZeppelin-AccessControl|OpenZeppelin-ERC20|OpenZeppelin-UUPS,167669,0,1,1,1.000,LIKELY_FP_FROM_SOURCE,"verified source matches: ERC20-interface, OpenZeppelin, OpenZeppelin-AccessControl, OpenZeppelin-ERC20, OpenZeppelin-UUPS"
0xed3e9cfa783a694650cfd7d8a25b2873e191e358,base,Behavioral confirmation: bot 0x675a38b2a29376e1db300bba72f2fd5e2fd56dd6 trapped in tx 18add8c28d6d34dcc6648cea65da861441,bytecode_pattern,0x4f8ef095596f61691e0bae004088a86c6a2e04c6,True,True,MedievalMemoryNFT,,,,Medieval Memory Relic,RELIC,ERC-721,0,,,,,NEEDS_REVIEW,0,False,,0,0,,behavioral,0,STILL_NEEDS_REVIEW,ERC20-interface|OpenZeppelin|OpenZeppelin-Ownable,155963,0,3,3,0.333,LIKELY_FP_FROM_SOURCE,"verified source matches: ERC20-interface, OpenZeppelin, OpenZeppelin-Ownable"
0x6252f44e1c92f3dd614b11cc6e8699a8ccf26558,base,Behavioral confirmation: bot 0xfe968de21eb0e77d5877477c31a04a3075c0086e trapped in tx d1b2086884c21ef3161e9c1b0bd47d3c14,bytecode_pattern,0x5430757ee25f25d11987b206c1789d394a779200,True,True,VaultID,,,,LeftClaw VaultID,VAULTID,ERC-721,0,,,,,NEEDS_REVIEW,2,False,,0,0,,behavioral,0,STILL_NEEDS_REVIEW,ERC20-interface|OpenZeppelin|OpenZeppelin-ERC20|OpenZeppelin-Ownable,220178,0,7,2,0.571,LIKELY_FP_FROM_SOURCE,"verified source matches: ERC20-interface, OpenZeppelin, OpenZeppelin-ERC20, OpenZeppelin-Ownable"
0x67bd2c6da2d8acf708f09d30fc34d773891be947,base,Behavioral confirmation: bot 0x675a38b2a29376e1db300bba72f2fd5e2fd56dd6 trapped in tx 54e7ce19b2110ed19ff348ad05cdf460f0,deployer_history,0x52388497633a31dc8be827950cf968be94d80e9c,True,False,,,,,,,,,,,,,NEEDS_REVIEW,1,False,,0,0,,behavioral,0,NEEDS_REVIEW,,0,0,1,1,1.000,LIKELY_TP_FROM_LOW_ACTIVITY,"sparse activity: 1 interactors, 1 txs — consistent with narrow honeypot"
0xda8f9076f965f8d9d4d0791192d5c100220ed79e,base,Behavioral confirmation: bot 0x3380266ca63ab28009c0d1dd5f221fc1e733bb9d trapped in tx 3c2fa973269caa90dda1a50b6953aa7f49,deployer_history,0x95a02229aa8c02841b7ca51aaa3c74e172276e94,True,True,ERC1967Proxy,,,,Bondingv2test,TestBONDv2,ERC-20,0,,,,,NEEDS_REVIEW,3,False,,0,0,,behavioral,0,STILL_NEEDS_REVIEW,,21779,0,17,5,0.059,STILL_AMBIGUOUS,"interactors=5, tx=17, revert=5.9%, source_chars=21779, verified=True"
0xfa76ee1b83870b3d636bef624d4f321fd5296791,base,Behavioral confirmation: bot 0x675a38b2a29376e1db300bba72f2fd5e2fd56dd6 trapped in tx 29e41b86803713bf7726056c60678b4954,bytecode_pattern,0xf87e5d9d67bcc333dd58d7e6fcf5c1a4efc8c567,True,True,ERC20,,,,Base Goat Token,GOAT,ERC-20,0,,,,,NEEDS_REVIEW,0,False,,0,0,,behavioral,0,STILL_NEEDS_REVIEW,ERC20-interface,7937,0,1,1,1.000,LIKELY_FP_FROM_SOURCE,verified source matches: ERC20-interface
0xeaf78552f395341d001dda3b043a6a95a51a1487,base,Behavioral confirmation: bot 0x675a38b2a29376e1db300bba72f2fd5e2fd56dd6 trapped in tx 5b8e3d87012a9952886c36d43d741f4278,bytecode_pattern,0x6f18fc92e4d16256a0c99eaee5034d667cd98f2f,True,True,ERC20,,,,Father Wojak,FARWOJAK,ERC-20,0,,,,,NEEDS_REVIEW,0,False,,0,0,,behavioral,0,STILL_NEEDS_REVIEW,ERC20-interface,7937,0,1,1,1.000,LIKELY_FP_FROM_SOURCE,verified source matches: ERC20-interface
0x13abd773e065079da096f3efab7beb22c0992470,base,Behavioral confirmation: bot 0x675a38b2a29376e1db300bba72f2fd5e2fd56dd6 trapped in tx e8e5b56ec4b89128dec172867a1403ed01,bytecode_pattern,0xcd5f6927cf065a4ecb321f76535475ebf912ff20,True,True,ERC20,,,,Quick Jargon,QUICKJARGON,ERC-20,0,,,,,NEEDS_REVIEW,0,False,,0,0,,behavioral,0,STILL_NEEDS_REVIEW,ERC20-interface,7937,0,1,1,1.000,LIKELY_FP_FROM_SOURCE,verified source matches: ERC20-interface
0xc8fbde4ef5dc8fc218103b0e630f8ed11aa13258,base,Behavioral confirmation: bot 0x675a38b2a29376e1db300bba72f2fd5e2fd56dd6 trapped in tx 8c6660b2a8b0c06f1027c732abf594e9df,bytecode_pattern,0x7acc29c4abe90f4f714b0d0c9de28a590b6f94a9,True,True,ERC20,,,,Make Trump Great Again,MTGA,ERC-20,0,,,,,NEEDS_REVIEW,0,False,,0,0,,behavioral,0,STILL_NEEDS_REVIEW,ERC20-interface,7937,0,1,1,1.000,LIKELY_FP_FROM_SOURCE,verified source matches: ERC20-interface
0xb5b41e0355cd4ecdb27ace59d18ae806f212f01d,base,Behavioral confirmation: bot 0x675a38b2a29376e1db300bba72f2fd5e2fd56dd6 trapped in tx f797851e043bd7396d595f3ecb1d2bc03c,bytecode_pattern,0x5d2455aae669d17ed6f93dbbc0f26d403040e873,True,True,ERC20,,,,Tinder Doge,TINDERDOGE,ERC-20,0,,,,,NEEDS_REVIEW,0,False,,0,0,,behavioral,0,STILL_NEEDS_REVIEW,ERC20-interface,7937,0,1,1,1.000,LIKELY_FP_FROM_SOURCE,verified source matches: ERC20-interface
0x973d283bff94ace22c96ce03067eb89bc4a1bdc4,base,Behavioral confirmation: bot 0x675a38b2a29376e1db300bba72f2fd5e2fd56dd6 trapped in tx b2b4b7f960d22e4b174144707413e1896e,bytecode_pattern,0xc51f376a1c96a1acf0eab0918c0bfcf3611b8ce3,True,True,ERC20,,,,Lonly Hippo 2.0,LONLYHIPPO2.0,ERC-20,0,,,,,NEEDS_REVIEW,0,False,,0,0,,behavioral,0,STILL_NEEDS_REVIEW,ERC20-interface,7937,0,1,1,1.000,LIKELY_FP_FROM_SOURCE,verified source matches: ERC20-interface
0x1e1c8b9d5de657d9285a99d5c92729fe3ef4f302,base,Behavioral confirmation: bot 0x675a38b2a29376e1db300bba72f2fd5e2fd56dd6 trapped in tx 55e95860f0235c527ec89046ffb3f176e3,bytecode_pattern,0x51d81f7eed2ee61ffd27ec230a4663a538e404ae,True,True,Tipping,,,,,,,,,,,,NEEDS_REVIEW,0,False,,0,0,,behavioral,0,NEEDS_REVIEW,ERC20-interface|OpenZeppelin|OpenZeppelin-ERC20|OpenZeppelin-Ownable,30822,0,2,2,0.500,LIKELY_FP_FROM_SOURCE,"verified source matches: ERC20-interface, OpenZeppelin, OpenZeppelin-ERC20, OpenZeppelin-Ownable"
0xa33b99b74253cb5ec4916592c25468d9bb780188,base,Behavioral confirmation: bot 0x675a38b2a29376e1db300bba72f2fd5e2fd56dd6 trapped in tx 3d597c4ff81abfd144ed0e5292e029d5e4,bytecode_pattern,0xdc07251ee538e8e352f700c4f9dac2627c9bb1b9,True,True,Token2,,,,Milady,Milady,ERC-20,0,,,,,NEEDS_REVIEW,0,False,,0,0,,behavioral,0,STILL_NEEDS_REVIEW,ERC20-interface,18280,0,1,1,1.000,LIKELY_FP_FROM_SOURCE,verified source matches: ERC20-interface
0x24797d20b65f89da4bef22822c76b66dfcf77789,base,Behavioral confirmation: bot 0x675a38b2a29376e1db300bba72f2fd5e2fd56dd6 trapped in tx 74739c2d0273a14b2b2cd616c1d65d1e8f,deployer_history,0xacb1b9d369b078cf1e4db91740ac0bdbdb7744b9,True,False,,,,,,,,,,,,,NEEDS_REVIEW,1,False,,0,0,,behavioral,0,NEEDS_REVIEW,,0,0,1,1,1.000,LIKELY_TP_FROM_LOW_ACTIVITY,"sparse activity: 1 interactors, 1 txs — consistent with narrow honeypot"
0x055d84908672b9be53275963862614aea9cdb98b,base,Behavioral confirmation: bot 0x675a38b2a29376e1db300bba72f2fd5e2fd56dd6 trapped in tx e5415f793cb34ab9743c779213f854ebad,deployer_history,0xf58f19be7c3ab385500862dc2391f42b6596f978,True,False,Mock NFT,,,,Mock NFT,MNFT,ERC-721,0,,,,,NEEDS_REVIEW,1,False,,0,0,,behavioral,0,NEEDS_REVIEW,,0,0,16,2,0.062,STILL_AMBIGUOUS,"interactors=2, tx=16, revert=6.2%, source_chars=0, verified=False"
0x919bb308e15d4b6a8a3d54fb3098e9725e0e8152,arbitrum,Behavioral confirmation: bot 0x7d7fe52925115a1a5cf789774fc128eb669ae1f5 trapped in tx 0a1d591a32ad8ba62287e45c186be05b01,bytecode_pattern,0xe81d41f54a70a9633109720f9d1c44150e2af0e4,True,False,,,,,,,,,,,,,NEEDS_REVIEW,0,False,,0,0,,behavioral,0,NEEDS_REVIEW,,0,0,10,2,0.100,LIKELY_TP_FROM_LOW_ACTIVITY,"sparse activity: 2 interactors, 10 txs — consistent with narrow honeypot"
0xd7de99ebbd8d34a8f1c76cb3d55feb04d44bddfc,base,Behavioral confirmation: bot 0x675a38b2a29376e1db300bba72f2fd5e2fd56dd6 trapped in tx f787be8e3b664bf17dc4bc30bf8b5fd79f,bytecode_pattern,0x7699285ee9b37fc96bae07918ebd52ce064c956a,True,False,,,,,,,,,,,,,NEEDS_REVIEW,0,True,asym/-/-,0,0,,behavioral,0,NEEDS_REVIEW,,0,0,1,1,1.000,LIKELY_TP_FROM_LOW_ACTIVITY,"sparse activity: 1 interactors, 1 txs — consistent with narrow honeypot"
0x46bdd081f64812da63f39b6a0da241a504f3e212,base,Behavioral confirmation: bot 0x675a38b2a29376e1db300bba72f2fd5e2fd56dd6 trapped in tx d5badf7cca81d3928c256f14c86bf92231,deployer_history,0xea2117b24f7947647bec60527b68f4244ae40c01,True,False,,,,,,,,,,,,,NEEDS_REVIEW,1,False,,0,0,,behavioral,0,NEEDS_REVIEW,,0,0,1,1,1.000,LIKELY_TP_FROM_LOW_ACTIVITY,"sparse activity: 1 interactors, 1 txs — consistent with narrow honeypot"
0x83c2163af09834d27df7acaa33ee483f991a9fe6,base,Behavioral confirmation: bot 0x675a38b2a29376e1db300bba72f2fd5e2fd56dd6 trapped in tx 0813a4fcb78def2be29f154b73d8ee61b6,bytecode_pattern,0xe16e6b04d5d8a5b3835d93fe5e6addaa0d72e682,True,True,Token2,,,,fog,fog,ERC-20,0,,,,,NEEDS_REVIEW,0,False,,0,0,,behavioral,0,STILL_NEEDS_REVIEW,ERC20-interface,19008,0,1,1,1.000,LIKELY_FP_FROM_SOURCE,verified source matches: ERC20-interface
0x9bb6141ed1ac260a79a7623db7622b63a298d16b,base,Behavioral confirmation: bot 0x675a38b2a29376e1db300bba72f2fd5e2fd56dd6 trapped in tx 862be904aecc20fb36646f814e96175cab,bytecode_pattern,0x819fec2168eeed0be582621cc991aa38df6d296c,True,False,,,,,,,,,,,,,NEEDS_REVIEW,0,True,-/-/-,0,0,,behavioral,0,NEEDS_REVIEW,,0,0,39,2,0.103,STILL_AMBIGUOUS,"interactors=2, tx=39, revert=10.3%, source_chars=0, verified=False"
0xb0d6e71a82b16a9f44516ee2cbb2fbea5adad845,base,Behavioral confirmation: bot 0x675a38b2a29376e1db300bba72f2fd5e2fd56dd6 trapped in tx f42436de2689a411700a979796d97718d8,bytecode_pattern,0x70a36bbae8d408de8c962f206293bf9118ace6c1,True,True,VALTStakingVault,,,,,,,,,,,,NEEDS_REVIEW,0,False,,0,0,,behavioral,0,NEEDS_REVIEW,ERC20-interface|OpenZeppelin|OpenZeppelin-ERC20|OpenZeppelin-Ownable,48784,0,1,1,1.000,LIKELY_FP_FROM_SOURCE,"verified source matches: ERC20-interface, OpenZeppelin, OpenZeppelin-ERC20, OpenZeppelin-Ownable"
0xa558533a48f97e145783470ca2fee1d17b230c94,base,Behavioral confirmation: bot 0x675a38b2a29376e1db300bba72f2fd5e2fd56dd6 trapped in tx 650fdbbd4236340ab740679c8a89a640a4,bytecode_pattern,0x7911934a7357a5814e7deafddc336abf59ae9942,True,False,HASH98,,,,HASH98,HASH98,ERC-20,0,,,,,NEEDS_REVIEW,0,False,,0,0,,behavioral,0,NEEDS_REVIEW,,0,0,40,3,0.025,STILL_AMBIGUOUS,"interactors=3, tx=40, revert=2.5%, source_chars=0, verified=False"
0xfec37fae6ec1de0c06f57c54ec6b8a6eea0dc8fd,base,Behavioral confirmation: bot 0x3fd023228b9abc068f8a8c3494ed0141a706c4be trapped in tx 3de624c953ced9308fcc55fae31e1ee316,deployer_history,0xb01dce443d052e44b7d13726c0ec9ffb7f5815b6,True,False,,,,,,,,,,,,,NEEDS_REVIEW,1,False,,0,0,,behavioral,0,NEEDS_REVIEW,,0,0,13,2,0.385,STILL_AMBIGUOUS,"interactors=2, tx=13, revert=38.5%, source_chars=0, verified=False"
0x98e0caa8e75b95c8014288245a2f7025972e8254,base,Behavioral confirmation: bot 0x675a38b2a29376e1db300bba72f2fd5e2fd56dd6 trapped in tx 8006bd42ae149ae300f3659795493af8b4,bytecode_pattern,0x159a753db06231a013ba8404f14bf71650ce0dbd,True,False,Token_512,,,,Token_512,TKN512,ERC-20,0,,,,,NEEDS_REVIEW,0,True,-/-/fee,0,0,,behavioral,0,NEEDS_REVIEW,,0,0,1,1,1.000,LIKELY_TP_FROM_LOW_ACTIVITY,"sparse activity: 1 interactors, 1 txs — consistent with narrow honeypot"
0x61544f2ad4b83353f20b38057a5c74c5385085ab,base,Behavioral confirmation: bot 0x675a38b2a29376e1db300bba72f2fd5e2fd56dd6 trapped in tx eee3eb2166ddf9427bfd43cd4add9de225,deployer_history,0x07029499d002f0bac847de418c26ede67ecfc9f2,True,True,USDS,,,,,,,,,,,,NEEDS_REVIEW,1,False,,0,0,,behavioral,0,NEEDS_REVIEW,ERC20-interface|OpenZeppelin|OpenZeppelin-ERC20|OpenZeppelin-Ownable,153660,0,1,1,1.000,LIKELY_FP_FROM_SOURCE,"verified source matches: ERC20-interface, OpenZeppelin, OpenZeppelin-ERC20, OpenZeppelin-Ownable"
0xb2deeaccaaee706db5111ddec9aa3c785263750d,base,Behavioral confirmation: bot 0x675a38b2a29376e1db300bba72f2fd5e2fd56dd6 trapped in tx d5f9c2d671e03086469ef8c5244971f886,bytecode_pattern,0x1607863e2d3c089c845c25b010fe5a1e51bd416f,True,False,Token_7517,,,,Token_7517,TKN7517,ERC-20,0,,,,,NEEDS_REVIEW,0,True,-/-/fee,0,0,,behavioral,0,NEEDS_REVIEW,,0,0,1,1,1.000,LIKELY_TP_FROM_LOW_ACTIVITY,"sparse activity: 1 interactors, 1 txs — consistent with narrow honeypot"
0x08b3c861a3f353cb47bc092bf3ccd890344086a5,base,Behavioral confirmation: bot 0x675a38b2a29376e1db300bba72f2fd5e2fd56dd6 trapped in tx fa1a97064a2c8f661d54d7d85de6cbb855,deployer_history,0x07029499d002f0bac847de418c26ede67ecfc9f2,True,True,USDS,,,,,,,,,,,,NEEDS_REVIEW,1,False,,0,0,,behavioral,0,NEEDS_REVIEW,ERC20-interface|OpenZeppelin|OpenZeppelin-ERC20|OpenZeppelin-Ownable,153660,0,1,1,1.000,LIKELY_FP_FROM_SOURCE,"verified source matches: ERC20-interface, OpenZeppelin, OpenZeppelin-ERC20, OpenZeppelin-Ownable"
0xc3a2cf3a2384f673927e4e2a997f68452dd65133,base,Behavioral confirmation: bot 0x675a38b2a29376e1db300bba72f2fd5e2fd56dd6 trapped in tx 199d884a912cd740404a3f28d1e9674974,bytecode_pattern,0x925c8c4bf83169bc9cdfcbd54be05fb7f351332a,True,False,,,,,,,,,,,,,NEEDS_REVIEW,0,True,asym/-/-,0,0,,behavioral,0,NEEDS_REVIEW,,0,0,1,1,1.000,LIKELY_TP_FROM_LOW_ACTIVITY,"sparse activity: 1 interactors, 1 txs — consistent with narrow honeypot"
0x27c16aa1074e6ed686a0e1c22231d3df85caf1c3,base,Behavioral confirmation: bot 0x675a38b2a29376e1db300bba72f2fd5e2fd56dd6 trapped in tx 48d4a830005a218e7cc77973ca679de770,bytecode_pattern,0xbe96fb12585bd1cd2822ae451a69ea5e8970806f,True,False,,,,,,,,,,,,,NEEDS_REVIEW,0,True,asym/-/-,0,0,,behavioral,0,NEEDS_REVIEW,,0,0,1,1,1.000,LIKELY_TP_FROM_LOW_ACTIVITY,"sparse activity: 1 interactors, 1 txs — consistent with narrow honeypot"
0xedb25e74071223606ba89c2bf97f6df6c28e55fe,base,Behavioral confirmation: bot 0x675a38b2a29376e1db300bba72f2fd5e2fd56dd6 trapped in tx 8e2c72ed2d71949cdd36c737a4386f3f3f,bytecode_pattern,0xf639c7151eedb9818e7ba6c74f7794fd0244f0dd,True,False,,,,,,,,,,,,,NEEDS_REVIEW,0,True,-/-/fee,0,0,,behavioral,0,NEEDS_REVIEW,,0,0,1,1,1.000,LIKELY_TP_FROM_LOW_ACTIVITY,"sparse activity: 1 interactors, 1 txs — consistent with narrow honeypot"
0xcca778ee783234ccb121120b987582027fd33632,base,Behavioral confirmation: bot 0x675a38b2a29376e1db300bba72f2fd5e2fd56dd6 trapped in tx f3820728fae80d453cb107e2584c233a20,bytecode_pattern,0x18ffe0ef3ab518d59e29d672fddef0d0131578a0,True,True,PulseDaily,,,,,,,,,,,,NEEDS_REVIEW,0,True,-/-/-,0,0,,behavioral,0,NEEDS_REVIEW,OpenZeppelin|OpenZeppelin-Ownable|OpenZeppelin-UUPS,193634,0,1,1,1.000,LIKELY_FP_FROM_SOURCE,"verified source matches: OpenZeppelin, OpenZeppelin-Ownable, OpenZeppelin-UUPS"
0x9b5e40f98bd770d8297b11f8e6bf04056e42b0ac,base,Behavioral confirmation: bot 0x675a38b2a29376e1db300bba72f2fd5e2fd56dd6 trapped in tx e9e040dac28be6807c0a2c008935f4e93d,deployer_history,0x39e7dfbe6783fb0436876c9986f5091ce4bfc3c6,True,False,StealthOS Sample ERC721,,,,StealthOS Sample ERC721,SOS721,ERC-721,0,,,,,NEEDS_REVIEW,0,False,,0,0,,behavioral,0,NEEDS_REVIEW,,0,0,2,2,0.500,LIKELY_TP_FROM_LOW_ACTIVITY,"sparse activity: 2 interactors, 2 txs — consistent with narrow honeypot"
0x6ec749dfbf8540a3212bbbff5c68e0eebbc368a5,base,Behavioral confirmation: bot 0x675a38b2a29376e1db300bba72f2fd5e2fd56dd6 trapped in tx b148fd03b651c3f39f2555d02c4b490833,deployer_history,0xc72999e9d438a4e2929160642921dbcc2d1fb37b,True,True,Mediacoin,,,,HopCoin,HOP,ERC-1155,0,,,,,NEEDS_REVIEW,7,False,,0,0,,behavioral,0,STILL_NEEDS_REVIEW,OpenZeppelin,59534,0,1,1,1.000,LIKELY_FP_FROM_SOURCE,verified source matches: OpenZeppelin
0x583d9dea92fc60b00c0046b2bdaf3f66d8d50d90,base,Behavioral confirmation: bot 0x675a38b2a29376e1db300bba72f2fd5e2fd56dd6 trapped in tx 59f736ce8709b6bb4b62f7c54253aa4a80,bytecode_pattern,0x2bf5e0206cc73d60b059d14cc6334a63f5808675,True,False,,,,,,,,,,,,,NEEDS_REVIEW,0,True,asym/-/-,0,0,,behavioral,0,NEEDS_REVIEW,,0,0,1,1,1.000,LIKELY_TP_FROM_LOW_ACTIVITY,"sparse activity: 1 interactors, 1 txs — consistent with narrow honeypot"
0xe24a3ee065ebe8da4e851943f5f0a4bc89ef93c4,base,Behavioral confirmation: bot 0x675a38b2a29376e1db300bba72f2fd5e2fd56dd6 trapped in tx 33df29e68a3c52e807a6ea6ea1fe06f05c,bytecode_pattern,0xb6f2f4e4db4af865428f832a7faab2a6112a0c78,True,False,,,,,,,,,,,,,NEEDS_REVIEW,0,False,,0,0,,behavioral,0,NEEDS_REVIEW,,0,0,1,1,1.000,LIKELY_TP_FROM_LOW_ACTIVITY,"sparse activity: 1 interactors, 1 txs — consistent with narrow honeypot"
0x1505e57d128c5fa7c8cda7bc5c6449972f3a59cf,base,Behavioral confirmation: bot 0x675a38b2a29376e1db300bba72f2fd5e2fd56dd6 trapped in tx 50c0ea44841c301340a1ab6ea1a6cf9d8e,bytecode_pattern,0x886503459c8b60482dde87b28d9f9330be941616,True,True,MIRROR,,,,MIRROR,MIRROR,ERC-20,0,,,,,NEEDS_REVIEW,0,False,,0,0,,behavioral,0,STILL_NEEDS_REVIEW,ERC20-interface,14243,0,2,2,0.500,LIKELY_FP_FROM_SOURCE,verified source matches: ERC20-interface
0x7ef5f65d9cf07a384b4332dff6a6fbb78c193dbc,base,Behavioral confirmation: bot 0x675a38b2a29376e1db300bba72f2fd5e2fd56dd6 trapped in tx 221513d2e880f7d161735ab64a8229c096,bytecode_pattern,0xfd5a58d70bee70a4a20891f388bcb9ea016eea35,True,True,Factory,,,,,,,,,,,,NEEDS_REVIEW,1,True,asym/rev/fee,0,0,,behavioral,0,NEEDS_REVIEW,OpenZeppelin|OpenZeppelin-AccessControl|OpenZeppelin-ERC20|OpenZeppelin-UUPS|Solady|Solmate,439912,0,1,1,1.000,LIKELY_FP_FROM_SOURCE,"verified source matches: OpenZeppelin, OpenZeppelin-AccessControl, OpenZeppelin-ERC20, OpenZeppelin-UUPS, Solady, Solmate"
0x4ba8eed3c6efbe199f63ddd0e3ae9c5fad9f698f,base,Behavioral confirmation: bot 0x675a38b2a29376e1db300bba72f2fd5e2fd56dd6 trapped in tx 05054eeee34e08a3f7f2198f11b212ac4d,deployer_history,0xfd5a58d70bee70a4a20891f388bcb9ea016eea35,True,False,,,,,,,,,,,,,NEEDS_REVIEW,1,False,,0,0,,behavioral,0,NEEDS_REVIEW,,0,0,1,1,1.000,LIKELY_TP_FROM_LOW_ACTIVITY,"sparse activity: 1 interactors, 1 txs — consistent with narrow honeypot"
0x2ac35feec40878d2d48c6bc9416c70394f9d9933,base,Behavioral confirmation: bot 0x675a38b2a29376e1db300bba72f2fd5e2fd56dd6 trapped in tx 7d76ec1431f5991787d8316d1ca20dcd29,bytecode_pattern,0x33333333333c2b9875b341d0c60b1f402feb9952,True,False,,,,,,,,,,,,,NEEDS_REVIEW,0,False,,0,0,,behavioral,0,NEEDS_REVIEW,,0,0,1,1,1.000,LIKELY_TP_FROM_LOW_ACTIVITY,"sparse activity: 1 interactors, 1 txs — consistent with narrow honeypot"
0xd26a0bf1fc29a710a6a69264940111cb0cc20b3a,base,Behavioral confirmation: bot 0x675a38b2a29376e1db300bba72f2fd5e2fd56dd6 trapped in tx 2f2ff1c90a060964fe456e1ee2435db5e4,bytecode_pattern,0xe16a455258ea59b55b4c1a1950a9e3fc781c9d78,True,True,Token2,,,,AI DO MY WORK,WORK,ERC-20,0,,,,,NEEDS_REVIEW,0,False,,0,0,,behavioral,0,STILL_NEEDS_REVIEW,ERC20-interface,19008,0,1,1,1.000,LIKELY_FP_FROM_SOURCE,verified source matches: ERC20-interface
0x0f6b6ed5121df355c6a3219ef1adb1ad36b836c7,base,Behavioral confirmation: bot 0x675a38b2a29376e1db300bba72f2fd5e2fd56dd6 trapped in tx fd899377bdb54a7587d780f8c7aa178f57,deployer_history,0xc72999e9d438a4e2929160642921dbcc2d1fb37b,True,True,Mediacoin,,,,DogeCoin,DOGX,ERC-20,0,,,,,NEEDS_REVIEW,7,False,,0,0,,behavioral,0,STILL_NEEDS_REVIEW,OpenZeppelin,59534,0,1,1,1.000,LIKELY_FP_FROM_SOURCE,verified source matches: OpenZeppelin
0xcd9d2f2c71070f3141719e1fb1628972e032825d,base,Behavioral confirmation: bot 0x675a38b2a29376e1db300bba72f2fd5e2fd56dd6 trapped in tx 90b23068ffcd614ec1401027166ac6efbd,deployer_history,0xc72999e9d438a4e2929160642921dbcc2d1fb37b,True,True,Mediacoin,,,,DOGECOIN,DOGE,ERC-20,0,,,,,NEEDS_REVIEW,7,False,,0,0,,behavioral,0,STILL_NEEDS_REVIEW,OpenZeppelin,59534,0,4,3,0.250,LIKELY_FP_FROM_SOURCE,verified source matches: OpenZeppelin
0xf286dbd18b5be5332b25ff017323a80eb76db7ca,base,Behavioral confirmation: bot 0x675a38b2a29376e1db300bba72f2fd5e2fd56dd6 trapped in tx 8b581aa45fb54ef5c05e2c4e95595d9171,deployer_history,0xc72999e9d438a4e2929160642921dbcc2d1fb37b,True,True,Mediacoin,,,,DogeCoin,DOGECOIN,ERC-20,0,,,,,NEEDS_REVIEW,7,False,,0,0,,behavioral,0,STILL_NEEDS_REVIEW,OpenZeppelin,59534,0,4,3,0.250,LIKELY_FP_FROM_SOURCE,verified source matches: OpenZeppelin
0x7a36295e713d45bce6b0f9f4a6cb13cfe67f5111,base,Behavioral confirmation: bot 0x675a38b2a29376e1db300bba72f2fd5e2fd56dd6 trapped in tx bf1c07ca824a7b774208568559c2e5c9fe,bytecode_pattern,0xb0eead51baa5fd1a31be56f8bc47ef97dbf03bcd,True,False,TestDog,,,,TestDog,TDOG,ERC-20,0,,,,,NEEDS_REVIEW,0,False,,0,0,,behavioral,0,NEEDS_REVIEW,,0,0,5,3,0.200,LIKELY_TP_FROM_LOW_ACTIVITY,"sparse activity: 3 interactors, 5 txs — consistent with narrow honeypot"
0xf786bfa7318ec0625cc8befc984d8d3f3677f5f1,base,Behavioral confirmation: bot 0x675a38b2a29376e1db300bba72f2fd5e2fd56dd6 trapped in tx 04672554deee14793a9dcc256ac36872ff,bytecode_pattern,0xd182cf2946fa5ef123c760bce288099cf3bf2431,True,False,,,,,,,,,,,,,NEEDS_REVIEW,0,False,,0,0,,behavioral,0,NEEDS_REVIEW,,0,0,3,2,0.333,LIKELY_TP_FROM_LOW_ACTIVITY,"sparse activity: 2 interactors, 3 txs — consistent with narrow honeypot"
0x1c50aab45c939b18c66d780031c2e07aa93e73a1,arbitrum,Behavioral confirmation: bot 0xb037f6cb00f48379869507af56759ca3f7e44f04 trapped in tx 2e29e011090ec5a2652cd836bf2bf39400,bytecode_pattern,0xc10d8ac264e0e4e8c24c72e009635f6bbcfe4224,True,False,,,,,,,,,,,,,NEEDS_REVIEW,0,False,,0,0,,behavioral,0,NEEDS_REVIEW,,0,0,24514,7,0.980,LIKELY_TP_FROM_REVERT_PROFILE,"7 interactors, 98.0% revert rate — trap signature"
0x8fd5f3ff3c8fdb7354814bb1507c672cbc6bc170,base,Behavioral confirmation: bot 0x675a38b2a29376e1db300bba72f2fd5e2fd56dd6 trapped in tx 530ce0e63e0dd96cb160c409b8dbf89f45,bytecode_pattern,0xf540f5579d9ceb53ef2679348f0bb9faf9e9f998,True,False,,,,,,,,,,,,,NEEDS_REVIEW,1,False,,0,0,,behavioral,0,NEEDS_REVIEW,,0,0,1,1,1.000,LIKELY_TP_FROM_LOW_ACTIVITY,"sparse activity: 1 interactors, 1 txs — consistent with narrow honeypot"
0x405b368c055f06e8f189a2fa67e38d04dfede9ff,base,Behavioral confirmation: bot 0x675a38b2a29376e1db300bba72f2fd5e2fd56dd6 trapped in tx 5bea4cf6d58a19eed7aaab75b252da3d4b,bytecode_pattern,0x0b545b2dd5ab27c51615cca32e27309d7d23176b,True,False,,,,,,,,,,,,,NEEDS_REVIEW,0,False,,0,0,,behavioral,0,NEEDS_REVIEW,,0,0,1,1,1.000,LIKELY_TP_FROM_LOW_ACTIVITY,"sparse activity: 1 interactors, 1 txs — consistent with narrow honeypot"
0xdeefddfa197f3382a7ff121b8185259097716a80,base,Behavioral confirmation: bot 0x675a38b2a29376e1db300bba72f2fd5e2fd56dd6 trapped in tx cc4fe3222b8da38e4a09aa4cc2e1206fff,bytecode_pattern,0xf540f5579d9ceb53ef2679348f0bb9faf9e9f998,True,False,,,,,,,,,,,,,NEEDS_REVIEW,1,False,,0,0,,behavioral,0,NEEDS_REVIEW,,0,0,1,1,1.000,LIKELY_TP_FROM_LOW_ACTIVITY,"sparse activity: 1 interactors, 1 txs — consistent with narrow honeypot"
0xae2ef8b751d1facc6dd473cd019ed92b31cb575a,base,Behavioral confirmation: bot 0x675a38b2a29376e1db300bba72f2fd5e2fd56dd6 trapped in tx adab4577df2f87353f409a735b898b3a2c,bytecode_pattern,0x9e22627a33ae9adfd8b49c77d222b4339554e023,True,True,AITOKEN2,,,,AI TOKEN 2,AITOKEN2,ERC-20,0,,,,,NEEDS_REVIEW,0,True,-/-/fee,0,0,,behavioral,0,STILL_NEEDS_REVIEW,ERC20-interface|OpenZeppelin|OpenZeppelin-ERC20|OpenZeppelin-Ownable,34059,0,1,1,1.000,LIKELY_FP_FROM_SOURCE,"verified source matches: ERC20-interface, OpenZeppelin, OpenZeppelin-ERC20, OpenZeppelin-Ownable"
0x6217cf2f6618b6f68cdf35bda403c22acf330fed,base,Behavioral confirmation: bot 0x675a38b2a29376e1db300bba72f2fd5e2fd56dd6 trapped in tx de524716655cab8ff4665ae2411b404e6b,bytecode_pattern,0x4f80b5c475fced34fc9a07ffccf39e1adc1406bf,True,False,,,,,,,,,,,,,NEEDS_REVIEW,0,True,asym/-/-,0,0,,behavioral,0,NEEDS_REVIEW,,0,0,1,1,1.000,LIKELY_TP_FROM_LOW_ACTIVITY,"sparse activity: 1 interactors, 1 txs — consistent with narrow honeypot"
0xff7af2a2b1adf41fb3121fbe942eb08c2d87d490,base,Behavioral confirmation: bot 0x675a38b2a29376e1db300bba72f2fd5e2fd56dd6 trapped in tx 792706b019ba26d6e8c52afe026dfb86e2,bytecode_pattern,0x5376c84a35a93a4e525c65e3dd3ec4f6e5d285dd,True,False,,,,,,,,,,,,,NEEDS_REVIEW,0,True,-/-/-,0,0,,behavioral,0,NEEDS_REVIEW,,0,0,272,3,0.007,STILL_AMBIGUOUS,"interactors=3, tx=272, revert=0.7%, source_chars=0, verified=False"
0xbcdc1c5bf983f02105a586bf2245a479aa527d70,base,Behavioral confirmation: bot 0x675a38b2a29376e1db300bba72f2fd5e2fd56dd6 trapped in tx 4c95f0866a0eb17f768826d6d219f4bc28,bytecode_pattern,0xc6f0d55828126d9e4ca4b07272ab3161402e9608,True,True,Nice,,,,Nice Token,NICE,ERC-20,0,,,,,NEEDS_REVIEW,0,False,,0,0,,behavioral,0,STILL_NEEDS_REVIEW,ERC20-interface|OpenZeppelin|OpenZeppelin-ERC20|OpenZeppelin-Ownable,104810,0,4,2,0.250,LIKELY_FP_FROM_SOURCE,"verified source matches: ERC20-interface, OpenZeppelin, OpenZeppelin-ERC20, OpenZeppelin-Ownable"
0xe1e6a4aff3507237bc15f0ce189598e6979f9659,base,Behavioral confirmation: bot 0x675a38b2a29376e1db300bba72f2fd5e2fd56dd6 trapped in tx 26ae5390064d91ec932584dba718b90f3e,bytecode_pattern,0x8710f7397380951aaafbfb9391156d80207e5201,True,False,,,,,,,,,,,,,NEEDS_REVIEW,0,True,asym/-/-,0,0,,behavioral,0,NEEDS_REVIEW,,0,0,3,3,0.333,LIKELY_TP_FROM_LOW_ACTIVITY,"sparse activity: 3 interactors, 3 txs — consistent with narrow honeypot"
0x089fdf3d93819cb96f1fb236212ad02e701dfd2d,base,Behavioral confirmation: bot 0x675a38b2a29376e1db300bba72f2fd5e2fd56dd6 trapped in tx 0e684d7945970718303e91260c346c89d9,deployer_history,0xf4a055d04f5ed171b586135d49f7a98cb78a37a0,True,True,ERC1967Proxy,,,,,,,,,,,,NEEDS_REVIEW,0,False,,0,0,,behavioral,0,NEEDS_REVIEW,,24555,0,1,1,1.000,LIKELY_TP_FROM_LOW_ACTIVITY,"sparse activity: 1 interactors, 1 txs — consistent with narrow honeypot"
0x56090c8e0523c7c10e8e6d9f176a79df2bdab69a,base,Behavioral confirmation: bot 0x675a38b2a29376e1db300bba72f2fd5e2fd56dd6 trapped in tx c2fcb9525c92026d09ff542e3ca1b66c44,bytecode_pattern,0xc8e1f80e0acc99c2deb9393aa5e85c07ada33c63,True,False,Token_189,,,,Token_189,TKN189,ERC-20,0,,,,,NEEDS_REVIEW,0,True,-/-/fee,0,0,,behavioral,0,NEEDS_REVIEW,,0,0,1,1,1.000,LIKELY_TP_FROM_LOW_ACTIVITY,"sparse activity: 1 interactors, 1 txs — consistent with narrow honeypot"
0x8ef6f583dbc444d16cace1be1cac6851caa4ddcd,base,Behavioral confirmation: bot 0x675a38b2a29376e1db300bba72f2fd5e2fd56dd6 trapped in tx 293fb635cc49a5384531e65b2b69ef5339,bytecode_pattern,0x3e7f30ff4bbc253a7fd13b1ffa4e44c3980acdcf,True,True,Token2,,,,LABUBU,LABUBU,ERC-20,0,,,,,NEEDS_REVIEW,0,False,,0,0,,behavioral,0,STILL_NEEDS_REVIEW,ERC20-interface,19008,0,2,2,0.500,LIKELY_FP_FROM_SOURCE,verified source matches: ERC20-interface
0x651dd92b31a9f1607cbf51bd3be6ccf3861e1b87,base,Behavioral confirmation: bot 0x675a38b2a29376e1db300bba72f2fd5e2fd56dd6 trapped in tx 35bdf02e927510fe26a82b804ed9fafe71,bytecode_pattern,0xbde5575b9af9d7d1b4dfdb99028f57da2088846d,True,True,BigF,,,,BigF,BIGF,ERC-20,0,,,,,NEEDS_REVIEW,0,False,,0,0,,behavioral,0,STILL_NEEDS_REVIEW,ERC20-interface|OpenZeppelin|OpenZeppelin-ERC20|OpenZeppelin-Ownable,102501,0,4,2,0.250,LIKELY_FP_FROM_SOURCE,"verified source matches: ERC20-interface, OpenZeppelin, OpenZeppelin-ERC20, OpenZeppelin-Ownable"
0xaec4f65f61bce38d8f54dcaf6217ae4403a5ca55,base,Behavioral confirmation: bot 0x675a38b2a29376e1db300bba72f2fd5e2fd56dd6 trapped in tx d4c7f5f25e821adc115cf3a7e4e4110497,bytecode_pattern,0xf16dd5883c4417d4a4fdaa6e37d006229765f55c,True,False,,,,,,,,,,,,,NEEDS_REVIEW,0,False,,0,0,,behavioral,0,NEEDS_REVIEW,,0,0,1,1,1.000,LIKELY_TP_FROM_LOW_ACTIVITY,"sparse activity: 1 interactors, 1 txs — consistent with narrow honeypot"
0x6d980ec5d051b65a5fe6d9502448f1b2a1aaca89,base,Behavioral confirmation: bot 0xbdaa643437bc26c6229a289aa8a83cf2cc06aadc trapped in tx 0a3eb1c2c87fd4b84e682850e0a6470487,bytecode_pattern,0x84631a26fab1525449063c7dce50019c6ceedc9c,True,True,AgentStakingV15,,,,,,,,,,,,NEEDS_REVIEW,0,False,,0,0,,behavioral,0,NEEDS_REVIEW,ERC20-interface|OpenZeppelin|OpenZeppelin-ERC20|OpenZeppelin-Ownable,37760,0,2,1,1.000,LIKELY_FP_FROM_SOURCE,"verified source matches: ERC20-interface, OpenZeppelin, OpenZeppelin-ERC20, OpenZeppelin-Ownable"
0xdbf88aac97d7a9813c116f406924700259ddb628,base,Behavioral confirmation: bot 0x675a38b2a29376e1db300bba72f2fd5e2fd56dd6 trapped in tx 82e971d24b8d66bce0769f074627ed3835,bytecode_pattern,0xcdaba8deab48d6c8dbeb93fb691c838def26ba4b,True,False,BASELINGS,,,,BASELINGS,BASELING,ERC-20,0,,,,,NEEDS_REVIEW,0,False,,0,0,,behavioral,0,NEEDS_REVIEW,,0,0,75,75,0.013,STILL_AMBIGUOUS,"interactors=75, tx=75, revert=1.3%, source_chars=0, verified=False"
0xf669aa058e5329edc831fd3ef0fb33a51d971284,base,Behavioral confirmation: bot 0x675a38b2a29376e1db300bba72f2fd5e2fd56dd6 trapped in tx 54fc0eded4f37e2c8dfdca463457e90073,bytecode_pattern,0xe9b0cebef9e93cac7727a06d5ed5f8e3ae71e5f8,True,True,AVA_EcosystemBridge,,,,,,,,,,,,NEEDS_REVIEW,0,False,,0,0,,behavioral,0,NEEDS_REVIEW,,17927,0,3,2,0.333,LIKELY_TP_FROM_LOW_ACTIVITY,"sparse activity: 2 interactors, 3 txs — consistent with narrow honeypot"
0xa5746f361c7cb2cd421df43e728211f1ba0ecd30,base,Behavioral confirmation: bot 0xd2d30acab3c7bb08405957b0db35f6dad74cc026 trapped in tx 9690567ef6130db6ce0840f06e046dcb38,bytecode_pattern,0xbdb902244f1235fc686b2af74f0e73163d47fa08,True,False,,,,,,,,,,,,,NEEDS_REVIEW,0,False,,0,0,,behavioral,0,NEEDS_REVIEW,,0,0,13730,40,1.000,STILL_AMBIGUOUS,"interactors=40, tx=13730, revert=100.0%, source_chars=0, verified=False"
0x86808ffd1204c2bd9ad5b79022968d11408d3efc,optimism,Behavioral confirmation: bot 0xe733359f263b678e35438bdc270ee4a0cd0c2e1c trapped in tx 4fb61953bbd7fe1df799954a1a5c3fe1de,bytecode_pattern,0x0e86d8afaa0b77d732d89bd5cec3dc9003b321da,True,True,CreditSale,,,,,,,,,,,,NEEDS_REVIEW,0,False,,0,0,,behavioral,0,NEEDS_REVIEW,ERC20-interface|OpenZeppelin|OpenZeppelin-ERC20,154957,0,62,3,0.016,LIKELY_FP_FROM_SOURCE,"verified source matches: ERC20-interface, OpenZeppelin, OpenZeppelin-ERC20"
0xa41af22a823d8756911e58e0603763d934ac4038,base,Behavioral confirmation: bot 0x675a38b2a29376e1db300bba72f2fd5e2fd56dd6 trapped in tx 53fb0d1e4007789a28e04bab9da4d6b693,bytecode_pattern,0x0377067b250b6ccbe64c8fce1ded23458c41ec77,True,True,UMYOVault,,,,USDC Morpho Yield Optimizer,vUMYO,ERC-20,0,,,,,NEEDS_REVIEW,0,False,,0,0,,behavioral,0,STILL_NEEDS_REVIEW,ERC20-interface|OpenZeppelin-ERC20|OpenZeppelin-Ownable,155287,0,7,3,0.143,LIKELY_FP_FROM_SOURCE,"verified source matches: ERC20-interface, OpenZeppelin-ERC20, OpenZeppelin-Ownable"
0x11bad5dac6508e4f8ff8c41215488d04b805cb11,base,Behavioral confirmation: bot 0x11a968128adb249441d9d279a4ddd8968e158a11 trapped in tx 89ad53ce2d28c867246f27591e326a27fe,bytecode_pattern,0x74f9c13a24d4e49a986c0f114c9e1ec7a69fda65,True,False,,,,,,,,,,,,,NEEDS_REVIEW,0,False,,0,0,,behavioral,0,NEEDS_REVIEW,,0,0,21,1,0.048,STILL_AMBIGUOUS,"interactors=1, tx=21, revert=4.8%, source_chars=0, verified=False"
0x426ce839cddebece56e5852682ce600055694a2d,base,Behavioral confirmation: bot 0x675a38b2a29376e1db300bba72f2fd5e2fd56dd6 trapped in tx 3203b3571a97a759d636ed98678f03a5ad,deployer_history,0xe1ce66ce4d2dbe8596057fdbfa1e144e770aaa00,True,False,,,,,,,,,,,,,NEEDS_REVIEW,0,False,,0,0,,behavioral,0,NEEDS_REVIEW,,0,0,1,1,1.000,LIKELY_TP_FROM_LOW_ACTIVITY,"sparse activity: 1 interactors, 1 txs — consistent with narrow honeypot"
0x6d51735994df30d1a5d5b7c9aa2337c4667c37b2,base,Behavioral confirmation: bot 0x675a38b2a29376e1db300bba72f2fd5e2fd56dd6 trapped in tx 628a815f41cec57c206bde6f32f9c93de2,bytecode_pattern,0xbba0207b4faaa8b933508f2f65d2dfaa1a25f189,True,True,CheckingContract,,,,,,,,,,,,NEEDS_REVIEW,0,False,,0,0,,behavioral,0,NEEDS_REVIEW,ERC20-interface|OpenZeppelin|OpenZeppelin-ERC20|OpenZeppelin-Ownable|OpenZeppelin-UUPS,96666,0,1,1,1.000,LIKELY_FP_FROM_SOURCE,"verified source matches: ERC20-interface, OpenZeppelin, OpenZeppelin-ERC20, OpenZeppelin-Ownable, OpenZeppelin-UUPS"
0xb69356e71a5e4453755eb2a21c05b82b7c6146a3,base,Behavioral confirmation: bot 0x675a38b2a29376e1db300bba72f2fd5e2fd56dd6 trapped in tx 1c85ae0481419ac1c3a63a20b858cf0efb,deployer_history,0xa04336f7d292c8632c27fb555beb7aec6d61e1d8,True,False,,,,,,,,,,,,,NEEDS_REVIEW,0,False,,0,0,,behavioral,0,NEEDS_REVIEW,,0,0,1,1,1.000,LIKELY_TP_FROM_LOW_ACTIVITY,"sparse activity: 1 interactors, 1 txs — consistent with narrow honeypot"
0xe4c6656b6c248b20bd2c5ddf9168a4531aabd2a1,base,Behavioral confirmation: bot 0x675a38b2a29376e1db300bba72f2fd5e2fd56dd6 trapped in tx 84664f3299a55e5bbb9e749352b4a5c8bb,bytecode_pattern,0x8c54783849a2c042544efc37c4657ee98a411fb7,True,False,,,,,,,,,,,,,NEEDS_REVIEW,0,False,,0,0,,behavioral,0,NEEDS_REVIEW,,0,0,2,2,0.500,LIKELY_TP_FROM_LOW_ACTIVITY,"sparse activity: 2 interactors, 2 txs — consistent with narrow honeypot"
0x75682ac9d721250c2e677bd25ad5cb4133e0a09b,arbitrum,Behavioral confirmation: bot 0x6b4db669cb16653d94a2a27808fce8b8c34f9268 trapped in tx aeafe07be4d188acffc9395d93981152b7,deployer_history,0x62d8f07c80163fea2e2f9a17b8cffc8989cba0f5,True,True,SLIQCore,,,,,,,,,,,,NEEDS_REVIEW,1,False,,0,0,,behavioral,0,NEEDS_REVIEW,,59927,0,33,2,0.030,STILL_AMBIGUOUS,"interactors=2, tx=33, revert=3.0%, source_chars=59927, verified=True"
0x42515afdfc02af5875262af55b561c122cd5e266,arbitrum,Behavioral confirmation: bot 0x8224d492ec12564edebe060a7ffd76296760ad4e trapped in tx 717b5c0d075fc6650b2d33cea99c8ffc25,deployer_history,0x85fe59cd064c46711616e44cff7ae0d99785d87f,True,False,,,,,,,,,,,,,NEEDS_REVIEW,1,False,,0,0,,behavioral,0,NEEDS_REVIEW,,0,0,6,2,0.667,LIKELY_TP_FROM_LOW_ACTIVITY,"sparse activity: 2 interactors, 6 txs — consistent with narrow honeypot"
0x5141d7a8110764ef9dfe4fe7bc487a5857a49d15,base,Behavioral confirmation: bot 0x675a38b2a29376e1db300bba72f2fd5e2fd56dd6 trapped in tx f50400cbaa25d3853308e6b7137ab2d1ae,bytecode_pattern,0xc2b316c07084b2ef2b347c928adf96a843ae0851,True,False,j3sse,,,,j3sse,j3sse,ERC-20,0,,,,,NEEDS_REVIEW,0,True,asym/-/-,0,0,,behavioral,0,NEEDS_REVIEW,,0,0,2,2,0.500,LIKELY_TP_FROM_LOW_ACTIVITY,"sparse activity: 2 interactors, 2 txs — consistent with narrow honeypot"
0x8daaf5095bb64ad423cfc994b1c3e5291960ff0d,base,Behavioral confirmation: bot 0x675a38b2a29376e1db300bba72f2fd5e2fd56dd6 trapped in tx e259b88759a4acd9ceef69b676481d04bf,bytecode_pattern,0xdba474fef81bc7475f70e28dfc12410f032a83db,True,True,OETHbHydrexAMOStrategy,,,,,,,,,,,,NEEDS_REVIEW,0,True,-/-/fee,0,0,,behavioral,0,NEEDS_REVIEW,ERC20-interface|OpenZeppelin|OpenZeppelin-ERC20|OpenZeppelin-Ownable,142024,0,1,1,1.000,LIKELY_FP_FROM_SOURCE,"verified source matches: ERC20-interface, OpenZeppelin, OpenZeppelin-ERC20, OpenZeppelin-Ownable"
0x4c8fdec9a153c238b7e1e545d62eec3873dda070,base,Behavioral confirmation: bot 0x476137bfa34bffdaa28accdc1c8e48e042f73ca2 trapped in tx 3d26f024be4d40cdcf4e5785b75092d74a,bytecode_pattern,0xce5fcfa975c65e9cb275634bc78353ba8dd8765a,True,False,,,,,,,,,,,,,NEEDS_REVIEW,0,False,,0,0,,behavioral,0,NEEDS_REVIEW,,0,0,78,5,0.051,STILL_AMBIGUOUS,"interactors=5, tx=78, revert=5.1%, source_chars=0, verified=False"
0x25e96c17a1518c30823e8ce7b1cd4e338334e6f8,base,Behavioral confirmation: bot 0x675a38b2a29376e1db300bba72f2fd5e2fd56dd6 trapped in tx 0d017208eea2fa0c411f0313033ca7d219,bytecode_pattern,0x7452ca3b04ea6278dfd9ba3c4e6c14dc530a92c2,True,False,,,,,,,,,,,,,NEEDS_REVIEW,0,True,asym/-/-,0,0,,behavioral,0,NEEDS_REVIEW,,0,0,1,1,1.000,LIKELY_TP_FROM_LOW_ACTIVITY,"sparse activity: 1 interactors, 1 txs — consistent with narrow honeypot"
0x06786f5c5334085b28dbea297b182336346e7007,base,Behavioral confirmation: bot 0x675a38b2a29376e1db300bba72f2fd5e2fd56dd6 trapped in tx ca14342f05409453974a0653783b382135,bytecode_pattern,0x3a1082ecae3e2d9464d0772b0149431522b3b3b8,True,False,GRACE,,,,GRACE,GRACE,ERC-721,0,,,,,NEEDS_REVIEW,1,True,-/-/-,0,0,,behavioral,0,NEEDS_REVIEW,,0,0,1,1,1.000,LIKELY_TP_FROM_LOW_ACTIVITY,"sparse activity: 1 interactors, 1 txs — consistent with narrow honeypot"
0x4da9619fc9cbe579e50e731ff1d21801f8c55a8b,base,Behavioral confirmation: bot 0x675a38b2a29376e1db300bba72f2fd5e2fd56dd6 trapped in tx 19e8658c8d960f44a581624d120b791e55,bytecode_pattern,0xdfe920705f589a11a5d7ced9b470694fa1e91499,True,True,FairdropFactory,,,,,,,,,,,,NEEDS_REVIEW,0,False,,0,0,,behavioral,0,NEEDS_REVIEW,ERC20-interface|OpenZeppelin|OpenZeppelin-AccessControl|OpenZeppelin-ERC20,224830,0,3,3,0.333,LIKELY_FP_FROM_SOURCE,"verified source matches: ERC20-interface, OpenZeppelin, OpenZeppelin-AccessControl, OpenZeppelin-ERC20"
0xe09c9208b29ad28fcc6ac6bf6334c1f12a9bea3a,optimism,Behavioral confirmation: bot 0x580e5174bdcfa0c13aed9e9f1901c4af1e09fe60 trapped in tx 4cec76bb8e3db15cd08ced69196cced6da,deployer_history,0xd4627ecb405b64448ee6b07dcf860bf55590c83d,True,True,NftFarmStrategy,,,,,,,,,,,,NEEDS_REVIEW,1,False,,0,0,,behavioral,0,NEEDS_REVIEW,ERC20-interface|OpenZeppelin,126071,0,373,60,0.040,LIKELY_FP_FROM_SOURCE,"verified source matches: ERC20-interface, OpenZeppelin"
0x326e6746fb95f0c2de39a1175a20d8eda8a581a8,arbitrum,Behavioral confirmation: bot 0x40e64cf2a1a1fe6f8a21c64c97f1e75e33159dd7 trapped in tx d0dec47868619146dbd2eb54fa403085e3,deployer_history,0xd4627ecb405b64448ee6b07dcf860bf55590c83d,True,True,NftFarmStrategy,,,,,,,,,,,,NEEDS_REVIEW,1,False,,0,0,,behavioral,0,NEEDS_REVIEW,ERC20-interface|OpenZeppelin,126071,0,225,93,0.040,LIKELY_FP_FROM_SOURCE,"verified source matches: ERC20-interface, OpenZeppelin"
0x3cb038fa55b87fab72b10154e735b36a5e5efc99,arbitrum,Behavioral confirmation: bot 0xb656b71b4748ebfca119251837a858c2991ee456 trapped in tx 43ec31ec95482d7a08af0cdc071e052d50,bytecode_pattern,0x2db5b8a97b77990cb619701c83f7f048656fcad1,True,False,,,,,,,,,,,,,NEEDS_REVIEW,1,False,,0,0,,behavioral,0,NEEDS_REVIEW,,0,0,11,2,0.545,STILL_AMBIGUOUS,"interactors=2, tx=11, revert=54.5%, source_chars=0, verified=False"
0x28e5ce9136aedd016bee1d1abb72eefdda3b7bfe,arbitrum,Behavioral confirmation: bot 0x8224d492ec12564edebe060a7ffd76296760ad4e trapped in tx 2ae9ad4edf85cce87517f76aa428adc2e9,deployer_history,0x85fe59cd064c46711616e44cff7ae0d99785d87f,True,False,,,,,,,,,,,,,NEEDS_REVIEW,1,False,,0,0,,behavioral,0,NEEDS_REVIEW,,0,0,1,1,1.000,LIKELY_TP_FROM_LOW_ACTIVITY,"sparse activity: 1 interactors, 1 txs — consistent with narrow honeypot"
0xf3e9b04f3f52a295edd92b68ea560eed729a77ac,arbitrum,Self-loop: deployer 0x8e38ed96b1bc66528273bf91640ce5ea19c86cbc called own contract in reverted tx at block 460414641 (BO,bytecode_pattern,0x8e38ed96b1bc66528273bf91640ce5ea19c86cbc,True,False,,,,,,,,,,,,,NEEDS_REVIEW,1,False,,0,0,,self_loop,0,NEEDS_REVIEW,,0,0,746,1,0.996,STILL_AMBIGUOUS,"interactors=1, tx=746, revert=99.6%, source_chars=0, verified=False"
0x48a287f299255cac9df1d3a12fedbe4b20f1154e,base,Self-loop: deployer 0xd86d0545637ef7266e3506449525c16c8a271512 called own contract in reverted tx at block 45653941 (BOT,bytecode_pattern,0xd86d0545637ef7266e3506449525c16c8a271512,True,False,,,,,,,,,,,,,NEEDS_REVIEW,1,False,,0,0,,self_loop,0,NEEDS_REVIEW,,0,0,49,1,1.000,STILL_AMBIGUOUS,"interactors=1, tx=49, revert=100.0%, source_chars=0, verified=False"
0xd25deade4c3694d984744f7085796cfa61937bce,base,Behavioral confirmation: bot 0x9654271fbf6035afc556edec97c9b1af41a48f3e trapped in tx 038ea571805a68ca32bbb2b090a08e3925,bytecode_pattern,0xd86d0545637ef7266e3506449525c16c8a271512,True,False,,,,,,,,,,,,,NEEDS_REVIEW,1,False,,0,0,,behavioral,0,NEEDS_REVIEW,,0,0,1,1,1.000,LIKELY_TP_FROM_LOW_ACTIVITY,"sparse activity: 1 interactors, 1 txs — consistent with narrow honeypot"
0xb7f67cea20c7c574e5fb0096530187726ba66f7e,base,Behavioral confirmation: bot 0x1f09d6edf533b1634ce80b3056ec1206722690f8 trapped in tx dd8f9715af140f80050c59416a0a2d6b75,bytecode_pattern,0xcd5b8d9678104732acb7447f898927994baa9c04,True,True,TicketFactory,,,,,,,,,,,,NEEDS_REVIEW,1,False,,0,0,,behavioral,0,NEEDS_REVIEW,ERC20-interface|OpenZeppelin|OpenZeppelin-ERC20|OpenZeppelin-Ownable,34125,0,96,6,0.010,LIKELY_FP_FROM_SOURCE,"verified source matches: ERC20-interface, OpenZeppelin, OpenZeppelin-ERC20, OpenZeppelin-Ownable"
0x6e2b046e1b1eaaee628bebd6ca4af994c80ccb60,arbitrum,Behavioral confirmation: bot 0x675a38b2a29376e1db300bba72f2fd5e2fd56dd6 trapped in tx 2bfed17f5969424c63e13c891e36e37fd8,deployer_history,0xea2117b24f7947647bec60527b68f4244ae40c01,True,True,TransparentUpgradeableProxy,,,,,,,,,,,,NEEDS_REVIEW,1,False,,0,0,,behavioral,0,NEEDS_REVIEW,,34397,0,9,2,0.111,LIKELY_TP_FROM_LOW_ACTIVITY,"sparse activity: 2 interactors, 9 txs — consistent with narrow honeypot"
0x32751a8b69d425b10ff9d366b2b1eca5af753ecc,base,Behavioral confirmation: bot 0x94bb24e50cc163c979c33ed18a588f18d132d5bb trapped in tx aa56a8de5bd95660a2ad3455effa6119e6,bytecode_pattern,0xec0e95b1bf9d0a1d0e24267aba2014c62dcfe1df,True,False,,,,,,,,,,,,,NEEDS_REVIEW,0,True,asym/-/-,0,0,,behavioral,0,NEEDS_REVIEW,,0,0,15,2,0.067,STILL_AMBIGUOUS,"interactors=2, tx=15, revert=6.7%, source_chars=0, verified=False"
0x4bc73f9cc7c7a84b5cf20e1469ad65f8b5448336,optimism,Behavioral confirmation: bot 0x5080064081fc8ea176384df3b93c8586c1a94c21 trapped in tx 52152abb0f52225b430014034028f94217,deployer_history,0x46db55ad42da6ba3c29a3c1522ebbf8e16960725,True,False,,,,,,,,,,,,,NEEDS_REVIEW,1,False,,0,0,,behavioral,0,NEEDS_REVIEW,,0,0,64,5,0.109,STILL_AMBIGUOUS,"interactors=5, tx=64, revert=10.9%, source_chars=0, verified=False"
0xaf995db3955419e9e2086fd02891580f8a025481,optimism,Behavioral confirmation: bot 0xb4ca5085c485e9392fbf29e0a9f7d2321f12376c trapped in tx 1a86805788e5e85d91748a195770cee447,deployer_history,0x46db55ad42da6ba3c29a3c1522ebbf8e16960725,True,False,,,,,,,,,,,,,NEEDS_REVIEW,1,False,,0,0,,behavioral,0,NEEDS_REVIEW,,0,0,34,4,0.029,STILL_AMBIGUOUS,"interactors=4, tx=34, revert=2.9%, source_chars=0, verified=False"
0xcf8fabb9e96088de90320f48d9faff65009a99db,arbitrum,Behavioral confirmation: bot 0xeabaad2fb8f2fcca04ce84ae177227f4dc7c881b trapped in tx b50850be77b8e1a4784cd1db334d661535,bytecode_pattern,0xd943214ecf438388ece5035855598010766aaac1,True,False,Apyee USDC Vault,,,,Apyee USDC Vault,apUSDC,ERC-20,4,,,,,NEEDS_REVIEW,0,False,,0,0,,behavioral,0,NEEDS_REVIEW,,0,0,196,3,0.005,STILL_AMBIGUOUS,"interactors=3, tx=196, revert=0.5%, source_chars=0, verified=False"
0x74f822d950aa5101ed8e91e3379a18a41b138657,optimism,Behavioral confirmation: bot 0xf8958e5d243762060ef482feb49f5f1fa6e87378 trapped in tx 8b8b6ace853de7a06d82e386fb30223f3c,bytecode_pattern,0x2d15f3c7458f4307b0f7c80a649eec8a83c28210,True,False,,,,,,,,,,,,,NEEDS_REVIEW,0,False,,0,0,,behavioral,0,NEEDS_REVIEW,,0,0,316,1,0.475,STILL_AMBIGUOUS,"interactors=1, tx=316, revert=47.5%, source_chars=0, verified=False"
0xd636dcb32df5f4f7f9bac84a6f6b05a92f9a3b1b,arbitrum,Behavioral confirmation: bot 0x869981574213fe29d86d4ba74b7ff43e184e70af trapped in tx 4d12cb1f4ca035591c9f5cd0a8643dc026,bytecode_pattern,0xa902479cab22abf7c2b3008b20919405a8c961da,True,False,,,,,,,,,,,,,NEEDS_REVIEW,0,True,asym/-/fee,0,0,,behavioral,0,NEEDS_REVIEW,,0,0,4333,65,0.099,LIKELY_FP_FROM_ACTIVITY,"diverse activity: 65 interactors, 4333 txs, 9.9% revert"
0x2f8bbca59fb2dfab99556c146d06b35ef591d475,base,Self-loop: deployer 0x8e38ed96b1bc66528273bf91640ce5ea19c86cbc called own contract in reverted tx at block 45699014 (BOT,deployer_history,0x8e38ed96b1bc66528273bf91640ce5ea19c86cbc,True,False,,,,,,,,,,,,,NEEDS_REVIEW,1,False,,0,0,,self_loop,0,NEEDS_REVIEW,,0,0,219,1,0.995,STILL_AMBIGUOUS,"interactors=1, tx=219, revert=99.5%, source_chars=0, verified=False"
0x8a6ebf125802d5bd14b6d7a995837bf5224445d0,arbitrum,Behavioral confirmation: bot 0xb656b71b4748ebfca119251837a858c2991ee456 trapped in tx df40a0c675c988a7510b70c6ced9c8d870,bytecode_pattern,0x2db5b8a97b77990cb619701c83f7f048656fcad1,True,False,,,,,,,,,,,,,NEEDS_REVIEW,1,True,-/-/-,0,0,,behavioral,0,NEEDS_REVIEW,,0,0,4,2,0.500,LIKELY_TP_FROM_LOW_ACTIVITY,"sparse activity: 2 interactors, 4 txs — consistent with narrow honeypot"
0x58f9d1c1ecb60b3e8c9548bd020562a06a4a9d6a,base,Behavioral confirmation: bot 0xacc4f457295b25381f2c7ca66985212b209fb23c trapped in tx 1759c19970089d254695b1de6f39bfdd9e,deployer_history,0x6249a8154e7fc8eb6ca86e6ac77564cf7dcbddd4,True,False,Colour League Red,,,,Colour League Red,COLRED,ERC-20,6,,,,,NEEDS_REVIEW,1,True,-/rev/-,0,0,,behavioral,0,NEEDS_REVIEW,,0,0,36,23,0.028,STILL_AMBIGUOUS,"interactors=23, tx=36, revert=2.8%, source_chars=0, verified=False"
0x6b5df69bd79faef13b755254953a13ba4d0fb94a,base,Behavioral confirmation: bot 0xaf333f56262dda5851c6586f6575627bd3ea56ac trapped in tx d857dbad98f2550afa2c8b1d84bd24b36c,deployer_history,0x6249a8154e7fc8eb6ca86e6ac77564cf7dcbddd4,True,False,,,,,,,,,,,,,NEEDS_REVIEW,1,False,,0,0,,behavioral,0,NEEDS_REVIEW,,0,0,101,42,0.040,STILL_AMBIGUOUS,"interactors=42, tx=101, revert=4.0%, source_chars=0, verified=False"
0x99878fbd96fb4fecdd784e3862f509d26f0dfa57,base,Behavioral confirmation: bot 0xc4210bfd73206c3208ae1f0854ee146ed8f1271b trapped in tx a724ec047e3257ed2b8d6bfefae7bb3e3e,bytecode_pattern,0xd1328d1a8b4957f75fed05f1c45a4b9829e94f01,True,True,EstateToken,,,,Estate,ESTATE,ERC-20,6,,,,,NEEDS_REVIEW,0,False,,0,0,,behavioral,0,STILL_NEEDS_REVIEW,,17589,0,3267,847,0.132,LIKELY_FP_FROM_ACTIVITY,"diverse activity: 847 interactors, 3267 txs, 13.2% revert"
0x6b06a2900a0b1c4d96cbafb0773b0c9b91c04fd8,base,Behavioral confirmation: bot 0x6fbd620bc2641238bad794f9402a88200d18dca5 trapped in tx f4ec12c560b3f2f09d8ffd548cb0b575d3,deployer_history,0xffaabcef9bde634127360c6b139c357748c0a223,True,False,,,,,,,,,,,,,NEEDS_REVIEW,1,False,,0,0,,behavioral,0,NEEDS_REVIEW,,0,0,123460,795,0.000,LIKELY_FP_FROM_ACTIVITY,"diverse activity: 795 interactors, 123460 txs, 0.0% revert"
0xb17ff2ae846696a43e3a36a470620560ded08093,base,Behavioral confirmation: bot 0x6fbd620bc2641238bad794f9402a88200d18dca5 trapped in tx b08f2ff010d27f4834013982e5287670b7,deployer_history,0xffaabcef9bde634127360c6b139c357748c0a223,True,False,,,,,,,,,,,,,NEEDS_REVIEW,1,False,,0,0,,behavioral,0,NEEDS_REVIEW,,0,0,17076,775,0.000,LIKELY_FP_FROM_ACTIVITY,"diverse activity: 775 interactors, 17076 txs, 0.0% revert"
0x9c81064fbb9eeb4f9db75405805fe3a2faee8fc5,base,Behavioral confirmation: bot 0x1fabcd716472b66816e885b1baf6b653784d8da1 trapped in tx d8e3dfd43ef25ae9c0a019d4c6d1583bb4,bytecode_pattern,0x2e00b8296c218112b7a67af22a5d0ffefe7cd45f,True,False,,,,,,,,,,,,,NEEDS_REVIEW,0,False,,0,0,,behavioral,0,NEEDS_REVIEW,,0,0,7,1,1.000,LIKELY_TP_FROM_LOW_ACTIVITY,"sparse activity: 1 interactors, 7 txs — consistent with narrow honeypot"
0xd416a3a15c8c44af24580cfeeec0bbd5880a2f2f,arbitrum,Behavioral confirmation: bot 0x16bffd02726ccb2c55c6a19a863349b1e44e23a9 trapped in tx c56f68b1952d48b4a0aac0727b6affa2f7,deployer_history,0x0fcb8d4c87345b5bed22f6cc150d823c847c861e,True,False,,,,,,,,,,,,,NEEDS_REVIEW,0,False,,0,0,,behavioral,0,NEEDS_REVIEW,,0,0,404,3,0.879,STILL_AMBIGUOUS,"interactors=3, tx=404, revert=87.9%, source_chars=0, verified=False"
0xa271d84d7fcfb07a77912353c4bd3fdfb4c0dd75,arbitrum,Behavioral confirmation: bot 0x93fe65a9662768a20791b313cb0057e189901111 trapped in tx 2dbd5d3c0590950421b8ce51ede4544f5b,bytecode_pattern,0xf9b615dd17d2461e8234701f19ed473909888888,True,False,,,,,,,,,,,,,NEEDS_REVIEW,0,False,,0,0,,behavioral,0,NEEDS_REVIEW,,0,0,223,5,0.762,LIKELY_TP_FROM_REVERT_PROFILE,"5 interactors, 76.2% revert rate — trap signature"
0xfaea6187138006fa4012b84410ee0ee8fdc56a5c,optimism,Behavioral confirmation: bot 0xd866b2332d4383c1bf719732177e2d9109c99dbc trapped in tx 30d525a2f2c727a2a5fd58711e8bc7e314,bytecode_pattern,0x34ad8d8c3e12b5a500fe983c43f2a0306dcf0ad1,True,False,,,,,,,,,,,,,NEEDS_REVIEW,0,False,,0,0,,behavioral,0,NEEDS_REVIEW,,0,0,10,5,0.100,STILL_AMBIGUOUS,"interactors=5, tx=10, revert=10.0%, source_chars=0, verified=False"
0xf3bcbe4ee118ecc57c17820a2f03f46a750ab319,base,Behavioral confirmation: bot 0x304839c29f389cf83bd2420bc169a11bd4128e7c trapped in tx ffec93e1ce8abb9cd9d7c2f6353622bf90,bytecode_pattern,0xc2d1b57f9551331538b4992b6b7a90d4c6c0c2e6,True,True,NationWars,,,,NationWars,NWARS,ERC-20,4,,,,,NEEDS_REVIEW,1,False,,0,0,,behavioral,0,STILL_NEEDS_REVIEW,ERC20-interface|OpenZeppelin-ERC20|OpenZeppelin-Ownable,259884,0,184,137,0.005,LIKELY_FP_FROM_SOURCE,"verified source matches: ERC20-interface, OpenZeppelin-ERC20, OpenZeppelin-Ownable"
0x2e82680509162148e10036317ab8a5cca2b638ec,base,Behavioral confirmation: bot 0x606dcbca5d2f72c034e9556ddee1702844bd1311 trapped in tx 5e32909e9805198b45e93cfacb656bc048,bytecode_pattern,0xe8c057cd3967dca016c78655079d2a5787894a6c,True,False,,,,,,,,,,,,,NEEDS_REVIEW,0,False,,0,0,,behavioral,0,NEEDS_REVIEW,,0,0,7,6,0.143,STILL_AMBIGUOUS,"interactors=6, tx=7, revert=14.3%, source_chars=0, verified=False"
0xcecaeda56f230ee35b289a97b831da1700e74dba,base,Behavioral confirmation: bot 0xdfde92c393b7eee20aceafe0383ba0bc87d804d9 trapped in tx a366e2218097517c1f3688617e294570c5,bytecode_pattern,0xc2d1b57f9551331538b4992b6b7a90d4c6c0c2e6,True,False,,,,,,,,,,,,,NEEDS_REVIEW,1,False,,0,0,,behavioral,0,NEEDS_REVIEW,,0,0,52,11,0.135,STILL_AMBIGUOUS,"interactors=11, tx=52, revert=13.5%, source_chars=0, verified=False"
0xc149c611197c31405bb74ffd60169eb2c5ae575c,base,Behavioral confirmation: bot 0x6fbd620bc2641238bad794f9402a88200d18dca5 trapped in tx 07bb174f4f987a34acd289056dea6cab98,bytecode_pattern,0x309f2c2e931866e69febacdee37a0ad1301d50a2,True,False,,,,,,,,,,,,,NEEDS_REVIEW,1,False,,0,0,,behavioral,0,NEEDS_REVIEW,,0,0,1857,2,0.997,STILL_AMBIGUOUS,"interactors=2, tx=1857, revert=99.7%, source_chars=0, verified=False"
0x5e6bb513ce4b7a22e96d427037e8276ec59dcba1,base,Behavioral confirmation: bot 0x3228b55fae7975d8c20cd83920f619147e8fefb3 trapped in tx beff0df5c27fff74864f6f92abf6c46286,bytecode_pattern,0xff530642b6b945f27ef486f7120e31ad017db890,True,False,,,,,,,,,,,,,NEEDS_REVIEW,0,False,,0,0,,behavioral,0,NEEDS_REVIEW,,0,0,17,14,0.235,STILL_AMBIGUOUS,"interactors=14, tx=17, revert=23.5%, source_chars=0, verified=False"
0xf0e75412c01fde8344f57e272329e30a3221ffc1,base,Behavioral confirmation: bot 0x712fb98782f3bed61d19a294832882b860ca9158 trapped in tx 7af76a3f443e4e7d15e38e36ec35e27968,deployer_history,0xd9007b55f1932e460b558b2e9eb6cbf8f0ea7792,True,True,ERC1967Proxy,,,,,,,,,,,,NEEDS_REVIEW,0,False,,0,0,,behavioral,0,NEEDS_REVIEW,,21779,0,369,2,0.003,STILL_AMBIGUOUS,"interactors=2, tx=369, revert=0.3%, source_chars=21779, verified=True"
0x7253808009f47eca77db3e7254f692df1a8c5ee5,base,Behavioral confirmation: bot 0x64f2d8f82be4e7fae541ae674900fc6a2dc847fd trapped in tx ce6a544fc9519de0f38397efc50c4fbfcb,bytecode_pattern,0xffea30b0dbdad460b9b6293fb51a059129fccdaf,True,True,CostanzaTokenAdapter,,,,,,,,,,,,NEEDS_REVIEW,0,False,,0,0,,behavioral,0,NEEDS_REVIEW,OpenZeppelin|OpenZeppelin-Ownable,121098,0,58,2,0.897,LIKELY_FP_FROM_SOURCE,"verified source matches: OpenZeppelin, OpenZeppelin-Ownable"
0x9613de2fd0c4dc44af796df6905137f88ae8992d,base,Self-loop: deployer 0x353317ea2e0331be404ef897069053bc10b46611 called own contract in reverted tx at block 45757966 (BOT,deployer_history,0x353317ea2e0331be404ef897069053bc10b46611,True,False,,,,,,,,,,,,,NEEDS_REVIEW,1,False,,0,0,,self_loop,0,NEEDS_REVIEW,,0,0,132747,47,0.034,STILL_AMBIGUOUS,"interactors=47, tx=132747, revert=3.4%, source_chars=0, verified=False"
0x347c8004840ec14fe8dc82ff1bb23c5d74c189d9,base,Behavioral confirmation: bot 0x6729261a3720a0d1ce344a712dc276cf1bf5fb08 trapped in tx 996f045a07e724244a3efd3c1cc96b05a9,deployer_history,0xed3325ea6e4641f330216a8722c639130a133167,True,True,SAFEToken,,,,JackCo,SAFE,ERC-20,0,,,,,NEEDS_REVIEW,0,True,-/-/-,0,0,,behavioral,0,STILL_NEEDS_REVIEW,ERC20-interface|OpenZeppelin|OpenZeppelin-ERC20,186166,0,4,1,0.250,LIKELY_FP_FROM_SOURCE,"verified source matches: ERC20-interface, OpenZeppelin, OpenZeppelin-ERC20"
0x267b92506a2184610ed05af6c5e4e0bfd32ac75a,base,Behavioral confirmation: bot 0x6739ee87497341b8bfef2f9fddfe21d2f850a336 trapped in tx a9b888bda1dece609a9e168e31c75fd588,bytecode_pattern,0x92beff26eb13714e83c674b0fd1e175c20e85617,True,False,,,,,,,,,,,,,NEEDS_REVIEW,0,False,,0,0,,behavioral,0,NEEDS_REVIEW,,0,0,11,3,0.545,STILL_AMBIGUOUS,"interactors=3, tx=11, revert=54.5%, source_chars=0, verified=False"
0xb3f47ff5457413e4aa7d6f01becf67c46f82f05f,base,Behavioral confirmation: bot 0x6fbd620bc2641238bad794f9402a88200d18dca5 trapped in tx ca2b96c8e53ba3b6885a0cdbc24765b8ca,bytecode_pattern,0xf047b952225bf90cf65b1c0915a8b42c3556bacd,True,False,,,,,,,,,,,,,NEEDS_REVIEW,0,False,,0,0,,behavioral,0,NEEDS_REVIEW,,0,0,3896,2,0.151,STILL_AMBIGUOUS,"interactors=2, tx=3896, revert=15.1%, source_chars=0, verified=False"
0xa68079da060e485501cf778de52b738919a43324,base,Behavioral confirmation: bot 0x7b54cdc398ed83f4e351f9c7d017c1944b6d41cb trapped in tx 2fd8b2c1c8cc24d00298c5083c778f2784,bytecode_pattern,0x72ed7949080a2c57bfe9788a7970fe39629fc6ca,True,False,UndercoverIRIS,,,,UndercoverIRIS,NEMI,ERC-20,4,,,,,NEEDS_REVIEW,0,False,,152,25,6.08,behavioral,0,NEEDS_REVIEW,,0,0,721,156,0.006,LIKELY_FP_FROM_ACTIVITY,"diverse activity: 156 interactors, 721 txs, 0.6% revert"
0x66e2e5199d4c4d2c3473d4ae432106a48f1269e6,base,Behavioral confirmation: bot 0x675a38b2a29376e1db300bba72f2fd5e2fd56dd6 trapped in tx ae1371d7aef41bd16a6092f3ab3cedda17,bytecode_pattern,0x5f808887bb752d2a676213b7fe8d3ac12d02a835,True,False,,,,,,,,,,,,,NEEDS_REVIEW,1,False,,0,0,,behavioral,0,NEEDS_REVIEW,,0,0,23,1,1.000,STILL_AMBIGUOUS,"interactors=1, tx=23, revert=100.0%, source_chars=0, verified=False"
0x5960e66f168b441f055e5bacedfd7ad612f87004,base,Behavioral confirmation: bot 0x675a38b2a29376e1db300bba72f2fd5e2fd56dd6 trapped in tx 0a995e7469b5fc2bb4f21238a3b7639e4e,deployer_history,0x4efca6454dc485d34dc9b4afe1b101a2fb16f417,True,True,Storage,,,,,,,,,,,,NEEDS_REVIEW,0,False,,0,0,,behavioral,0,NEEDS_REVIEW,,555,0,23,1,1.000,STILL_AMBIGUOUS,"interactors=1, tx=23, revert=100.0%, source_chars=555, verified=True"
0x8de87583787f2af10faeb57d9babd23318cb6672,base,Behavioral confirmation: bot 0x675a38b2a29376e1db300bba72f2fd5e2fd56dd6 trapped in tx 32c12fd2932731e2b334a24670ba97e798,bytecode_pattern,0xf52208b3c10dc83656eadf99109dc55c0132d941,True,False,Connex,,,,Connex,CONX,ERC-721,0,,,,,NEEDS_REVIEW,0,True,-/-/-,0,0,,behavioral,0,NEEDS_REVIEW,,0,0,23,1,1.000,STILL_AMBIGUOUS,"interactors=1, tx=23, revert=100.0%, source_chars=0, verified=False"
0x03f1ec788ec92f66d806c9807337c1b81a68db67,base,Behavioral confirmation: bot 0x675a38b2a29376e1db300bba72f2fd5e2fd56dd6 trapped in tx 5fe5717aeb3c32d0eb6a89321c3799ecfb,deployer_history,0xedfd76e9674b93584284d51c3ed47ed9ab86afb0,True,True,Storage,,,,,,,,,,,,NEEDS_REVIEW,0,False,,0,0,,behavioral,0,NEEDS_REVIEW,,555,0,22,1,1.000,STILL_AMBIGUOUS,"interactors=1, tx=22, revert=100.0%, source_chars=555, verified=True"
0x242f465169acebe2c014b8d895cc2e17cdf8cfc5,base,Behavioral confirmation: bot 0x675a38b2a29376e1db300bba72f2fd5e2fd56dd6 trapped in tx 05d3353e989596472ee06f3c5539f40752,bytecode_pattern,0x27e245c88efb77eeab1c9e6cb21e9818baa1f1e5,True,False,test69,,,,test69,test69,ERC-20,0,,,,,NEEDS_REVIEW,0,False,,0,0,,behavioral,0,NEEDS_REVIEW,,0,0,25,4,0.880,LIKELY_TP_FROM_REVERT_PROFILE,"4 interactors, 88.0% revert rate — trap signature"
0x478557c88785047ee844ecc6340312c489c79aea,base,Behavioral confirmation: bot 0x675a38b2a29376e1db300bba72f2fd5e2fd56dd6 trapped in tx 4bda64c6886a73e9baed8dbbb51829bfcd,bytecode_pattern,0x5f808887bb752d2a676213b7fe8d3ac12d02a835,True,False,,,,,,,,,,,,,NEEDS_REVIEW,1,False,,0,0,,behavioral,0,NEEDS_REVIEW,,0,0,3,1,1.000,LIKELY_TP_FROM_LOW_ACTIVITY,"sparse activity: 1 interactors, 3 txs — consistent with narrow honeypot"
0xd3028b06022bd4c357cdd41bb02f75c5b709a7b7,base,Behavioral confirmation: bot 0x675a38b2a29376e1db300bba72f2fd5e2fd56dd6 trapped in tx 1fcd0cbbb42547564aa0423aca58bcd3f2,deployer_history,0x8cc93fb57bb3313fd866f284ae7246927bd07c74,True,True,Storage,,,,,,,,,,,,NEEDS_REVIEW,0,False,,0,0,,behavioral,0,NEEDS_REVIEW,,555,0,4,1,1.000,LIKELY_TP_FROM_LOW_ACTIVITY,"sparse activity: 1 interactors, 4 txs — consistent with narrow honeypot"
0x4486738ec027f0776b25ac2f5e2744fce6f96e1e,base,Behavioral confirmation: bot 0x11952796edc9ec91090e459fde87bdcfc11e13ad trapped in tx 921f87838512173eac7fd2262760547f35,bytecode_pattern,0x23812ff0cddd7157c4760e3bb2d39f5f323a7d3c,True,False,,,,,,,,,,,,,NEEDS_REVIEW,0,False,,0,0,,behavioral,0,NEEDS_REVIEW,,0,0,16,3,0.062,STILL_AMBIGUOUS,"interactors=3, tx=16, revert=6.2%, source_chars=0, verified=False"
0x986a00e02011bcbc4a0ba1b8302796362859d7a8,base,Behavioral confirmation: bot 0x4cc5cf10e2bae6f6939161261e71b99906a90825 trapped in tx 953cbc770cd8884c33f19cdc6163c388d8,bytecode_pattern,0x2217484a7783f41c97b7ef39d77ba12cc4d63709,False,False,,,,,,,,,,,,,NEEDS_REVIEW,1,False,,0,0,,behavioral,0,NEEDS_REVIEW,,0,0,3,2,0.333,LIKELY_TP_FROM_LOW_ACTIVITY,"sparse activity: 2 interactors, 3 txs — consistent with narrow honeypot"
0xfe8e7e5b6a94d80d6c3dd6cdaad4646b2acdc800,base,Behavioral confirmation: bot 0xbddb720100614db1a29859fba09c59bb0a704966 trapped in tx 6affbcbe30348bac745074b36a5e0a0008,deployer_history,0xf7e398985b304bc45724df1259adabdb76145729,True,False,,,,,,,,,,,,,NEEDS_REVIEW,0,False,,0,0,,behavioral,0,NEEDS_REVIEW,,0,0,36,7,0.028,STILL_AMBIGUOUS,"interactors=7, tx=36, revert=2.8%, source_chars=0, verified=False"
0xf768d7d152b40e061ce616a37575a3524136c81e,base,Behavioral confirmation: bot 0xbfa1776bf0470e46d80e0c1df454ed5f4f34ca24 trapped in tx e5669aca7f8e7c98bc3e00831c8e366afb,bytecode_pattern,0x20473d1ac15f3a2f47ab084cbaf45f5a8cb3d46d,True,False,Portal,,,,Portal,PORAL,ERC-20,7,,,,,NEEDS_REVIEW,0,False,,127,28,4.54,behavioral,0,NEEDS_REVIEW,,0,0,1735,131,0.006,LIKELY_FP_FROM_ACTIVITY,"diverse activity: 131 interactors, 1735 txs, 0.6% revert"
0x7dd7c9094113850de054598c8a408001d93e403a,base,Behavioral confirmation: bot 0xbccbe8af1d71d05f6ea1d9be0e957cad7b487b8f trapped in tx 6611d1f9d9ae5aa949ef445f621895e915,bytecode_pattern,0xef8bb99a4d22fb048c798e614863c39966898532,True,False,,,,,,,,,,,,,NEEDS_REVIEW,0,False,,0,0,,behavioral,0,NEEDS_REVIEW,,0,0,32,1,0.062,STILL_AMBIGUOUS,"interactors=1, tx=32, revert=6.2%, source_chars=0, verified=False"
0x781d63006b588de060673d92fba400d00d361ea5,base,Behavioral confirmation: bot 0x762c25e26601390464a4e2e380fa7be47039463c trapped in tx c11d766c086fbb221c49b95be808415e40,deployer_history,0xd68c3a909a1e8e589c5d88ee82c2f416201f8154,True,True,LaunchpadRouter,,,,,,,,,,,,NEEDS_REVIEW,0,False,,0,0,,behavioral,0,NEEDS_REVIEW,Solady|Solmate,71110,0,198,83,0.005,LIKELY_FP_FROM_SOURCE,"verified source matches: Solady, Solmate"
0xf251a99791f60ddaa1c22f8259545394b3a51509,base,Behavioral confirmation: bot 0xcfe9805ec155d4f165b5e56e4f0744ea1524bcfc trapped in tx 60bf729e4ba5083373c2ccea400463bb56,deployer_history,0x42af7b2453cdbfdf51a1ce4238b514f5128cfbfe,True,False,,,,,,,,,,,,,NEEDS_REVIEW,0,False,,0,0,,behavioral,0,NEEDS_REVIEW,,0,0,9,2,0.111,LIKELY_TP_FROM_LOW_ACTIVITY,"sparse activity: 2 interactors, 9 txs — consistent with narrow honeypot"
0x897953a9a9e6243d229bd77d2a0f4401cce6680c,base,Behavioral confirmation: bot 0x927ed8e5bec3662d9aece501d525e12c73bf591e trapped in tx 6ff24433927b85ef5332f71bcec610ccc8,deployer_history,0xa963d3a412365467cc8202f1eea065594fd1aaeb,True,False,,,,,,,,,,,,,NEEDS_REVIEW,0,False,,0,0,,behavioral,0,NEEDS_REVIEW,,0,0,16,4,0.125,STILL_AMBIGUOUS,"interactors=4, tx=16, revert=12.5%, source_chars=0, verified=False"
0x6ca4a8ffd21e068a7ed73464f89ba88bd58a4e0f,base,Behavioral confirmation: bot 0xe4522602f1e47157da977ce0d93895aedd32a157 trapped in tx b3497732a49cdbd3279d8b0116b2abf32f,bytecode_pattern,0xd53b3eba0c516ee067316439cf3b10c2945017aa,True,False,,,,,,,,,,,,,NEEDS_REVIEW,0,False,,0,0,,behavioral,0,NEEDS_REVIEW,,0,0,2155,3,1.000,STILL_AMBIGUOUS,"interactors=3, tx=2155, revert=100.0%, source_chars=0, verified=False"
0xc8da26025fe78f23cd008a05023549c196459e8e,base,Behavioral confirmation: bot 0xf13baf04eca0e0cbbdf844c1b095fa6871c92023 trapped in tx 000da2234353b8cc47abd599e1698b09cb,bytecode_pattern,0xd4d0c2d83cef1587196be67961415c27361f9a16,True,True,Bpeg,,,,Bpeg,BPEG,ERC-20,7,,,,,NEEDS_REVIEW,0,False,,211,2,105.50,behavioral,0,BUG_19B_SUSPECT,OpenZeppelin|Solmate,140567,0,381,240,0.010,PHASE_E_INVESTIGATE,"Residual from-matching bug — not auto-classified, needs Phase E"
0xaf91f83535d0328ec64fb0c5d057f180b29214e9,arbitrum,Behavioral confirmation: bot 0x41f2a403cd15b1a38366f765096ba4f8d5f86718 trapped in tx 74ba0318d063123fc375ed46737f6affa6,bytecode_pattern,0x675f17ada39a69beaf63f9054fa749e6eab7731e,True,False,,,,,,,,,,,,,NEEDS_REVIEW,0,False,,0,0,,behavioral,0,NEEDS_REVIEW,,0,0,11,1,0.091,STILL_AMBIGUOUS,"interactors=1, tx=11, revert=9.1%, source_chars=0, verified=False"
0x065a6f0f1afb67e1f31a89a605a2577705c5af10,base,Behavioral confirmation: bot 0x5f8d0f86bfdac8c1828b4a9bb5326fca4534be26 trapped in tx b219da93ba0fe99dcc986b5f496197ca60,deployer_history,0x09d207d732f6c0e81e4cdafc1f2021f5e494ce57,True,False,,,,,,,,,,,,,NEEDS_REVIEW,1,False,,0,0,,behavioral,0,NEEDS_REVIEW,,0,0,10,1,0.100,LIKELY_TP_FROM_LOW_ACTIVITY,"sparse activity: 1 interactors, 10 txs — consistent with narrow honeypot"
0x8ff0ca52c6c736b6054b4a92bfcade36ce94ce9a,base,Behavioral confirmation: bot 0x261f20b651abc90360431fc0060b14d96e4d4d18 trapped in tx f3e1a4e27e0f8a46abf53c549c3c874149,bytecode_pattern,0x318edb04d21cc721d99f4feb73fdb234d509586b,True,False,,,,,,,,,,,,,NEEDS_REVIEW,0,False,,0,0,,behavioral,0,NEEDS_REVIEW,,0,0,2443,4,0.620,STILL_AMBIGUOUS,"interactors=4, tx=2443, revert=62.0%, source_chars=0, verified=False"
0xf7530edbb3eca9b10882f05e56dc1de7de881731,base,Behavioral confirmation: bot 0x6fbd620bc2641238bad794f9402a88200d18dca5 trapped in tx 56f6c69b315ffcc7bb91681dab2a8f289c,bytecode_pattern,0x2592c9dfa175f137e2b965ab0a00fd76be668d62,True,False,,,,,,,,,,,,,NEEDS_REVIEW,0,True,asym/-/-,0,0,,behavioral,0,NEEDS_REVIEW,,0,0,10,8,0.100,STILL_AMBIGUOUS,"interactors=8, tx=10, revert=10.0%, source_chars=0, verified=False"
0x2abc7659f070057cb2f9631d0f53b90dd0a6455b,base,Behavioral confirmation: bot 0x688c94487884be5205407ed98b82b50445ed023d trapped in tx b075f7ee8dca8cac6cf93b1b61b5c4db36,bytecode_pattern,0x98566299a9d52a40b0648deddde450acf22d47e3,True,False,,,,,,,,,,,,,NEEDS_REVIEW,0,False,,0,0,,behavioral,0,NEEDS_REVIEW,,0,0,2476,3,0.719,STILL_AMBIGUOUS,"interactors=3, tx=2476, revert=71.9%, source_chars=0, verified=False"
0x14e7fbb92339899e53be52bf4492802d65b343ba,base,Behavioral confirmation: bot 0x9b3405f78585d61f0b9ed72529ee620d6715dc9c trapped in tx ceff78ad64986b8f19d700d358653bd96f,bytecode_pattern,0xbef2469cdfd6bd19b26e691c525c15c7d29cb4ce,True,False,,,,,,,,,,,,,NEEDS_REVIEW,0,False,,0,0,,behavioral,0,NEEDS_REVIEW,,0,0,537,3,0.004,STILL_AMBIGUOUS,"interactors=3, tx=537, revert=0.4%, source_chars=0, verified=False"
0x8d9a0b3dfccf00d55451cc765696ba7c97375435,base,Behavioral confirmation: bot 0xa92a9553a73c4e3146e886af287b43fc8a74d009 trapped in tx 4cb3600831d45bdfc647f40cda0b7f1725,bytecode_pattern,0x1379b3ec64c54fbb3aa9f89f22322de0253ae1f0,True,False,,,,,,,,,,,,,NEEDS_REVIEW,0,False,,0,0,,behavioral,0,NEEDS_REVIEW,,0,0,1636,3,0.641,STILL_AMBIGUOUS,"interactors=3, tx=1636, revert=64.1%, source_chars=0, verified=False"
0xf2f9097b56ce36dbb0e16e1bd16afeea801df644,base,Behavioral confirmation: bot 0x9ede392283457c310a1ee42270c5d751975a6db2 trapped in tx 03b6654c00d899a477fad28fdcfb595d28,bytecode_pattern,0xf5edbfa898b26577a5e946c28ed75e746468d673,True,False,,,,,,,,,,,,,NEEDS_REVIEW,0,False,,0,0,,behavioral,0,NEEDS_REVIEW,,0,0,686,3,0.063,STILL_AMBIGUOUS,"interactors=3, tx=686, revert=6.3%, source_chars=0, verified=False"
0x359c6981f660d363e6741baef1bda23773706729,optimism,Behavioral confirmation: bot 0xd46acba18e4f3c8b8b6c501df1a6b05609a642bd trapped in tx ea56ec3cd16747a55fd7acdbc2807fc772,bytecode_pattern,0xc5e529a6a0eb4e4555aaff2b1c3426914e2dbdd4,True,True,AccessControlledOffchainAggregator,,,,,,,,,,,,NEEDS_REVIEW,1,False,,0,0,,behavioral,0,NEEDS_REVIEW,,71734,0,7,4,0.143,STILL_AMBIGUOUS,"interactors=4, tx=7, revert=14.3%, source_chars=71734, verified=True"
0xa969cf9c4b9f276bad5c3f2f4794f8e6be793c11,arbitrum,Behavioral confirmation: bot 0x8b05f283f46f757959e87239922d78e108bbbf2c trapped in tx 9d45559488f2eb11083aad234be32cf3fb,deployer_history,0xd660fa35cd16f768e41c8e09729e39385b51f55c,True,False,,,,,,,,,,,,,NEEDS_REVIEW,1,False,,0,0,,behavioral,0,NEEDS_REVIEW,,0,0,5,2,0.200,LIKELY_TP_FROM_LOW_ACTIVITY,"sparse activity: 2 interactors, 5 txs — consistent with narrow honeypot"
0xb935b1a58ce86b674f9b938c1da28423e023741b,base,Behavioral confirmation: bot 0x2846b194765336c0a4649daf80d94766a13c7803 trapped in tx 14d0603ec65fac542dc2bed907befc411b,bytecode_pattern,0x2217484a7783f41c97b7ef39d77ba12cc4d63709,True,True,WinStake,,,,,,,,,,,,NEEDS_REVIEW,1,False,,0,0,,behavioral,0,NEEDS_REVIEW,ERC20-interface|OpenZeppelin|OpenZeppelin-ERC20|OpenZeppelin-Ownable,63473,0,689,109,0.096,LIKELY_FP_FROM_SOURCE,"verified source matches: ERC20-interface, OpenZeppelin, OpenZeppelin-ERC20, OpenZeppelin-Ownable"
0xf986c902f4a0adf24115886dd0baa315c250af10,optimism,Behavioral confirmation: bot 0x1e3073a1de4c856c3bf77d5064fe67f59ec79c01 trapped in tx a84b30871523484163e62d23fe88d70ae1,bytecode_pattern,0x2e7f8ff3f52f04dd3fbceed2b734bd3cdfd5f7f5,True,False,,,,,,,,,,,,,NEEDS_REVIEW,0,False,,0,0,,behavioral,0,NEEDS_REVIEW,,0,0,4988,6,0.024,STILL_AMBIGUOUS,"interactors=6, tx=4988, revert=2.4%, source_chars=0, verified=False"
0xbf8766cb657d306bd3fc1d482cbeb422b7530584,base,Behavioral confirmation: bot 0xbbe8e731627fae1d5a5d9f3111673d0990c34099 trapped in tx 682ea3a1bd692936b6790fedfd991d59a0,bytecode_pattern,0x6e66b001a69ed7346aba9f072daf9caee475562d,False,False,,,,,,,,,,,,,NEEDS_REVIEW,0,False,,0,0,,behavioral,0,NEEDS_REVIEW,,0,0,75,2,1.000,STILL_AMBIGUOUS,"interactors=2, tx=75, revert=100.0%, source_chars=0, verified=False"
0xcf72770698ad4d500173d90fc2fe61ce9ab201be,base,Behavioral confirmation: bot 0xd43fe73d4d754e78dda0a5e6b2d365297456cd79 trapped in tx 647cc0a826619f8fc7f388ba652119351b,bytecode_pattern,0x819413beee3c7cb5c11ce8693c01ee1f860903e7,True,True,BBASE,,,,BetBase,BBASE,ERC-20,0,,,,,NEEDS_REVIEW,0,False,,31,1,31.00,behavioral,0,BUG_19B_SUSPECT,ERC20-interface,28737,0,44,33,0.023,PHASE_E_INVESTIGATE,"Residual from-matching bug — not auto-classified, needs Phase E"
0x2e8b6bcb9e2dad7ba021d065657b30b436df2923,base,Behavioral confirmation: bot 0x01720d1bdfb479bb61eaab1d620fab459ed8512e trapped in tx d9378528267cf6a6aba77ed99feb970b7f,bytecode_pattern,0x3a450253e7df69a097ca73539431c594c846383d,True,False,,,,,,,,,,,,,NEEDS_REVIEW,0,False,,0,0,,behavioral,0,NEEDS_REVIEW,,0,0,5,2,0.200,LIKELY_TP_FROM_LOW_ACTIVITY,"sparse activity: 2 interactors, 5 txs — consistent with narrow honeypot"
0x509a1367677e41fda93f5802678858a2a0cf8557,base,Behavioral confirmation: bot 0x663862d6f4c84088b77ff6a38a6e2d7b37411d2f trapped in tx ae55899963c05414de076f0244161f5e9c,bytecode_pattern,0xaa8b618d63c1b9b2c1ab84453bee3f8e792c4375,True,False,,,,,,,,,,,,,NEEDS_REVIEW,0,False,,0,0,,behavioral,0,NEEDS_REVIEW,,0,0,5,1,1.000,LIKELY_TP_FROM_LOW_ACTIVITY,"sparse activity: 1 interactors, 5 txs — consistent with narrow honeypot"
0x2e647cec24f16d138dc2a0c84b9126d0d2bbbbf0,base,Behavioral confirmation: bot 0x0bf6043c70036dc1e4763e258b456d0dd1a2d5d0 trapped in tx 0107f24db18651b8413ff378850523aba2,bytecode_pattern,0x663862d6f4c84088b77ff6a38a6e2d7b37411d2f,True,False,,,,,,,,,,,,,NEEDS_REVIEW,0,False,,0,0,,behavioral,0,NEEDS_REVIEW,,0,0,214,5,0.014,STILL_AMBIGUOUS,"interactors=5, tx=214, revert=1.4%, source_chars=0, verified=False"
0xe8991da54621178ffbb1287e3391df05e2291bd2,base,Behavioral confirmation: bot 0xad80e545b845eb7885f810fd2def9db57719cf33 trapped in tx 418f89e615852cef5f569ad818c3558e1f,deployer_history,0xaf84e80c9f9b58d1014ac6f14f98f2242251a7eb,True,False,,,,,,,,,,,,,NEEDS_REVIEW,0,False,,0,0,,behavioral,0,NEEDS_REVIEW,,0,0,47,29,0.255,STILL_AMBIGUOUS,"interactors=29, tx=47, revert=25.5%, source_chars=0, verified=False"
0xf330a618d4a42a3d138ccbe3c1a4b8b02fd22183,base,Behavioral confirmation: bot 0x625159a9a7054fdfb9d8aebae53603c7254bfa15 trapped in tx efd2099ef3cce74d24dcf14496a11e7197,deployer_history,0x603f333c3fee534e2dea12673e8b505512c7536c,False,False,,,,,,,,,,,,,NEEDS_REVIEW,1,False,,0,0,,behavioral,0,NEEDS_REVIEW,,0,0,4,2,0.750,LIKELY_TP_FROM_LOW_ACTIVITY,"sparse activity: 2 interactors, 4 txs — consistent with narrow honeypot"
0x73970dbd1c4eced5a6a8d2cfb3783df0b50c5cf2,base,Behavioral confirmation: bot 0x640f66bcdb9c843559740e6e839c4e47d379a656 trapped in tx 206b030bf68c3bdb3440f633b9217b721d,bytecode_pattern,0x63d735cbfdf76db8d5f90a382c3fec0829c639bb,False,False,nGRND Runes,,,,nGRND Runes,RNS,ERC-721,8,,,,,NEEDS_REVIEW,0,True,asym/rev/fee,0,0,,behavioral,0,NEEDS_REVIEW,,0,0,8,6,0.250,STILL_AMBIGUOUS,"interactors=6, tx=8, revert=25.0%, source_chars=0, verified=False"
0x93420b12ae8cf26c008923333986a4a60b08505a,base,Behavioral confirmation: bot 0x625159a9a7054fdfb9d8aebae53603c7254bfa15 trapped in tx 2a7bb99bdaceb4aa82fd883981dce4695f,deployer_history,0x603f333c3fee534e2dea12673e8b505512c7536c,False,False,,,,,,,,,,,,,NEEDS_REVIEW,1,False,,0,0,,behavioral,0,NEEDS_REVIEW,,0,0,2,2,0.500,LIKELY_TP_FROM_LOW_ACTIVITY,"sparse activity: 2 interactors, 2 txs — consistent with narrow honeypot"
0x135ce990b1e60f07970e49fae4a2dfd2aa6b9bbe,base,Behavioral confirmation: bot 0x03bceef23df4b16eb7cf3c1cd1af549064897ddb trapped in tx 556759e8c235e11f070dda7ba81fa8e889,bytecode_pattern,0x0ea0e2b19678664f718ff27cd450f5b13383ff52,False,False,Bitmine Immersion Technologies (Derivatives),,,,Bitmine Immersion Technologies (Derivatives),BMNR,ERC-20,22,,,,,NEEDS_REVIEW,0,True,asym/-/-,0,0,,behavioral,0,NEEDS_REVIEW,,0,0,6,3,0.167,LIKELY_TP_FROM_LOW_ACTIVITY,"sparse activity: 3 interactors, 6 txs — consistent with narrow honeypot"
0x3bee729955fffa10f5ba7c420241ebd8a10adb8a,base,Behavioral confirmation: bot 0x5eb8de8fb313dbf6c5d071f8f210f992ce8e0cff trapped in tx 94ecafa5be92a2126c919c5fbc4f2a5e1c,bytecode_pattern,0x05eb4798f168bc90deb4dd201f064870cf93f791,False,False,,,,,,,,,,,,,NEEDS_REVIEW,0,False,,0,0,,behavioral,0,NEEDS_REVIEW,,0,0,1095,126,0.966,STILL_AMBIGUOUS,"interactors=126, tx=1095, revert=96.6%, source_chars=0, verified=False"
0x16d1a8639e62ae72ff2e114267c98b94e93e8aa1,base,Behavioral confirmation: bot 0xf9555236dea7940a21c0f271fa2b004af06b0fca trapped in tx 14e0716e8ca6b979a1da2cc6cccc6962af,deployer_history,0x86a602534ff489263c5a9df04c745666c3279007,False,False,Smart Vault USDC,,,,Smart Vault USDC,svUSDC,ERC-20,2,,,,,NEEDS_REVIEW,0,False,,0,0,,behavioral,0,NEEDS_REVIEW,,0,0,6,3,0.333,LIKELY_TP_FROM_LOW_ACTIVITY,"sparse activity: 3 interactors, 6 txs — consistent with narrow honeypot"
0x79035445ab723db2dfc9efc80ccea89110d90915,base,Behavioral confirmation: bot 0xa3ed920cfbea20dffc9f248276737dc945c0a31c trapped in tx 87ad7694373600deaefdd9a42e3d15e155,deployer_history,0xa24d2af7b9d58579225800b32111d71fb34643c9,True,False,,,,,,,,,,,,,NEEDS_REVIEW,1,False,,0,0,,behavioral,0,NEEDS_REVIEW,,0,0,95189,22,0.000,STILL_AMBIGUOUS,"interactors=22, tx=95189, revert=0.0%, source_chars=0, verified=False"
0xf0ee82ad419d5e4e96281667ccbf91795630b9f8,base,Behavioral confirmation: bot 0xd9626cf00c1809041bac02659b129497103a5390 trapped in tx e15477cbbc530d4c1d5f866e7ffab76947,bytecode_pattern,0x3cc4cbf225f9ad302e199e94b7b031edc5cb25d6,True,False,,,,,,,,,,,,,NEEDS_REVIEW,0,False,,0,0,,behavioral,0,NEEDS_REVIEW,,0,0,194,2,0.923,STILL_AMBIGUOUS,"interactors=2, tx=194, revert=92.3%, source_chars=0, verified=False"
0xbe45a3c83f7467b0f7b1b4dfe574ed1cbab4eb23,base,Self-loop: deployer 0x309f2c2e931866e69febacdee37a0ad1301d50a2 called own contract in reverted tx at block 46066928 (BOT,bytecode_pattern,0x309f2c2e931866e69febacdee37a0ad1301d50a2,False,False,,,,,,,,,,,,,NEEDS_REVIEW,1,False,,0,0,,self_loop,0,NEEDS_REVIEW,,0,0,254,1,0.874,STILL_AMBIGUOUS,"interactors=1, tx=254, revert=87.4%, source_chars=0, verified=False"
